unique_id,cutoff,target_start,target_end,online_source,online_series_step,u_hat,score_pi_width,score_resid_scale,score_err_var,window_smape,q,reject_meta_model,accept_meta_model,reject_pi_width,accept_pi_width,reject_resid_scale,accept_resid_scale,reject_err_var,accept_err_var,reject_random_q,accept_random_q,reject_oracle_q,accept_oracle_q
ID41,1906-12-31,1907-03-31,1907-12-31,holdout_evaluation,1,0.858301028987243,73432.67411995027,0.06525368927510944,11910.601687878536,0.7388051421721632,0.3,True,False,True,False,True,False,True,False,False,True,True,False
ID41,1907-12-31,1908-03-31,1908-12-31,holdout_evaluation,2,0.8587055017771809,71942.97493734589,0.13050737855021888,10121.66460948901,0.4428022311431078,0.3,True,False,True,False,True,False,True,False,False,True,True,False
ID41,1908-12-31,1909-03-31,1909-12-31,holdout_evaluation,3,0.8777495403963985,23842.05503431508,0.13547219202322214,8496.434244511614,0.8657828178666436,0.3,True,False,True,False,True,False,True,False,False,True,True,False
ID36,1909-12-31,1910-03-31,1910-12-31,holdout_evaluation,1,0.7914765223563437,102.26989667160795,0.023922014611469644,22.167162210499875,0.09141732238077734,0.3,True,False,False,True,True,False,False,True,False,True,False,True
ID41,1909-12-31,1910-03-31,1910-12-31,holdout_evaluation,4,0.7760968631894645,69427.09702099104,0.1774816101496185,9531.434435028765,0.6409321771224801,0.3,True,False,True,False,True,False,True,False,False,True,True,False
ID35,1910-12-31,1911-03-31,1911-12-31,holdout_evaluation,1,0.5573571349071579,384.21355245096885,0.013780910402152673,239.13451577629093,0.0796815791043049,0.3,False,True,True,False,True,False,True,False,True,False,False,True
ID36,1910-12-31,1911-03-31,1911-12-31,holdout_evaluation,2,0.7682863394331028,104.67246945153926,0.02502161520932207,20.181034298736844,0.21177888556074204,0.3,True,False,False,True,True,False,False,True,False,True,True,False
ID41,1910-12-31,1911-03-31,1911-12-31,holdout_evaluation,5,0.751352622167917,81768.38050005698,0.2104060857463696,8795.754749542048,0.729589585022712,0.3,True,False,True,False,True,False,True,False,True,False,True,False
ID35,1911-12-31,1912-03-31,1912-12-31,holdout_evaluation,2,0.5940331323450929,1865.5053208088125,0.013780910402152673,257.1657448900885,0.08719916638704288,0.3,False,True,True,False,True,False,True,False,False,True,False,True
ID36,1911-12-31,1912-03-31,1912-12-31,holdout_evaluation,3,0.7893093911138902,128.32245788945548,0.02502161520932207,21.054538869346437,0.19196327506277822,0.3,True,False,True,False,True,False,False,True,False,True,True,False
ID41,1911-12-31,1912-03-31,1912-12-31,holdout_evaluation,6,0.8821828745591715,89826.25278420368,0.1923301594646437,7583.866145001342,0.4405586872267941,0.3,True,False,True,False,True,False,True,False,False,True,True,False
ID35,1912-12-31,1913-03-31,1913-12-31,holdout_evaluation,3,0.58129435441176,4296.314652932472,0.015679897876637525,283.4337509076263,0.05479066038639807,0.3,False,True,True,False,True,False,True,False,False,True,False,True
ID36,1912-12-31,1913-03-31,1913-12-31,holdout_evaluation,4,0.8563126115566283,110.99338652494697,0.026688413847103187,20.950132113120354,0.07879210435840783,0.3,True,False,False,True,True,False,False,True,True,False,False,True
ID35,1913-12-31,1914-03-31,1914-12-31,holdout_evaluation,4,0.6317231662739135,889.779102442334,0.016204253000322404,298.0209908374588,0.05038539770169155,0.3,True,False,True,False,True,False,True,False,False,True,False,True
ID36,1913-12-31,1914-03-31,1914-12-31,holdout_evaluation,5,0.7482031082728415,59.89271165930392,0.03934482015648227,21.07075661685217,0.16391939409235573,0.3,True,False,False,True,True,False,False,True,True,False,True,False
ID35,1914-12-31,1915-03-31,1915-12-31,holdout_evaluation,5,0.5823686697553724,2143.7304171859278,0.020657671177428075,273.49164392183604,0.031223561593767726,0.3,False,True,True,False,True,False,True,False,False,True,False,True
ID36,1914-12-31,1915-03-31,1915-12-31,holdout_evaluation,6,0.768521754612838,165.98263206627126,0.03761657003162136,21.88829875636935,0.24890704560347804,0.3,True,False,True,False,True,False,False,True,False,True,True,False
ID35,1915-12-31,1916-03-31,1916-12-31,holdout_evaluation,6,0.584391072125708,3992.809786144826,0.01994401260356067,263.70509415530256,0.04420548584600133,0.3,False,True,True,False,True,False,True,False,True,False,False,True
ID36,1915-12-31,1916-03-31,1916-12-31,holdout_evaluation,7,0.8396077306457819,140.32803284959297,0.03602105021094926,24.485417697943216,0.1039805436463354,0.3,True,False,True,False,True,False,False,True,False,True,True,False
ID35,1916-12-31,1917-03-31,1917-12-31,holdout_evaluation,7,0.6982299602516548,2585.886464601781,0.017876603103678064,281.0437354544685,0.011542323571503456,0.3,True,False,True,False,True,False,True,False,True,False,False,True
ID36,1916-12-31,1917-03-31,1917-12-31,holdout_evaluation,8,0.8387794883904214,105.36778626440942,0.05389917095720332,23.120434973728155,0.20510513123427399,0.3,True,False,False,True,True,False,False,True,True,False,True,False
ID35,1917-12-31,1918-03-31,1918-12-31,holdout_evaluation,8,0.62960808925951,4134.327234131428,0.020864820334107338,270.4236118105793,0.024833762300184508,0.3,True,False,True,False,True,False,True,False,False,True,False,True
ID36,1917-12-31,1918-03-31,1918-12-31,holdout_evaluation,9,0.8455401819659419,120.46900031659099,0.052401631004543064,25.249638360124283,0.25891948042051366,0.3,True,False,True,False,True,False,False,True,True,False,True,False
ID35,1918-12-31,1919-03-31,1919-12-31,holdout_evaluation,9,0.712924900053608,3734.265015031977,0.01926677982687032,275.9991107658221,0.09568867169329179,0.3,True,False,True,False,True,False,True,False,False,True,False,True
ID36,1918-12-31,1919-03-31,1919-12-31,holdout_evaluation,10,0.8265686425816969,263.20343239442093,0.042493825755561154,28.710755869871342,0.21213917555728462,0.3,True,False,True,False,True,False,True,False,True,False,True,False
ID35,1919-12-31,1920-03-31,1920-12-31,holdout_evaluation,10,0.5500802391616352,5301.816775492555,0.01926677982687032,369.96541737508306,0.16298829197342296,0.3,False,True,True,False,True,False,True,False,False,True,True,False
ID36,1919-12-31,1920-03-31,1920-12-31,holdout_evaluation,11,0.7151456788902444,166.0823762453009,0.042493825755561154,29.367226589847974,0.38313419212708366,0.3,True,False,True,False,True,False,True,False,True,False,True,False
ID35,1920-12-31,1921-03-31,1921-12-31,holdout_evaluation,11,0.49375337528020474,11760.436445493953,0.01926677982687032,751.4796497610021,0.04956437745348371,0.3,False,True,True,False,True,False,True,False,True,False,False,True
ID36,1920-12-31,1921-03-31,1921-12-31,holdout_evaluation,12,0.8353559273338588,179.7981383457794,0.047500043164078964,36.47971642972255,0.23372284468487414,0.3,True,False,True,False,True,False,True,False,False,True,True,False
ID35,1921-12-31,1922-03-31,1922-12-31,holdout_evaluation,12,0.559574201377752,6143.613390841241,0.018856269702766396,775.1490836838998,0.02453508733771302,0.3,False,True,True,False,True,False,True,False,True,False,False,True
ID175,1967-09-30,1967-12-31,1968-09-30,holdout_evaluation,1,0.5904056108006804,77.08773428572755,0.12684192305296715,10.53621817098688,0.232324751972039,0.3,False,True,False,True,True,False,False,True,False,True,True,False
ID50,1967-09-30,1967-12-31,1968-09-30,holdout_evaluation,1,0.6275387104519452,39.962243261782426,0.007333572437502801,12.714229464659248,0.08347956682345292,0.3,True,False,False,True,False,True,False,True,False,True,False,True
ID175,1968-09-30,1968-12-31,1969-09-30,holdout_evaluation,2,0.7376767922012215,167.23169471911464,0.11843672182136611,9.496946198366178,0.035518128649008926,0.3,True,False,True,False,True,False,False,True,True,False,False,True
ID50,1968-09-30,1968-12-31,1969-09-30,holdout_evaluation,2,0.4530289321964901,76.58048414338346,0.014667144875005603,11.144147684807976,0.09247918251638368,0.3,False,True,False,True,True,False,False,True,False,True,False,True
ID175,1969-09-30,1969-12-31,1970-09-30,holdout_evaluation,3,0.5323480116769284,39.63205767615543,0.12684192305296715,7.888465748357967,0.21424028028026715,0.3,False,True,False,True,True,False,False,True,False,True,True,False
ID47,1969-09-30,1969-12-31,1970-09-30,holdout_evaluation,1,0.7734675731979779,46.51383408104486,0.022793358214357122,14.25803809266695,0.048182050286297184,0.3,True,False,False,True,True,False,False,True,True,False,False,True
ID48,1969-09-30,1969-12-31,1970-09-30,holdout_evaluation,1,0.6206970370149941,13.258050192172474,0.02164822476903055,8.950883837443238,0.0825479801057563,0.3,True,False,False,True,True,False,False,True,False,True,False,True
ID49,1969-09-30,1969-12-31,1970-09-30,holdout_evaluation,1,0.7161816209101357,13.699057172514214,0.011024181638935537,4.618979235881404,0.0861829817699509,0.3,True,False,False,True,False,True,False,True,True,False,False,True
ID50,1969-09-30,1969-12-31,1970-09-30,holdout_evaluation,3,0.5742957644505942,44.653863272531616,0.013686029739515007,11.349337064763649,0.08748808269694097,0.3,False,True,False,True,False,True,False,True,True,False,False,True
ID88,1969-09-30,1969-12-31,1970-09-30,holdout_evaluation,1,0.7066253028695935,3.958791134915378,0.007532111804408697,5.797650288137885,0.011974077245284934,0.3,True,False,False,True,False,True,False,True,False,True,False,True
ID175,1970-09-30,1970-12-31,1971-09-30,holdout_evaluation,4,0.3859990982629641,51.85918450332735,0.10035225012959426,7.449023136908188,0.43109332173669657,0.3,False,True,False,True,True,False,False,True,True,False,True,False
ID47,1970-09-30,1970-12-31,1971-09-30,holdout_evaluation,2,0.7229817057021299,31.88142878198692,0.022172848143567292,9.719743434125098,0.03999762012278507,0.3,True,False,False,True,True,False,False,True,False,True,False,True
ID48,1970-09-30,1970-12-31,1971-09-30,holdout_evaluation,2,0.5713509256113447,21.21932778918536,0.006793246934873334,7.65556378450586,0.02395497717795563,0.3,False,True,False,True,False,True,False,True,True,False,False,True
ID49,1970-09-30,1970-12-31,1971-09-30,holdout_evaluation,2,0.7475261866034322,21.645796519516747,0.022048363277871075,3.1581120839576866,0.2281019326515017,0.3,True,False,False,True,True,False,False,True,False,True,True,False
ID50,1970-09-30,1970-12-31,1971-09-30,holdout_evaluation,4,0.6055227423494858,54.705507880416334,0.008999615692930757,11.09481247097958,0.2570656973955103,0.3,False,True,False,True,False,True,False,True,True,False,True,False
ID88,1970-09-30,1970-12-31,1971-09-30,holdout_evaluation,2,0.7580445042179718,12.610434547115,0.015064223608817394,3.744176012335455,0.03512818385504507,0.3,True,False,False,True,True,False,False,True,False,True,False,True
ID175,1971-09-30,1971-12-31,1972-09-30,holdout_evaluation,5,0.527025616554083,122.14277545531999,0.13820680181115333,7.572800103064471,0.3032413207340282,0.3,False,True,True,False,True,False,False,True,True,False,True,False
ID47,1971-09-30,1971-12-31,1972-09-30,holdout_evaluation,3,0.703260860784501,16.137514132876568,0.015178639153539702,7.399906825011382,0.02601336485861747,0.3,True,False,False,True,True,False,False,True,False,True,False,True
ID48,1971-09-30,1971-12-31,1972-09-30,holdout_evaluation,3,0.610924465023057,18.564986901849462,0.025044848236467222,5.81119600310623,0.016962813477719257,0.3,False,True,False,True,True,False,False,True,False,True,False,True
ID49,1971-09-30,1971-12-31,1972-09-30,holdout_evaluation,3,0.7311188689931069,9.709540559544484,0.030162553567780803,3.12444342576063,0.08810673304420802,0.3,True,False,False,True,True,False,False,True,True,False,False,True
ID50,1971-09-30,1971-12-31,1972-09-30,holdout_evaluation,5,0.5353299767588918,132.790685515525,0.013686029739515,14.837143102143024,0.024384213197273172,0.3,False,True,True,False,False,True,False,True,False,True,False,True
ID88,1971-09-30,1971-12-31,1972-09-30,holdout_evaluation,3,0.76808212792249,8.864951565667967,0.008003165861801529,3.318285640518412,0.01703997181272408,0.3,True,False,False,True,False,True,False,True,True,False,False,True
ID175,1972-09-30,1972-12-31,1973-09-30,holdout_evaluation,6,0.719144604340715,55.583529564236144,0.09571100529832827,6.861790065052506,0.07840894986391977,0.3,True,False,False,True,True,False,False,True,True,False,False,True
ID51,1973-09-30,1973-12-31,1974-09-30,holdout_evaluation,1,0.7997445592613255,7.551553548260262,0.08799839748901872,3.577397529751085,0.16064672388824527,0.3,True,False,False,True,True,False,False,True,False,True,True,False
ID52,1973-09-30,1973-12-31,1974-09-30,holdout_evaluation,1,0.7222567015990269,5.528171859647459,0.09414149828843094,6.048701732758029,0.20510198007660224,0.3,True,False,False,True,True,False,False,True,False,True,True,False
ID53,1973-09-30,1973-12-31,1974-09-30,holdout_evaluation,1,0.6320866668138451,10.67053917311279,0.02821745078882182,9.530030409977796,0.06352051916355557,0.3,True,False,False,True,True,False,False,True,True,False,False,True
ID54,1973-09-30,1973-12-31,1974-09-30,holdout_evaluation,1,0.5380995734202636,7.705862028877913,0.0020997195827717786,5.13917097496511,0.0596915172663973,0.3,False,True,False,True,False,True,False,True,True,False,False,True
ID121,1974-09-30,1974-12-31,1975-09-30,holdout_evaluation,1,0.7556548973961026,6.807971412865639,0.0008541714547820323,2.963006336661302,0.1192995522315686,0.3,True,False,False,True,False,True,False,True,True,False,True,False
ID122,1974-09-30,1974-12-31,1975-09-30,holdout_evaluation,1,0.08843851976367345,94.62827546431637,0.001990077288747078,5.8172225435574125,0.013620303014262746,0.3,False,True,False,True,False,True,False,True,False,True,False,True
ID123,1974-09-30,1974-12-31,1975-09-30,holdout_evaluation,1,0.3009406097922302,1.5352893895559587,0.01123452118985685,3.8128103302792984,0.010583482113099887,0.3,False,True,False,True,False,True,False,True,False,True,False,True
ID124,1974-09-30,1974-12-31,1975-09-30,holdout_evaluation,1,0.649390430100883,1.8315948104969395,0.0020034474096482964,1.7959935114725574,0.018207982192616788,0.3,True,False,False,True,False,True,False,True,True,False,False,True
ID125,1974-09-30,1974-12-31,1975-09-30,holdout_evaluation,1,0.7274791674775118,4.134433819311224,0.005933696475943509,3.2837129559902927,0.14690043217143614,0.3,True,False,False,True,False,True,False,True,False,True,True,False
ID132,1974-09-30,1974-12-31,1975-09-30,holdout_evaluation,1,0.17933626995850505,1128.7949166320507,0.008604414055555981,857.1463611477204,0.00285738721408574,0.3,False,True,True,False,False,True,True,False,True,False,False,True
ID133,1974-09-30,1974-12-31,1975-09-30,holdout_evaluation,1,0.26447963674847685,1464.3827138882655,0.00457377178802011,417.98904170673114,0.005668024556751125,0.3,False,True,True,False,False,True,True,False,True,False,False,True
ID135,1974-09-30,1974-12-31,1975-09-30,holdout_evaluation,1,0.6968333846276589,40.02285271654928,0.007755908683403104,23.074917953022602,0.14041495420516742,0.3,True,False,False,True,False,True,False,True,True,False,True,False
ID136,1974-09-30,1974-12-31,1975-09-30,holdout_evaluation,1,0.5658590445985736,3.413568969109707,0.0028198640494310513,3.020289002501746,0.007123532271768464,0.3,False,True,False,True,False,True,False,True,False,True,False,True
ID146,1974-09-30,1974-12-31,1975-09-30,holdout_evaluation,1,0.5658590445985736,3.413568969109707,0.0028198640494310513,3.020289002501746,0.007123532271768464,0.3,False,True,False,True,False,True,False,True,False,True,False,True
ID147,1974-09-30,1974-12-31,1975-09-30,holdout_evaluation,1,0.33794780921586826,6.607325675663022,0.01249876214438925,3.039193760673491,0.0111145663035326,0.3,False,True,False,True,False,True,False,True,False,True,False,True
ID148,1974-09-30,1974-12-31,1975-09-30,holdout_evaluation,1,0.3651916162804988,12.343328758829077,0.002617587647848491,3.1099604872464606,0.01265556322167304,0.3,False,True,False,True,False,True,False,True,False,True,False,True
ID149,1974-09-30,1974-12-31,1975-09-30,holdout_evaluation,1,0.2725972847776562,1.9659177018816272,0.014328877212593873,3.820060663235032,0.008167714317999931,0.3,False,True,False,True,True,False,False,True,False,True,False,True
ID150,1974-09-30,1974-12-31,1975-09-30,holdout_evaluation,1,0.3955202565623236,68.5679157003833,0.013005916670999266,3.755150590921458,0.020305870115255194,0.3,False,True,False,True,False,True,False,True,False,True,False,True
ID151,1974-09-30,1974-12-31,1975-09-30,holdout_evaluation,1,0.4210592284326705,4.687371751166685,0.00466840674866534,3.433004798258011,0.005613636868061475,0.3,False,True,False,True,False,True,False,True,True,False,False,True
ID152,1974-09-30,1974-12-31,1975-09-30,holdout_evaluation,1,0.7212519822968568,4.021949969555884,0.08136114609652328,3.8721912646594268,0.7070780816768811,0.3,True,False,False,True,True,False,False,True,False,True,True,False
ID153,1974-09-30,1974-12-31,1975-09-30,holdout_evaluation,1,0.713112510739564,8.277964251182068,0.00508109926997094,3.3374382360255876,0.5053286894223975,0.3,True,False,False,True,False,True,False,True,False,True,True,False
ID162,1974-09-30,1974-12-31,1975-09-30,holdout_evaluation,1,0.7936948880036565,7.936509064860266,0.0011464512021727609,3.7760204637203163,0.02167348136482213,0.3,True,False,False,True,False,True,False,True,True,False,False,True
ID163,1974-09-30,1974-12-31,1975-09-30,holdout_evaluation,1,0.7586559348699247,14.259324217066991,0.022803533646158718,7.015221800845282,0.040028765473031386,0.3,True,False,False,True,True,False,False,True,False,True,False,True
ID178,1974-09-30,1974-12-31,1975-09-30,holdout_evaluation,1,0.8134368918997473,3.159757286254616,0.01876198902591221,3.3089978471430626,0.13312688017124627,0.3,True,False,False,True,True,False,False,True,True,False,True,False
ID179,1974-09-30,1974-12-31,1975-09-30,holdout_evaluation,1,0.7173849102370878,4.349754785911603,0.09456360629588262,4.187277898897468,0.5740242638375352,0.3,True,False,False,True,True,False,False,True,False,True,True,False
ID180,1974-09-30,1974-12-31,1975-09-30,holdout_evaluation,1,0.5831762767446821,7.923901132324676,0.0007426713532736329,12.601796737911014,0.06207596316212121,0.3,False,True,False,True,False,True,False,True,False,True,False,True
ID181,1974-09-30,1974-12-31,1975-09-30,holdout_evaluation,1,0.6716879655238978,9.30819404516407,0.1010027203366885,4.237015579906588,0.9014489606847215,0.3,True,False,False,True,True,False,False,True,False,True,True,False
ID182,1974-09-30,1974-12-31,1975-09-30,holdout_evaluation,1,0.3736778885327918,248.2639873432013,0.005426487287614155,120.42533986190605,0.006961137795097392,0.3,False,True,True,False,False,True,True,False,False,True,False,True
ID183,1974-09-30,1974-12-31,1975-09-30,holdout_evaluation,1,0.8419121399116672,0.0,0.00042879163241882345,3.9021328751021485,1.110090740539091,0.3,True,False,False,True,False,True,False,True,False,True,True,False
ID184,1974-09-30,1974-12-31,1975-09-30,holdout_evaluation,1,0.6526062882206073,12.561618876198096,0.0909005930391957,6.443618254538571,0.15210358303107843,0.3,True,False,False,True,True,False,False,True,False,True,True,False
ID185,1974-09-30,1974-12-31,1975-09-30,holdout_evaluation,1,0.6226375025803528,19.199075122883574,0.002911091001497154,9.523396317189626,0.007437959517870355,0.3,True,False,False,True,False,True,False,True,True,False,False,True
ID186,1974-09-30,1974-12-31,1975-09-30,holdout_evaluation,1,0.3723862009001674,3.5082877996480066,0.0036940137331090157,6.819994038282324,0.0018098380622703165,0.3,False,True,False,True,False,True,False,True,False,True,False,True
ID187,1974-09-30,1974-12-31,1975-09-30,holdout_evaluation,1,0.6771735367465346,5.385917640264749,0.02777014119264032,3.7737576368526056,0.2679092803930688,0.3,True,False,False,True,True,False,False,True,False,True,True,False
ID188,1974-09-30,1974-12-31,1975-09-30,holdout_evaluation,1,0.7209233690617727,8.038052488270257,0.055752193031535446,4.543486743774331,0.31109055051851925,0.3,True,False,False,True,True,False,False,True,True,False,True,False
ID189,1974-09-30,1974-12-31,1975-09-30,holdout_evaluation,1,0.5407620352609896,3.1981523397965907,0.0050137140857318754,2.7197790592563176,0.01860197244892262,0.3,False,True,False,True,False,True,False,True,True,False,False,True
ID51,1974-09-30,1974-12-31,1975-09-30,holdout_evaluation,2,0.7246950111400148,5.034552201292633,0.08341496488198441,2.8872165771158262,0.15195870179807047,0.3,True,False,False,True,True,False,False,True,False,True,True,False
ID52,1974-09-30,1974-12-31,1975-09-30,holdout_evaluation,2,0.7030646277325846,11.915856123893597,0.0850370422301307,4.561174577807038,0.06247223735231873,0.3,True,False,False,True,True,False,False,True,False,True,False,True
ID53,1974-09-30,1974-12-31,1975-09-30,holdout_evaluation,2,0.6687324450691416,8.643501833782087,0.05643490157764364,6.236358017743805,0.10971263024517879,0.3,True,False,False,True,True,False,False,True,False,True,True,False
ID54,1974-09-30,1974-12-31,1975-09-30,holdout_evaluation,2,0.5955333477644884,7.583671165702031,0.004199439165543557,4.206513779118929,0.04292624683658177,0.3,False,True,False,True,False,True,False,True,False,True,False,True
ID121,1975-09-30,1975-12-31,1976-09-30,holdout_evaluation,2,0.8359222927604874,12.67387784438477,0.0017083429095640645,2.2116156828905025,0.12860563621863863,0.3,True,False,False,True,False,True,False,True,False,True,True,False
ID122,1975-09-30,1975-12-31,1976-09-30,holdout_evaluation,2,0.2772363725458842,138.64358842605571,0.003980154577494156,6.468973245140909,0.02841196929489538,0.3,False,True,True,False,False,True,False,True,False,True,False,True
ID123,1975-09-30,1975-12-31,1976-09-30,holdout_evaluation,2,0.27203260740172075,1.5377349214549119,0.002064320965865488,2.546469695925168,0.017025980711620668,0.3,False,True,False,True,False,True,False,True,False,True,False,True
ID124,1975-09-30,1975-12-31,1976-09-30,holdout_evaluation,2,0.7629649550752435,5.857381138345093,0.004006894819296593,1.2447192641126352,0.09466881739216232,0.3,True,False,False,True,False,True,False,True,False,True,False,True
ID125,1975-09-30,1975-12-31,1976-09-30,holdout_evaluation,2,0.7187696668993511,6.614886541378445,0.011867392951887018,2.3795195975848333,0.1193066370944901,0.3,True,False,False,True,False,True,False,True,False,True,True,False
ID132,1975-09-30,1975-12-31,1976-09-30,holdout_evaluation,2,0.42239188757978524,2011.4459820608724,0.007230598987642297,545.4017626692051,0.01838853435517956,0.3,False,True,True,False,False,True,True,False,False,True,False,True
ID133,1975-09-30,1975-12-31,1976-09-30,holdout_evaluation,2,0.3957136135492613,953.9666492182384,0.0025302318362694608,275.2891869320467,0.007615792815233149,0.3,False,True,True,False,False,True,True,False,True,False,False,True
ID135,1975-09-30,1975-12-31,1976-09-30,holdout_evaluation,2,0.6673159354540439,601.7159553582037,0.015511817366806208,26.068643555981403,0.11741180830081982,0.3,True,False,True,False,True,False,False,True,True,False,True,False
ID136,1975-09-30,1975-12-31,1976-09-30,holdout_evaluation,2,0.432387693516987,5.038237791291469,0.005639728098862103,1.9971040644851334,0.026601613975240208,0.3,False,True,False,True,False,True,False,True,False,True,False,True
ID146,1975-09-30,1975-12-31,1976-09-30,holdout_evaluation,2,0.432387693516987,5.038237791291469,0.005639728098862103,1.9971040644851334,0.026601613975240208,0.3,False,True,False,True,False,True,False,True,False,True,False,True
ID147,1975-09-30,1975-12-31,1976-09-30,holdout_evaluation,2,0.26952117268445774,8.94347185776434,0.005189823944762639,2.08177065593807,0.011600576452028574,0.3,False,True,False,True,False,True,False,True,True,False,False,True
ID148,1975-09-30,1975-12-31,1976-09-30,holdout_evaluation,2,0.28550608623790347,18.23955864929775,0.005235175295696982,2.164530191307354,0.012110187193122318,0.3,False,True,False,True,False,True,False,True,False,True,False,True
ID149,1975-09-30,1975-12-31,1976-09-30,holdout_evaluation,2,0.25269456721901784,5.505822032976508,0.00029606116283337376,2.4800398497148515,0.033558805738891154,0.3,False,True,False,True,False,True,False,True,False,True,False,True
ID150,1975-09-30,1975-12-31,1976-09-30,holdout_evaluation,2,0.27495368317945384,84.20314976201064,0.00831380121968263,2.724786273284944,0.012933434681752677,0.3,False,True,False,True,False,True,False,True,False,True,False,True
ID151,1975-09-30,1975-12-31,1976-09-30,holdout_evaluation,2,0.3811959341908984,7.332480255687025,0.00933681349733068,2.201031702321028,0.008081505520963156,0.3,False,True,False,True,False,True,False,True,False,True,False,True
ID152,1975-09-30,1975-12-31,1976-09-30,holdout_evaluation,2,0.7347351990610083,7.763752004913579,0.08514620510357729,2.860282509225365,0.7181714851814531,0.3,True,False,False,True,True,False,False,True,True,False,True,False
ID153,1975-09-30,1975-12-31,1976-09-30,holdout_evaluation,2,0.7486506410140971,5.32405348627212,0.01016219853994188,2.7072682901890333,0.4680502569940068,0.3,True,False,False,True,False,True,False,True,False,True,True,False
ID162,1975-09-30,1975-12-31,1976-09-30,holdout_evaluation,2,0.7698350279401696,10.396321914805997,0.0022929024043455218,2.900003068695446,0.03253318800623308,0.3,True,False,False,True,False,True,False,True,True,False,False,True
ID163,1975-09-30,1975-12-31,1976-09-30,holdout_evaluation,2,0.7561912948749643,16.677569796797076,0.018307719097793388,5.317324707894563,0.029818141815257545,0.3,True,False,False,True,True,False,False,True,True,False,False,True
ID178,1975-09-30,1975-12-31,1976-09-30,holdout_evaluation,2,0.8277366273543993,6.183317236353206,0.01516325340678773,2.592463617903121,0.10851578896514963,0.3,True,False,False,True,True,False,False,True,False,True,True,False
ID179,1975-09-30,1975-12-31,1976-09-30,holdout_evaluation,2,0.7138993047929986,8.998082108308079,0.06301886899124831,3.228701369787331,0.6298301327999616,0.3,True,False,False,True,True,False,False,True,False,True,True,False
ID180,1975-09-30,1975-12-31,1976-09-30,holdout_evaluation,2,0.4325195528669833,55.96032469516908,0.0014853427065472657,12.739324448425009,0.12360460075568525,0.3,False,True,False,True,False,True,False,True,False,True,True,False
ID181,1975-09-30,1975-12-31,1976-09-30,holdout_evaluation,2,0.6710673978592747,7.702504668306173,0.07687398197373208,3.0865951122170414,0.9297504807477388,0.3,True,False,False,True,True,False,False,True,False,True,True,False
ID182,1975-09-30,1975-12-31,1976-09-30,holdout_evaluation,2,0.4615623588613237,269.41113640798017,0.0026588292457452025,86.40290113597774,0.0018006599211253065,0.3,False,True,True,False,False,True,True,False,True,False,False,True
ID183,1975-09-30,1975-12-31,1976-09-30,holdout_evaluation,2,0.8738930883612148,0.0,0.0008575832648376469,3.0220398737065395,1.108044908204898,0.3,True,False,False,True,False,True,False,True,False,True,True,False
ID184,1975-09-30,1975-12-31,1976-09-30,holdout_evaluation,2,0.6458895217871322,11.67720592150166,0.07555399147008032,4.540553802664488,0.057990442194482905,0.3,True,False,False,True,True,False,False,True,True,False,False,True
ID185,1975-09-30,1975-12-31,1976-09-30,holdout_evaluation,2,0.6985561436199698,17.24351624971691,0.005822182002994308,6.060560821653854,0.08053219418133842,0.3,True,False,False,True,False,True,False,True,False,True,False,True
ID186,1975-09-30,1975-12-31,1976-09-30,holdout_evaluation,2,0.4404148885165378,12.323870803047457,0.007388027466218031,4.343638291562993,0.0030166143012311285,0.3,False,True,False,True,False,True,False,True,False,True,False,True
ID187,1975-09-30,1975-12-31,1976-09-30,holdout_evaluation,2,0.6669697951496281,8.761768105929102,0.04416811427940032,3.448950575259127,0.2899353571846609,0.3,True,False,False,True,True,False,False,True,False,True,True,False
ID188,1975-09-30,1975-12-31,1976-09-30,holdout_evaluation,2,0.7273245067053639,8.857813717777985,0.11150438606307089,3.077052849929069,0.304940638118871,0.3,True,False,False,True,True,False,False,True,False,True,True,False
ID189,1975-09-30,1975-12-31,1976-09-30,holdout_evaluation,2,0.517874808064341,4.000494764369599,0.010027428171463751,1.8482763835679061,0.016217832149645985,0.3,False,True,False,True,False,True,False,True,False,True,False,True
ID44,1975-09-30,1975-12-31,1976-09-30,holdout_evaluation,1,0.6417009858998463,17.445342386916245,0.041048914364842745,7.008411001094036,0.05228004762706956,0.3,True,False,False,True,True,False,False,True,True,False,False,True
ID45,1975-09-30,1975-12-31,1976-09-30,holdout_evaluation,1,0.8311673479148076,4.44590423167548,0.03879629325174505,4.1824786745347735,1.0910188191542747,0.3,True,False,False,True,True,False,False,True,False,True,True,False
ID51,1975-09-30,1975-12-31,1976-09-30,holdout_evaluation,3,0.6509611868811895,16.457767790937883,0.046051493486079606,2.56319271269785,0.1330318478864052,0.3,True,False,False,True,True,False,False,True,False,True,True,False
ID52,1975-09-30,1975-12-31,1976-09-30,holdout_evaluation,3,0.7417811988945282,16.023711459960516,0.07131487136214176,3.582789909758487,0.13108684930216097,0.3,True,False,False,True,True,False,False,True,False,True,True,False
ID53,1975-09-30,1975-12-31,1976-09-30,holdout_evaluation,3,0.5538750703440445,25.62843144586705,0.029429015017781425,5.428915464070908,0.04845104825863713,0.3,False,True,False,True,True,False,False,True,False,True,False,True
ID54,1975-09-30,1975-12-31,1976-09-30,holdout_evaluation,3,0.7515731213779449,13.036536481006838,0.0020997195827717786,3.5553661533795458,0.030135066534453487,0.3,True,False,False,True,False,True,False,True,False,True,False,True
ID103,1976-09-30,1976-12-31,1977-09-30,holdout_evaluation,1,0.6186582221478842,12.395644728486808,0.00951875412574659,4.792608590615657,0.036095787488923094,0.3,True,False,False,True,False,True,False,True,False,True,False,True
ID121,1976-09-30,1976-12-31,1977-09-30,holdout_evaluation,3,0.6787642214502638,11.985553793768256,0.011498694801822334,1.8978482777642232,0.09770960737782945,0.3,True,False,False,True,False,True,False,True,False,True,False,True
ID122,1976-09-30,1976-12-31,1977-09-30,holdout_evaluation,3,0.12163716474873953,138.28974180673856,0.004429216927939662,10.474690524173887,0.0123507740763238,0.3,False,True,True,False,False,True,False,True,False,True,False,True
ID123,1976-09-30,1976-12-31,1977-09-30,holdout_evaluation,3,0.32606724753173133,7.694303249949456,0.0042534097821931354,2.1788740028716447,0.02306020003835381,0.3,False,True,False,True,False,True,False,True,False,True,False,True
ID124,1976-09-30,1976-12-31,1977-09-30,holdout_evaluation,3,0.5139451271268121,11.556725356602113,0.010666801117042692,2.177408978527995,0.05176729052845598,0.3,False,True,False,True,False,True,False,True,True,False,False,True
ID125,1976-09-30,1976-12-31,1977-09-30,holdout_evaluation,3,0.7322961366132406,7.671459461109259,0.037964223279276746,1.9239493978828304,0.11250917309961919,0.3,True,False,False,True,True,False,False,True,False,True,True,False
ID132,1976-09-30,1976-12-31,1977-09-30,holdout_evaluation,3,0.32041245801855034,2371.0305114441976,0.0077655735705469105,492.2232319440008,0.004380443719216215,0.3,False,True,True,False,False,True,True,False,False,True,False,True
ID133,1976-09-30,1976-12-31,1977-09-30,holdout_evaluation,3,0.14247815561353222,872.9192592708227,0.0012651159181347304,218.41211903128243,0.011341080857099027,0.3,False,True,True,False,False,True,True,False,False,True,False,True
ID135,1976-09-30,1976-12-31,1977-09-30,holdout_evaluation,3,0.5342639508353426,292.93473740044897,0.022852850159535282,24.3400108388003,0.05463812170561593,0.3,False,True,True,False,True,False,False,True,True,False,False,True
ID136,1976-09-30,1976-12-31,1977-09-30,holdout_evaluation,3,0.49553518907905697,10.910977892007566,0.00537752215702624,2.148966141477791,0.010704981510070183,0.3,False,True,False,True,False,True,False,True,False,True,False,True
ID146,1976-09-30,1976-12-31,1977-09-30,holdout_evaluation,3,0.49553518907905697,10.910977892007566,0.00537752215702624,2.148966141477791,0.011078937015452461,0.3,False,True,False,True,False,True,False,True,False,True,False,True
ID147,1976-09-30,1976-12-31,1977-09-30,holdout_evaluation,3,0.3152282678250158,7.795755704995077,0.002837917046629307,1.6742540298591593,0.005346732761096125,0.3,False,True,False,True,False,True,False,True,False,True,False,True
ID148,1976-09-30,1976-12-31,1977-09-30,holdout_evaluation,3,0.2989456769881579,21.726976602248968,0.004114176335338579,1.8369856749638356,0.010242126740285807,0.3,False,True,False,True,False,True,False,True,False,True,False,True
ID149,1976-09-30,1976-12-31,1977-09-30,holdout_evaluation,3,0.3063922960863674,11.311609863666748,0.012695545710445611,2.8866396160150383,0.03924484991321066,0.3,False,True,False,True,False,True,False,True,True,False,False,True
ID150,1976-09-30,1976-12-31,1977-09-30,holdout_evaluation,3,0.3510271830791899,77.07076961429738,0.004156900609841316,2.104967874366812,0.03070658640825827,0.3,False,True,False,True,False,True,False,True,False,True,False,True
ID151,1976-09-30,1976-12-31,1977-09-30,holdout_evaluation,3,0.4266318473809616,7.435159329866461,0.005941344183631747,1.6694401786454136,0.01036256480011808,0.3,False,True,False,True,False,True,False,True,True,False,False,True
ID152,1976-09-30,1976-12-31,1977-09-30,holdout_evaluation,3,0.75767673892181,6.248134455617129,0.0425731025517887,2.3944563883810197,0.6985431188185629,0.3,True,False,False,True,True,False,False,True,True,False,True,False
ID153,1976-09-30,1976-12-31,1977-09-30,holdout_evaluation,3,0.7618317416474665,9.756888571664216,0.01085293550178909,2.2949930052304572,0.4721181911869401,0.3,True,False,False,True,False,True,False,True,False,True,True,False
ID162,1976-09-30,1976-12-31,1977-09-30,holdout_evaluation,3,0.7502966423637336,9.64557533404435,0.0030026879702039107,2.87129508246573,0.03528712772086729,0.3,True,False,False,True,False,True,False,True,False,True,False,True
ID163,1976-09-30,1976-12-31,1977-09-30,holdout_evaluation,3,0.75411009456906,20.226359905002603,0.009153859548896696,4.274433802830682,0.033718329782589325,0.3,True,False,False,True,False,True,False,True,False,True,False,True
ID178,1976-09-30,1976-12-31,1977-09-30,holdout_evaluation,3,0.7821123499957534,9.135571496434657,0.01230554560304832,2.1240036123520505,0.10224275182340321,0.3,True,False,False,True,False,True,False,True,False,True,False,True
ID179,1976-09-30,1976-12-31,1977-09-30,holdout_evaluation,3,0.7495938420636549,10.343133968429823,0.031509434495624156,2.72705060558541,0.7017047151232425,0.3,True,False,False,True,True,False,False,True,False,True,True,False
ID180,1976-09-30,1976-12-31,1977-09-30,holdout_evaluation,3,0.5545123622639808,172.76102497926325,0.013533837153957926,22.928737552953926,0.10969431351960413,0.3,False,True,True,False,False,True,False,True,False,True,True,False
ID181,1976-09-30,1976-12-31,1977-09-30,holdout_evaluation,3,0.7465373737445617,7.525643632163389,0.03843699098686604,2.552372705631201,0.9573604576587563,0.3,True,False,False,True,True,False,False,True,False,True,True,False
ID182,1976-09-30,1976-12-31,1977-09-30,holdout_evaluation,3,0.42243544283162293,805.0562019399172,0.0025802389369860425,63.723790058370504,0.019955833664023672,0.3,False,True,True,False,False,True,True,False,False,True,False,True
ID183,1976-09-30,1976-12-31,1977-09-30,holdout_evaluation,3,0.9252598796121623,2884496.006251567,0.0023686690337383354,2.555812978843588,1.1131905711146997,0.3,True,False,True,False,False,True,False,True,True,False,True,False
ID184,1976-09-30,1976-12-31,1977-09-30,holdout_evaluation,3,0.6721562446874522,11.180934988905095,0.04705657041829776,3.45060387921798,0.15405975970248098,0.3,True,False,False,True,True,False,False,True,False,True,True,False
ID185,1976-09-30,1976-12-31,1977-09-30,holdout_evaluation,3,0.5832783048174713,20.794631613458314,0.01865156512406226,7.269070429521409,0.1642931175276585,0.3,False,True,False,True,True,False,False,True,False,True,True,False
ID186,1976-09-30,1976-12-31,1977-09-30,holdout_evaluation,3,0.36079262670450996,10.468794207826832,0.004043301722692909,3.2179373648210703,0.0023994469780477977,0.3,False,True,False,True,False,True,False,True,False,True,False,True
ID187,1976-09-30,1976-12-31,1977-09-30,holdout_evaluation,3,0.6648630083720553,7.324347736593397,0.033097095535496196,2.9368783706598243,0.3538466778868916,0.3,True,False,False,True,True,False,False,True,False,True,True,False
ID188,1976-09-30,1976-12-31,1977-09-30,holdout_evaluation,3,0.7341323230106496,10.118285987637272,0.12471647966324945,2.4752144854303917,0.22275838309595075,0.3,True,False,False,True,True,False,False,True,False,True,True,False
ID189,1976-09-30,1976-12-31,1977-09-30,holdout_evaluation,3,0.4175635300088442,6.3669417517298665,0.010868097719308249,1.4244532326379717,0.039005281671828027,0.3,False,True,False,True,False,True,False,True,False,True,False,True
ID44,1976-09-30,1976-12-31,1977-09-30,holdout_evaluation,2,0.6105704787238337,27.24643586831642,0.027269274042602328,5.283416055189389,0.05980786861398963,0.3,False,True,False,True,True,False,False,True,True,False,False,True
ID45,1976-09-30,1976-12-31,1977-09-30,holdout_evaluation,2,0.6605790895773761,18.448958713713285,0.0775925865034901,3.1251978653108603,0.7968371540386585,0.3,True,False,False,True,True,False,False,True,False,True,True,False
ID51,1976-09-30,1976-12-31,1977-09-30,holdout_evaluation,4,0.6978748897643012,22.39958319003258,0.018926853911665265,2.403103797713028,0.139787680013437,0.3,True,False,False,True,True,False,False,True,False,True,True,False
ID52,1976-09-30,1976-12-31,1977-09-30,holdout_evaluation,4,0.6729161036007989,31.81491636964246,0.06861461194984224,3.2003645083068624,0.1476997453750768,0.3,True,False,False,True,True,False,False,True,False,True,True,False
ID53,1976-09-30,1976-12-31,1977-09-30,holdout_evaluation,4,0.6476283267173382,31.286441877219307,0.046192111081623216,4.557573777161499,0.048253586208707844,0.3,True,False,False,True,True,False,False,True,False,True,False,True
ID54,1976-09-30,1976-12-31,1977-09-30,holdout_evaluation,4,0.8590734572027187,13.698071460128258,0.0038199984448758217,3.105485691032195,0.02118815380292436,0.3,True,False,False,True,False,True,False,True,True,False,False,True
ID84,1976-09-30,1976-12-31,1977-09-30,holdout_evaluation,1,0.6443488774378133,18.411459777713308,0.02417352478245926,10.074367403894627,0.033060922002384405,0.3,True,False,False,True,True,False,False,True,False,True,False,True
ID86,1976-09-30,1976-12-31,1977-09-30,holdout_evaluation,1,0.6507584393794363,269.89640566042755,0.11225281623002478,51.136750639666076,0.06556060540360184,0.3,True,False,True,False,True,False,True,False,False,True,False,True
ID103,1977-09-30,1977-12-31,1978-09-30,holdout_evaluation,2,0.631878009153586,17.58593656660944,0.0031839950380635196,4.870669772131099,0.058155300174287924,0.3,True,False,False,True,False,True,False,True,False,True,False,True
ID121,1977-09-30,1977-12-31,1978-09-30,holdout_evaluation,4,0.8101973764000281,12.893028771086776,0.021289046694080604,1.6367239667952926,0.15798134174974773,0.3,True,False,False,True,True,False,False,True,False,True,True,False
ID122,1977-09-30,1977-12-31,1978-09-30,holdout_evaluation,4,0.2133753237225346,169.13131821171532,0.0036087503404462207,8.918624925722428,0.00816287151791098,0.3,False,True,True,False,False,True,False,True,False,True,False,True
ID123,1977-09-30,1977-12-31,1978-09-30,holdout_evaluation,4,0.29000594538607594,34.46020636305015,0.006442498598520781,2.1093704499832766,0.01038219463970651,0.3,False,True,False,True,False,True,False,True,False,True,False,True
ID124,1977-09-30,1977-12-31,1978-09-30,holdout_evaluation,4,0.5535790316694255,3.1889068294590155,0.01222570610175381,1.9824877909824627,0.09601103567971629,0.3,False,True,False,True,False,True,False,True,False,True,False,True
ID125,1977-09-30,1977-12-31,1978-09-30,holdout_evaluation,4,0.701201369557759,9.111154237072082,0.03439125907181695,1.6647140329708714,0.19663268037464862,0.3,True,False,False,True,True,False,False,True,False,True,True,False
ID132,1977-09-30,1977-12-31,1978-09-30,holdout_evaluation,4,0.21738297587841332,1283.123841980947,0.007230598987642297,392.1839324265851,0.026242239967928172,0.3,False,True,True,False,False,True,True,False,False,True,False,True
ID133,1977-09-30,1977-12-31,1978-09-30,holdout_evaluation,4,0.27314090825810083,803.4805467321028,0.0025302318362694608,194.82317291460342,0.026366660446591944,0.3,False,True,True,False,False,True,True,False,True,False,False,True
ID135,1977-09-30,1977-12-31,1978-09-30,holdout_evaluation,4,0.4378142394982474,182.2211045549688,0.030193882952264356,21.010075553092815,0.02605319794439722,0.3,False,True,True,False,True,False,False,True,True,False,False,True
ID136,1977-09-30,1977-12-31,1978-09-30,holdout_evaluation,4,0.44585289050921717,12.490653226618265,0.005639728098862103,1.7661325772812622,0.09058860075955172,0.3,False,True,False,True,False,True,False,True,False,True,False,True
ID146,1977-09-30,1977-12-31,1978-09-30,holdout_evaluation,4,0.44549305097704645,12.674336418218404,0.005639728098862103,1.7708770262230717,0.09058181977824546,0.3,False,True,False,True,False,True,False,True,False,True,False,True
ID147,1977-09-30,1977-12-31,1978-09-30,holdout_evaluation,4,0.21618424589872132,12.283181296957736,0.005189823944762639,1.3419713131083117,0.037771894478871304,0.3,False,True,False,True,False,True,False,True,False,True,False,True
ID148,1977-09-30,1977-12-31,1978-09-30,holdout_evaluation,4,0.17985991156817238,27.602872063641726,0.002413436481387232,1.5389502582317005,0.06268375896686447,0.3,False,True,False,True,False,True,False,True,False,True,False,True
ID149,1977-09-30,1977-12-31,1978-09-30,holdout_evaluation,4,0.4703717083471288,26.82390698201128,0.0056860441743195045,3.006032929283047,0.05106480944350782,0.3,False,True,False,True,False,True,False,True,False,True,False,True
ID150,1977-09-30,1977-12-31,1978-09-30,holdout_evaluation,4,0.22370249305335077,69.85919642435455,0.00831380121968263,2.1193460594743456,0.05569446858483538,0.3,False,True,False,True,False,True,False,True,False,True,False,True
ID151,1977-09-30,1977-12-31,1978-09-30,holdout_evaluation,4,0.3867754945698141,8.580085987717936,0.0047489279320566055,1.4105633692671813,0.06112027674306424,0.3,False,True,False,True,False,True,False,True,False,True,False,True
ID152,1977-09-30,1977-12-31,1978-09-30,holdout_evaluation,4,0.7443390979728035,3.4686392914876296,0.019628366362890226,2.0903298332091675,0.7625307138222028,0.3,True,False,False,True,True,False,False,True,False,True,True,False
ID153,1977-09-30,1977-12-31,1978-09-30,holdout_evaluation,4,0.7589500492420123,9.819675667386605,0.01016219853994188,2.039339515078482,0.43019425663343214,0.3,True,False,False,True,False,True,False,True,True,False,True,False
ID162,1977-09-30,1977-12-31,1978-09-30,holdout_evaluation,4,0.7751710945954637,5.538370851523095,0.004854330701003131,2.8595886438936464,0.020149520237376362,0.3,True,False,False,True,False,True,False,True,False,True,False,True
ID163,1977-09-30,1977-12-31,1978-09-30,holdout_evaluation,4,0.8110171855342728,17.68025232622699,0.006310435690442061,3.8345190035827317,0.0489264211068076,0.3,True,False,False,True,False,True,False,True,False,True,False,True
ID178,1977-09-30,1977-12-31,1978-09-30,holdout_evaluation,4,0.7739685094817769,15.124026348348364,0.008523403702806367,1.834638889635928,0.1475823832353639,0.3,True,False,False,True,False,True,False,True,False,True,True,False
ID179,1977-09-30,1977-12-31,1978-09-30,holdout_evaluation,4,0.7731901985592318,7.264878030316813,0.05580586896242634,2.4075611545851916,0.5720418780321028,0.3,True,False,False,True,True,False,False,True,False,True,True,False
ID180,1977-09-30,1977-12-31,1978-09-30,holdout_evaluation,4,0.751656791655956,367.09890178680865,0.027067674307915852,23.88567530992466,0.14887444712412967,0.3,True,False,True,False,True,False,False,True,True,False,True,False
ID181,1977-09-30,1977-12-31,1978-09-30,holdout_evaluation,4,0.7069471185160183,6.093360322736537,0.02760997691101752,2.247410964468542,0.43910564979686256,0.3,True,False,False,True,True,False,False,True,False,True,True,False
ID182,1977-09-30,1977-12-31,1978-09-30,holdout_evaluation,4,0.43707606139823657,202.79354103988055,0.005160477873972085,82.09602303177233,0.0449046970945947,0.3,False,True,True,False,False,True,True,False,False,True,False,True
ID183,1977-09-30,1977-12-31,1978-09-30,holdout_evaluation,4,0.963706416172648,2883932.9157489147,0.0016375074918679733,2.2560818472202353,1.142856894976441,0.3,True,False,True,False,False,True,False,True,False,True,True,False
ID184,1977-09-30,1977-12-31,1978-09-30,holdout_evaluation,4,0.6485464292669424,20.819749158343484,0.07555399147008032,4.517965269957423,0.46150673968350286,0.3,True,False,False,True,True,False,False,True,False,True,True,False
ID185,1977-09-30,1977-12-31,1978-09-30,holdout_evaluation,4,0.6446414079583123,26.919021635715946,0.03148094824513021,10.467561355943653,0.43283198775367193,0.3,True,False,False,True,True,False,False,True,True,False,True,False
ID186,1977-09-30,1977-12-31,1978-09-30,holdout_evaluation,4,0.34742058838845086,10.374270584470128,0.001206776238960812,2.559258341044786,0.013229617693027815,0.3,False,True,False,True,False,True,False,True,False,True,False,True
ID187,1977-09-30,1977-12-31,1978-09-30,holdout_evaluation,4,0.6769168830290184,8.230490951960162,0.04416811427940032,2.679816034165303,0.16197887650100742,0.3,True,False,False,True,True,False,False,True,False,True,True,False
ID188,1977-09-30,1977-12-31,1978-09-30,holdout_evaluation,4,0.6989452157394302,11.317092664255668,0.0883321674225685,2.063483121860968,0.4558485612786834,0.3,True,False,False,True,True,False,False,True,False,True,True,False
ID189,1977-09-30,1977-12-31,1978-09-30,holdout_evaluation,4,0.3053803719130178,3.803158187010195,0.010027428171463751,1.4054871868037702,0.05167024519040418,0.3,False,True,False,True,False,True,False,True,False,True,False,True
ID20,1977-09-30,1977-12-31,1978-09-30,holdout_evaluation,1,0.489831207519486,8968.148491338077,0.0,12430.55516324074,0.026477268131122163,0.3,False,True,True,False,False,True,True,False,False,True,False,True
ID44,1977-09-30,1977-12-31,1978-09-30,holdout_evaluation,3,0.6236396749610473,25.698948057055865,0.0173985475147612,4.65198494896567,0.20130578696174012,0.3,True,False,False,True,True,False,False,True,False,True,True,False
ID45,1977-09-30,1977-12-31,1978-09-30,holdout_evaluation,3,0.7810621615695099,58.435522045864055,0.11575262210082893,2.4979821827216817,0.8299667505044132,0.3,True,False,False,True,True,False,False,True,False,True,True,False
ID84,1977-09-30,1977-12-31,1978-09-30,holdout_evaluation,2,0.6108421272154464,12.751423181459677,0.012553994967223175,7.563052373812777,0.019002110924316022,0.3,False,True,False,True,False,True,False,True,False,True,False,True
ID86,1977-09-30,1977-12-31,1978-09-30,holdout_evaluation,2,0.6968904302497627,58.731604213922324,0.024576592352382826,32.88131075044892,0.0921231307893059,0.3,True,False,False,True,True,False,True,False,True,False,False,True
ID102,1978-09-30,1978-12-31,1979-09-30,holdout_evaluation,1,0.49182033603175207,3044.4086531967096,0.021868886402630152,400.47700411831556,0.018218718382222353,0.3,False,True,True,False,True,False,True,False,False,True,False,True
ID103,1978-09-30,1978-12-31,1979-09-30,holdout_evaluation,3,0.6546748262027917,15.473419023414023,0.011110751644778349,5.618211072965241,0.037676426271406965,0.3,True,False,False,True,False,True,False,True,False,True,False,True
ID104,1978-09-30,1978-12-31,1979-09-30,holdout_evaluation,1,0.4435873544704323,109.65089047846268,0.02068247432730109,15.65203785097792,0.08721792534855546,0.3,False,True,False,True,True,False,False,True,True,False,False,True
ID105,1978-09-30,1978-12-31,1979-09-30,holdout_evaluation,1,0.432618869544703,4.000587435150035,0.001319734403475591,2.330027581472314,0.018457007542069203,0.3,False,True,False,True,False,True,False,True,False,True,False,True
ID107,1978-09-30,1978-12-31,1979-09-30,holdout_evaluation,1,0.351541732298702,12.432779873232569,0.008057800891564718,3.655327756111428,0.05702226977943939,0.3,False,True,False,True,False,True,False,True,False,True,False,True
ID112,1978-09-30,1978-12-31,1979-09-30,holdout_evaluation,1,0.35137261003718645,44.938271326352904,0.006430494688962453,11.917074787549824,0.016989879154309218,0.3,False,True,False,True,False,True,False,True,True,False,False,True
ID115,1978-09-30,1978-12-31,1979-09-30,holdout_evaluation,1,0.5249035752709618,14.27601600619928,0.020644267826868602,3.4513998980941425,0.04220933108108281,0.3,False,True,False,True,True,False,False,True,False,True,False,True
ID20,1978-09-30,1978-12-31,1979-09-30,holdout_evaluation,2,0.4938119333774577,9190.474111723026,0.005953444223249041,5966.408236458153,0.08035926903123494,0.3,False,True,True,False,False,True,True,False,False,True,False,True
ID44,1978-09-30,1978-12-31,1979-09-30,holdout_evaluation,4,0.6267035988032577,15.590963481380953,0.0347970950295224,7.957368638262187,0.08510950515503364,0.3,True,False,False,True,True,False,False,True,True,False,False,True
ID45,1978-09-30,1978-12-31,1979-09-30,holdout_evaluation,4,0.7366154299799957,12.79352692101395,0.23150524420165786,2.158882821557426,0.7977572353158584,0.3,True,False,False,True,True,False,False,True,True,False,True,False
ID55,1978-09-30,1978-12-31,1979-09-30,holdout_evaluation,1,0.6071050343130355,314.4952757002279,0.05148109549444517,83.75302548522833,0.08492753845547946,0.3,False,True,True,False,True,False,True,False,False,True,False,True
ID77,1978-09-30,1978-12-31,1979-09-30,holdout_evaluation,1,0.43015216726254324,1022.4753945084947,0.007426552616581578,257.36257594047726,0.019209790365359556,0.3,False,True,True,False,False,True,True,False,True,False,False,True
ID78,1978-09-30,1978-12-31,1979-09-30,holdout_evaluation,1,0.4686799053305806,8319.554000168459,0.016579350455353793,393.1478529601587,0.019458464509492776,0.3,False,True,True,False,True,False,True,False,True,False,False,True
ID79,1978-09-30,1978-12-31,1979-09-30,holdout_evaluation,1,0.1438223342139917,1891.6740521953445,0.005295506241949173,700.6952353151472,0.022935338957602372,0.3,False,True,True,False,False,True,True,False,False,True,False,True
ID80,1978-09-30,1978-12-31,1979-09-30,holdout_evaluation,1,0.2777180936240481,1324.8700202895018,0.010543773781274933,275.69914329967406,0.024543961171865917,0.3,False,True,True,False,False,True,True,False,True,False,False,True
ID81,1978-09-30,1978-12-31,1979-09-30,holdout_evaluation,1,0.37977277299174167,1485.2431242082507,0.014055300413811363,109.42919030236847,0.07006783470280549,0.3,False,True,True,False,True,False,True,False,True,False,False,True
ID82,1978-09-30,1978-12-31,1979-09-30,holdout_evaluation,1,0.4108757704323645,11861.282198051824,0.02383972287561764,1106.8658990234164,0.01767907767890558,0.3,False,True,True,False,True,False,True,False,True,False,False,True
ID83,1978-09-30,1978-12-31,1979-09-30,holdout_evaluation,1,0.6498388673957218,9014.128769706207,0.025006933032005504,432.1925536343461,0.028630529863576226,0.3,True,False,True,False,True,False,True,False,False,True,False,True
ID84,1978-09-30,1978-12-31,1979-09-30,holdout_evaluation,3,0.5929054206192657,19.715581779229087,0.007029405539034191,5.822299737126935,0.027198311182315846,0.3,False,True,False,True,False,True,False,True,False,True,False,True
ID85,1978-09-30,1978-12-31,1979-09-30,holdout_evaluation,1,0.5775523493756839,11.378701631254625,0.0026160820624226283,2.3919673998189834,0.03467789074229505,0.3,False,True,False,True,False,True,False,True,False,True,False,True
ID86,1978-09-30,1978-12-31,1979-09-30,holdout_evaluation,3,0.7975888971248071,22.41673192568624,0.013281262692852028,24.86601969921275,0.13529972223890047,0.3,True,False,False,True,False,True,False,True,False,True,True,False
ID87,1978-09-30,1978-12-31,1979-09-30,holdout_evaluation,1,0.27071728709715315,1156.529117409918,0.00641018516803428,367.97369915308485,0.022158264410465096,0.3,False,True,True,False,False,True,True,False,False,True,False,True
ID102,1979-09-30,1979-12-31,1980-09-30,holdout_evaluation,2,0.2617264713154114,1289.7342313794027,0.02031842393924922,321.428202877503,0.03335511737114166,0.3,False,True,True,False,True,False,True,False,False,True,False,True
ID103,1979-09-30,1979-12-31,1980-09-30,holdout_evaluation,4,0.7643864734040868,17.165020727052163,0.0031839950380635196,5.256156167221761,0.04669642158556314,0.3,True,False,False,True,False,True,False,True,True,False,False,True
ID104,1979-09-30,1979-12-31,1980-09-30,holdout_evaluation,2,0.7060505728311733,11.94722425540565,0.01641839879102501,13.852257603871196,0.07170610798174926,0.3,True,False,False,True,True,False,False,True,False,True,False,True
ID105,1979-09-30,1979-12-31,1980-09-30,holdout_evaluation,2,0.41219506944874,3.697349234290386,0.0021644924665181996,2.0065065320603184,0.013768593221232757,0.3,False,True,False,True,False,True,False,True,True,False,False,True
ID107,1979-09-30,1979-12-31,1980-09-30,holdout_evaluation,2,0.3501162844910514,18.42592228887601,0.01548889849348372,3.61487429277259,0.05208949207742895,0.3,False,True,False,True,True,False,False,True,False,True,False,True
ID112,1979-09-30,1979-12-31,1980-09-30,holdout_evaluation,2,0.46896683797858546,52.458546935122804,0.007520155547464127,9.774759955228182,0.03336916132577987,0.3,False,True,False,True,False,True,False,True,False,True,False,True
ID115,1979-09-30,1979-12-31,1980-09-30,holdout_evaluation,2,0.5144886866403973,12.257374437285137,0.01585627424576195,3.184286040720174,0.03508407804965843,0.3,False,True,False,True,True,False,False,True,False,True,False,True
ID165,1979-09-30,1979-12-31,1980-09-30,holdout_evaluation,1,0.5972624193762919,4.383295178734512,0.009087501173395917,8.190642576667342,0.19613031019341856,0.3,False,True,False,True,False,True,False,True,False,True,True,False
ID55,1979-09-30,1979-12-31,1980-09-30,holdout_evaluation,2,0.5112073374767204,203.4278452558671,0.08712634113150289,68.19464730010237,0.06926312124218217,0.3,False,True,True,False,True,False,True,False,False,True,False,True
ID77,1979-09-30,1979-12-31,1980-09-30,holdout_evaluation,2,0.5843960238792346,943.7181874745334,0.005305953059065045,211.45976187284586,0.02742457941351841,0.3,False,True,True,False,False,True,True,False,True,False,False,True
ID78,1979-09-30,1979-12-31,1980-09-30,holdout_evaluation,2,0.30652225835963737,2833.272578100562,0.03185049598722203,318.5735037007046,0.006796745175217143,0.3,False,True,True,False,True,False,True,False,True,False,False,True
ID79,1979-09-30,1979-12-31,1980-09-30,holdout_evaluation,2,0.3091937213681951,7083.4646147064905,0.009326766648458207,662.547640685869,0.009209271539251914,0.3,False,True,True,False,False,True,True,False,False,True,False,True
ID80,1979-09-30,1979-12-31,1980-09-30,holdout_evaluation,2,0.22420510727167187,1503.0575629111931,0.016681775985078615,251.52519646861785,0.020783790475220464,0.3,False,True,True,False,True,False,True,False,False,True,False,True
ID81,1979-09-30,1979-12-31,1980-09-30,holdout_evaluation,2,0.5025848472772336,1997.7426539431133,0.022004015821528607,145.5822969252727,0.009240894577624361,0.3,False,True,True,False,True,False,True,False,True,False,False,True
ID82,1979-09-30,1979-12-31,1980-09-30,holdout_evaluation,2,0.32171742122994185,4656.923704983939,0.03320938028359678,883.4791982325991,0.10147707210604207,0.3,False,True,True,False,True,False,True,False,False,True,False,True
ID83,1979-09-30,1979-12-31,1980-09-30,holdout_evaluation,2,0.5475149625558509,1069.8422410793246,0.05001386606401101,345.5037977455123,0.06250033287876544,0.3,False,True,True,False,True,False,True,False,False,True,False,True
ID85,1979-09-30,1979-12-31,1980-09-30,holdout_evaluation,2,0.6459167671455113,14.840199701928412,0.005232164124845253,2.320423557787152,0.011197603147529326,0.3,True,False,False,True,False,True,False,True,True,False,False,True
ID86,1979-09-30,1979-12-31,1980-09-30,holdout_evaluation,4,0.6733327334076459,77.35193362373496,0.026562525385704056,20.453793223714513,0.025996343815168035,0.3,True,False,False,True,True,False,False,True,False,True,False,True
ID87,1979-09-30,1979-12-31,1980-09-30,holdout_evaluation,2,0.32629725021055583,1514.3039705798972,0.009143266938649273,368.4955477058338,0.0173999278823364,0.3,False,True,True,False,False,True,True,False,True,False,False,True
ID0,1980-09-30,1980-12-31,1981-09-30,holdout_evaluation,1,0.6782918709805107,107.87685778657425,0.18427377219484936,2.4469285973605412,0.9713481143221121,0.3,True,False,False,True,True,False,False,True,False,True,True,False
ID102,1980-09-30,1980-12-31,1981-09-30,holdout_evaluation,3,0.3585615688770091,2830.7975485237966,0.017727411464084263,290.4953406067645,0.02185795232761767,0.3,False,True,True,False,True,False,True,False,True,False,False,True
ID104,1980-09-30,1980-12-31,1981-09-30,holdout_evaluation,3,0.6968333846276589,32.613208163197015,0.012827250703802612,12.348446826734854,0.14041495420516742,0.3,True,False,False,True,False,True,False,True,False,True,True,False
ID105,1980-09-30,1980-12-31,1981-09-30,holdout_evaluation,3,0.4421377011427477,15.29017379809816,0.0056437660745292054,1.743889604050656,0.053640823324570645,0.3,False,True,False,True,False,True,False,True,True,False,False,True
ID107,1980-09-30,1980-12-31,1981-09-30,holdout_evaluation,3,0.37076257983566463,11.094427334035881,0.00860466218666801,3.3675231732540363,0.09037481893326024,0.3,False,True,False,True,False,True,False,True,False,True,False,True
ID112,1980-09-30,1980-12-31,1981-09-30,holdout_evaluation,3,0.4398897987232446,39.196456198232966,0.0069205993441203845,8.768554024621082,0.1024742011965131,0.3,False,True,False,True,False,True,False,True,False,True,False,True
ID115,1980-09-30,1980-12-31,1981-09-30,holdout_evaluation,3,0.5274739067986381,19.02767422016795,0.014140937071412434,2.894795796287428,0.010860613158853423,0.3,False,True,False,True,True,False,False,True,True,False,False,True
ID165,1980-09-30,1980-12-31,1981-09-30,holdout_evaluation,2,0.6999690914052396,324.32795899756115,0.018175002346791834,16.012698223405348,0.07745591069960787,0.3,True,False,True,False,True,False,False,True,False,True,False,True
ID194,1980-09-30,1980-12-31,1981-09-30,holdout_evaluation,1,0.414887385271336,2.8715481691378306,0.014568318619715179,5.774034169788804,0.0112178899995823,0.3,False,True,False,True,True,False,False,True,False,True,False,True
ID195,1980-09-30,1980-12-31,1981-09-30,holdout_evaluation,1,0.5867345407751441,2.7991739805454077,0.00010503154356861916,2.972708375625383,0.05725369662567748,0.3,False,True,False,True,False,True,False,True,True,False,False,True
ID196,1980-09-30,1980-12-31,1981-09-30,holdout_evaluation,1,0.8369038802843274,802.0768008209416,0.013830041276483969,292.1564375746936,0.6739728154718886,0.3,True,False,True,False,True,False,True,False,False,True,True,False
ID198,1980-09-30,1980-12-31,1981-09-30,holdout_evaluation,1,0.17390240299530435,22.446799299248084,0.00047984624781282357,7.691576583828835,0.007001693863950158,0.3,False,True,False,True,False,True,False,True,False,True,False,True
ID199,1980-09-30,1980-12-31,1981-09-30,holdout_evaluation,1,0.48356380337394483,13.031347662794186,0.035986727052283694,7.5990857138578365,0.18540653066458976,0.3,False,True,False,True,True,False,False,True,False,True,True,False
ID200,1980-09-30,1980-12-31,1981-09-30,holdout_evaluation,1,0.6298843333967797,14.430580025187005,0.1009305896568649,10.839317964994875,0.08544039875964679,0.3,True,False,False,True,True,False,False,True,False,True,False,True
ID201,1980-09-30,1980-12-31,1981-09-30,holdout_evaluation,1,0.4204467187440424,11.559257110266243,0.007364516829928169,16.242248260725912,0.014173582081917865,0.3,False,True,False,True,False,True,False,True,False,True,False,True
ID202,1980-09-30,1980-12-31,1981-09-30,holdout_evaluation,1,0.6758104777511402,32.735475603869816,0.006157781686755515,6.672709504914793,0.4974584634130058,0.3,True,False,False,True,False,True,False,True,False,True,True,False
ID55,1980-09-30,1980-12-31,1981-09-30,holdout_evaluation,3,0.5684857703816244,280.8998637174527,0.06103541205604675,57.914976166322234,0.03883533010454781,0.3,False,True,True,False,True,False,True,False,False,True,False,True
ID77,1980-09-30,1980-12-31,1981-09-30,holdout_evaluation,3,0.32535379217757743,2235.908246291374,0.007293859442742724,193.24231347794498,0.05900215975529105,0.3,False,True,True,False,False,True,True,False,False,True,False,True
ID78,1980-09-30,1980-12-31,1981-09-30,holdout_evaluation,3,0.1478779631511556,661.0795924640081,0.017474508768468417,263.82940084776163,0.01873249171802186,0.3,False,True,True,False,True,False,True,False,False,True,False,True
ID79,1980-09-30,1980-12-31,1981-09-30,holdout_evaluation,3,0.24098633748036308,5763.3206194426875,0.006167669528713111,592.2070803859029,0.009771013413209998,0.3,False,True,True,False,False,True,True,False,False,True,False,True
ID80,1980-09-30,1980-12-31,1981-09-30,holdout_evaluation,3,0.19621345586589894,1392.9734941537447,0.009833929188340128,235.83104529114854,0.029299935062674164,0.3,False,True,True,False,False,True,True,False,False,True,False,True
ID81,1980-09-30,1980-12-31,1981-09-30,holdout_evaluation,3,0.4116476729174564,1179.6946885989782,0.01804093048735505,121.5930659203423,0.004693068778503858,0.3,False,True,True,False,True,False,True,False,False,True,False,True
ID82,1980-09-30,1980-12-31,1981-09-30,holdout_evaluation,3,0.41726985837768094,8537.422929619759,0.0313602725152133,1051.5538687082021,0.04737910517990812,0.3,False,True,True,False,True,False,True,False,False,True,False,True
ID83,1980-09-30,1980-12-31,1981-09-30,holdout_evaluation,3,0.6165583572078592,1261.031662047726,0.05537797303256341,315.1606506604484,0.07131836219652879,0.3,True,False,True,False,True,False,True,False,False,True,False,True
ID85,1980-09-30,1980-12-31,1981-09-30,holdout_evaluation,3,0.6051469464377405,9.384213814269945,0.006846383958437377,1.9588337241557334,0.08899585700583704,0.3,False,True,False,True,False,True,False,True,False,True,False,True
ID86,1980-09-30,1980-12-31,1981-09-30,holdout_evaluation,5,0.7395127388540789,66.39497106085447,0.03486955841764931,16.93162396384932,0.32267748214178504,0.3,True,False,False,True,True,False,False,True,False,True,True,False
ID87,1980-09-30,1980-12-31,1981-09-30,holdout_evaluation,3,0.17929085324007982,2193.907862000532,0.006950801733388986,348.0956813574093,0.006828416288049255,0.3,False,True,True,False,False,True,True,False,False,True,False,True
ID173,1981-06-30,1981-09-30,1982-06-30,holdout_evaluation,1,0.4294776231046708,5.669860428012923,0.0042441065713576046,10.16113282394675,0.19693811492959512,0.3,False,True,False,True,False,True,False,True,True,False,True,False
ID0,1981-09-30,1981-12-31,1982-09-30,holdout_evaluation,2,0.7223668645743601,130.78231184658247,0.3685475443896987,3.6765110193316026,1.3121288966938418,0.3,True,False,True,False,True,False,False,True,False,True,True,False
ID1,1981-09-30,1981-12-31,1982-09-30,holdout_evaluation,1,0.5647035487452714,25.93014850464227,0.014537846388957174,6.121472381681349,0.01455211343651081,0.3,False,True,False,True,True,False,False,True,True,False,False,True
ID102,1981-09-30,1981-12-31,1982-09-30,holdout_evaluation,4,0.4121660617987589,6260.269146474716,0.01513639898891931,255.9154911647743,0.03849107043206476,0.3,False,True,True,False,True,False,True,False,False,True,False,True
ID104,1981-09-30,1981-12-31,1982-09-30,holdout_evaluation,4,0.6673159354540439,461.5835558330009,0.01641839879102501,13.703962096853896,0.11741180830081982,0.3,True,False,True,False,True,False,False,True,False,True,True,False
ID105,1981-09-30,1981-12-31,1982-09-30,holdout_evaluation,4,0.5769996928648102,32.237099857825136,0.009123039682540211,2.208598721916408,0.01373706234997712,0.3,False,True,False,True,False,True,False,True,True,False,False,True
ID107,1981-09-30,1981-12-31,1982-09-30,holdout_evaluation,4,0.47400467284552195,62.9927272630425,0.011151333076833768,3.7739960598279594,0.08040660344773583,0.3,False,True,False,True,False,True,False,True,True,False,False,True
ID11,1981-09-30,1981-12-31,1982-09-30,holdout_evaluation,1,0.7803785443985338,53.27165854355463,0.0,262.4298773654857,0.4053940645712595,0.3,True,False,False,True,False,True,True,False,False,True,True,False
ID112,1981-09-30,1981-12-31,1982-09-30,holdout_evaluation,4,0.4797958195755945,297.463566983865,0.012860989377924903,11.808836814752821,0.05202015408704783,0.3,False,True,True,False,False,True,False,True,False,True,False,True
ID115,1981-09-30,1981-12-31,1982-09-30,holdout_evaluation,4,0.6081097133761582,16.670241634845084,0.020304936324186878,2.4975829644435144,0.03009572275043535,0.3,False,True,False,True,True,False,False,True,False,True,False,True
ID126,1981-09-30,1981-12-31,1982-09-30,holdout_evaluation,1,0.6065730605428812,13.250793628794312,0.0015935197500913378,2.64363113552912,0.02494208245446279,0.3,False,True,False,True,False,True,False,True,False,True,False,True
ID156,1981-09-30,1981-12-31,1982-09-30,holdout_evaluation,1,0.6065730605428812,13.250793628794312,0.0015935197500913378,2.64363113552912,0.02494208245446279,0.3,False,True,False,True,False,True,False,True,False,True,False,True
ID164,1981-09-30,1981-12-31,1982-09-30,holdout_evaluation,1,0.5774899217138576,914.8237197197943,0.16975742251055856,26.35505247981594,0.058184479002183556,0.3,False,True,True,False,True,False,False,True,False,True,False,True
ID165,1981-09-30,1981-12-31,1982-09-30,holdout_evaluation,3,0.4547236237087843,132.08750019028741,0.016605709469132764,13.246939025908837,0.10025401495368233,0.3,False,True,True,False,True,False,False,True,False,True,False,True
ID193,1981-09-30,1981-12-31,1982-09-30,holdout_evaluation,1,0.8162962180801638,94.5146831703833,0.004989210453551898,36.645431708821945,0.06202528835424008,0.3,True,False,False,True,False,True,True,False,False,True,False,True
ID194,1981-09-30,1981-12-31,1982-09-30,holdout_evaluation,2,0.42214157621327614,7.6123405732994085,0.01189315998647577,3.729668671211468,0.05641441677981803,0.3,False,True,False,True,False,True,False,True,False,True,False,True
ID195,1981-09-30,1981-12-31,1982-09-30,holdout_evaluation,2,0.670357713111915,4.358236277752468,0.0002100630871372383,2.4024854162589873,0.05218507648310382,0.3,True,False,False,True,False,True,False,True,True,False,False,True
ID196,1981-09-30,1981-12-31,1982-09-30,holdout_evaluation,2,0.8122161783993644,3168.0129749869425,0.027660082552967938,706.1410297421031,0.3681734141935961,0.3,True,False,True,False,True,False,True,False,False,True,True,False
ID197,1981-09-30,1981-12-31,1982-09-30,holdout_evaluation,1,0.24964724343242573,5.35384643924567,0.002162776866889326,1.113155108612286,0.010775686871399346,0.3,False,True,False,True,False,True,False,True,True,False,False,True
ID198,1981-09-30,1981-12-31,1982-09-30,holdout_evaluation,2,0.14960461744604375,31.18100215045441,0.0009596924956256471,7.679439834356327,0.0053057752364851895,0.3,False,True,False,True,False,True,False,True,True,False,False,True
ID199,1981-09-30,1981-12-31,1982-09-30,holdout_evaluation,2,0.584855117269206,29.166149780484496,0.07197345410456739,8.61329212200985,0.08451591929208263,0.3,False,True,False,True,True,False,False,True,False,True,False,True
ID2,1981-09-30,1981-12-31,1982-09-30,holdout_evaluation,1,0.7513190735362555,206.8445727791406,0.025016725397315365,35.007236697496296,0.14544199156643078,0.3,True,False,True,False,True,False,True,False,False,True,True,False
ID200,1981-09-30,1981-12-31,1982-09-30,holdout_evaluation,2,0.5971847910845421,13.23183422488038,0.04118263945891281,7.541166937218304,0.11620433519171756,0.3,False,True,False,True,True,False,False,True,False,True,True,False
ID201,1981-09-30,1981-12-31,1982-09-30,holdout_evaluation,2,0.37345461097090804,34.575101658368986,0.005407552510762838,12.172816910136051,0.00693195128735895,0.3,False,True,False,True,False,True,False,True,True,False,False,True
ID202,1981-09-30,1981-12-31,1982-09-30,holdout_evaluation,2,0.7626145474218184,33.25637991413011,0.01231556337351103,4.534518229262103,0.35019351632930623,0.3,True,False,False,True,False,True,False,True,False,True,True,False
ID26,1981-09-30,1981-12-31,1982-09-30,holdout_evaluation,1,0.5577191465260424,23.716881469569756,0.0,26.7075640254478,0.028151256690878642,0.3,False,True,False,True,False,True,False,True,False,True,False,True
ID28,1981-09-30,1981-12-31,1982-09-30,holdout_evaluation,1,0.8811202785937973,24262.78687180935,0.0,50599.04386762762,0.10271398086621253,0.3,True,False,True,False,False,True,True,False,False,True,True,False
ID29,1981-09-30,1981-12-31,1982-09-30,holdout_evaluation,1,0.8181263630580253,876.5775184469007,0.0,1119.349048834876,0.3608857393222961,0.3,True,False,True,False,False,True,True,False,True,False,True,False
ID31,1981-09-30,1981-12-31,1982-09-30,holdout_evaluation,1,0.7558709354780931,25.606312736326284,0.0,75.83398763213323,0.09225847600464926,0.3,True,False,False,True,False,True,True,False,True,False,False,True
ID32,1981-09-30,1981-12-31,1982-09-30,holdout_evaluation,1,0.7673910047682997,31329.843668768448,0.0,44074.37237126581,0.39591721724364987,0.3,True,False,True,False,False,True,True,False,False,True,True,False
ID55,1981-09-30,1981-12-31,1982-09-30,holdout_evaluation,4,0.4557960490242738,248.3633224831388,0.06505268015801496,49.78835442101513,0.022867431333238954,0.3,False,True,True,False,True,False,True,False,True,False,False,True
ID77,1981-09-30,1981-12-31,1982-09-30,holdout_evaluation,4,0.46438855418344754,6413.640549050404,0.013255355759546193,212.16172131767735,0.033767182844540646,0.3,False,True,True,False,False,True,True,False,False,True,False,True
ID78,1981-09-30,1981-12-31,1982-09-30,holdout_evaluation,4,0.24841263587378237,1985.9712224891232,0.014452035960504882,230.9424008209084,0.011749331301184262,0.3,False,True,True,False,True,False,True,False,True,False,False,True
ID79,1981-09-30,1981-12-31,1982-09-30,holdout_evaluation,4,0.2928110031989556,9637.603620506483,0.0017443265735278771,522.0365483728527,0.034717008278080386,0.3,False,True,True,False,False,True,True,False,False,True,False,True
ID80,1981-09-30,1981-12-31,1982-09-30,holdout_evaluation,4,0.340059494144274,2113.758951975898,0.004755973890808247,236.5644585862645,0.014172808712064645,0.3,False,True,True,False,False,True,True,False,False,True,False,True
ID81,1981-09-30,1981-12-31,1982-09-30,holdout_evaluation,4,0.2293740138563704,1212.8747976557163,0.012519085946207875,103.87347961445514,0.031826458378894085,0.3,False,True,True,False,False,True,True,False,True,False,False,True
ID82,1981-09-30,1981-12-31,1982-09-30,holdout_evaluation,4,0.47452116046779497,15591.214972014397,0.03320938028359678,965.0823891790467,0.017101002407682954,0.3,False,True,True,False,True,False,True,False,True,False,False,True
ID83,1981-09-30,1981-12-31,1982-09-30,holdout_evaluation,4,0.7024666710960767,10208.916065814072,0.04268783233295256,294.7468136211552,0.07942597498173376,0.3,True,False,True,False,True,False,True,False,False,True,False,True
ID85,1981-09-30,1981-12-31,1982-09-30,holdout_evaluation,4,0.6639999838861468,12.271495132821503,0.010067239859439633,3.073097409607865,0.03901707031889867,0.3,True,False,False,True,False,True,False,True,True,False,False,True
ID87,1981-09-30,1981-12-31,1982-09-30,holdout_evaluation,4,0.3840808041621159,3183.8369973006725,0.009025309202693368,300.8443345384904,0.006811152761894687,0.3,False,True,True,False,False,True,True,False,False,True,False,True
ID58,1981-12-31,1982-03-31,1982-12-31,holdout_evaluation,1,0.6459383042163749,30.832029074891047,0.0027809037399087067,39.21989464861668,0.016599475972320175,0.3,True,False,False,True,False,True,True,False,False,True,False,True
ID71,1981-12-31,1982-03-31,1982-12-31,holdout_evaluation,1,0.16248340796198468,3.866817449932366,0.0020970008032322645,1.210182937544643,0.030579236467185134,0.3,False,True,False,True,False,True,False,True,False,True,False,True
ID173,1982-06-30,1982-09-30,1983-06-30,holdout_evaluation,2,0.6019618065604542,309.52799089590155,0.02833992293779374,18.60839691395905,0.07767458094387765,0.3,False,True,True,False,True,False,False,True,True,False,False,True
ID174,1982-06-30,1982-09-30,1983-06-30,holdout_evaluation,1,0.7914950514245107,101.28631920825464,0.03558787337467842,15.148663039558683,0.17300120560176005,0.3,True,False,False,True,True,False,False,True,True,False,True,False
ID177,1982-06-30,1982-09-30,1983-06-30,holdout_evaluation,1,0.7113025749825499,639.4137828004726,0.06410112770156087,17.81212568412707,0.23993168466568415,0.3,True,False,True,False,True,False,False,True,False,True,True,False
ID59,1982-06-30,1982-09-30,1983-06-30,holdout_evaluation,1,0.4938119333774577,10210.69569352309,0.005954978295862881,6629.400240416356,0.08036178674976818,0.3,False,True,True,False,False,True,True,False,False,True,False,True
ID0,1982-09-30,1982-12-31,1983-09-30,holdout_evaluation,3,0.7191633311661979,16.646053877834117,0.3705792344314139,3.8213951100992776,0.7115768792911559,0.3,True,False,False,True,True,False,False,True,True,False,True,False
ID1,1982-09-30,1982-12-31,1983-09-30,holdout_evaluation,2,0.2322913732918187,16.274681117052815,0.0161021359434653,4.860388360326044,0.1278257283187587,0.3,False,True,False,True,True,False,False,True,False,True,True,False
ID102,1982-09-30,1982-12-31,1983-09-30,holdout_evaluation,5,0.4594945303581902,1618.7145181223277,0.014885458120815476,242.17090012328396,0.03364449478179475,0.3,False,True,True,False,True,False,True,False,True,False,False,True
ID104,1982-09-30,1982-12-31,1983-09-30,holdout_evaluation,5,0.5342639508353426,220.9891190352771,0.023367040990304698,13.994278396098693,0.05463812170561593,0.3,False,True,True,False,True,False,False,True,False,True,False,True
ID105,1982-09-30,1982-12-31,1983-09-30,holdout_evaluation,5,0.6224319649830986,7.224754083943413,0.009572550350041066,1.9818105567371096,0.027695602372271144,0.3,True,False,False,True,False,True,False,True,False,True,False,True
ID107,1982-09-30,1982-12-31,1983-09-30,holdout_evaluation,5,0.50887930482216,25.160737198438845,0.01945838912082153,3.9361390906116136,0.06784334141121022,0.3,False,True,False,True,True,False,False,True,True,False,False,True
ID108,1982-09-30,1982-12-31,1983-09-30,holdout_evaluation,1,0.7208757901672712,963.0266852402679,0.04499482586715471,234.25343377657757,0.04958651800131565,0.3,True,False,True,False,True,False,True,False,False,True,False,True
ID109,1982-09-30,1982-12-31,1983-09-30,holdout_evaluation,1,0.6509691814753437,2041.5459983408955,0.04560073249791554,606.3329258249896,0.06639113631822519,0.3,True,False,True,False,True,False,True,False,False,True,False,True
ID112,1982-09-30,1982-12-31,1983-09-30,holdout_evaluation,5,0.41907477197551507,36.84520476361324,0.014620135774697778,11.250007468088977,0.042855804607122475,0.3,False,True,False,True,True,False,False,True,False,True,False,True
ID113,1982-09-30,1982-12-31,1983-09-30,holdout_evaluation,1,0.7205672073007245,37.516906371297935,0.04589384852768602,23.29185081161816,0.24455062370928857,0.3,True,False,False,True,True,False,False,True,False,True,True,False
ID115,1982-09-30,1982-12-31,1983-09-30,holdout_evaluation,5,0.6228261635956786,12.32024630548899,0.01371509467780563,2.3267607054459165,0.030501584399474813,0.3,True,False,False,True,False,True,False,True,False,True,False,True
ID116,1982-09-30,1982-12-31,1983-09-30,holdout_evaluation,1,0.30230738205609686,11.878974087825881,0.0023689777776053538,4.502832350179383,0.01116470148296028,0.3,False,True,False,True,False,True,False,True,False,True,False,True
ID117,1982-09-30,1982-12-31,1983-09-30,holdout_evaluation,1,0.30652009511453193,5.736827919428634,0.002456696511305508,2.4469712749813666,0.00868481615263579,0.3,False,True,False,True,False,True,False,True,True,False,False,True
ID118,1982-09-30,1982-12-31,1983-09-30,holdout_evaluation,1,0.17945487100863955,8.012659510120985,0.00437074867592775,1.5898736639537934,0.015397096505029288,0.3,False,True,False,True,False,True,False,True,True,False,False,True
ID119,1982-09-30,1982-12-31,1983-09-30,holdout_evaluation,1,0.33042451712075027,4.6727333078112485,0.002035996657035029,0.8692843310757309,0.052856210643693516,0.3,False,True,False,True,False,True,False,True,False,True,False,True
ID126,1982-09-30,1982-12-31,1983-09-30,holdout_evaluation,2,0.6399838779673879,16.017175386122947,0.002378348957696414,2.2111043761529174,0.027280123061652083,0.3,True,False,False,True,False,True,False,True,False,True,False,True
ID127,1982-09-30,1982-12-31,1983-09-30,holdout_evaluation,1,0.08221175604306025,19.760456521804347,0.0016083946357498544,4.473064424485017,0.011309583165127597,0.3,False,True,False,True,False,True,False,True,False,True,False,True
ID128,1982-09-30,1982-12-31,1983-09-30,holdout_evaluation,1,0.11237822738549674,197.57062436878726,0.0019429194512216052,62.82053593804779,0.02973277087013453,0.3,False,True,True,False,False,True,True,False,False,True,False,True
ID129,1982-09-30,1982-12-31,1983-09-30,holdout_evaluation,1,0.43821336674729744,20.516854650608842,0.0040142549124453815,5.922567250545041,0.013319895772351723,0.3,False,True,False,True,False,True,False,True,True,False,False,True
ID130,1982-09-30,1982-12-31,1983-09-30,holdout_evaluation,1,0.2822851970080428,9.220398603562074,0.006224776773976393,1.2372169369143877,0.012360386291319433,0.3,False,True,False,True,False,True,False,True,True,False,False,True
ID131,1982-09-30,1982-12-31,1983-09-30,holdout_evaluation,1,0.045342245455932295,104.8030054054887,5.629484109693356e-06,44.646641682186434,0.0048316001941907435,0.3,False,True,False,True,False,True,True,False,True,False,False,True
ID137,1982-09-30,1982-12-31,1983-09-30,holdout_evaluation,1,0.31609676999878883,2.6030345235861354,0.008853328481787751,2.042275031908882,0.016320097346909514,0.3,False,True,False,True,False,True,False,True,False,True,False,True
ID138,1982-09-30,1982-12-31,1983-09-30,holdout_evaluation,1,0.7004606925627679,4.923106388345246,0.017898542347055187,2.242355266414477,0.0625299613975577,0.3,True,False,False,True,True,False,False,True,True,False,False,True
ID140,1982-09-30,1982-12-31,1983-09-30,holdout_evaluation,1,0.8695708469371755,182.29099088822508,0.0518366785348718,11.535212340636136,0.13539550390408744,0.3,True,False,True,False,True,False,False,True,False,True,True,False
ID141,1982-09-30,1982-12-31,1983-09-30,holdout_evaluation,1,0.678803331872307,7.8191732635386995,0.003915647622794503,2.5071959329384073,0.025716745273281313,0.3,True,False,False,True,False,True,False,True,True,False,False,True
ID142,1982-09-30,1982-12-31,1983-09-30,holdout_evaluation,1,0.3603184381181104,10.061051086592839,0.008070703903993504,2.2593408369632084,0.0341053152486538,0.3,False,True,False,True,False,True,False,True,True,False,False,True
ID143,1982-09-30,1982-12-31,1983-09-30,holdout_evaluation,1,0.39121584421521666,7.744470713677342,0.004144260833405975,1.2418718061479206,0.057467275675557095,0.3,False,True,False,True,False,True,False,True,True,False,False,True
ID144,1982-09-30,1982-12-31,1983-09-30,holdout_evaluation,1,0.6239336522105697,12.999011837873034,0.01666829882363634,6.9887241213616855,0.1476185916992967,0.3,True,False,False,True,True,False,False,True,False,True,True,False
ID145,1982-09-30,1982-12-31,1983-09-30,holdout_evaluation,1,0.2859399330067899,6.804634475488375,0.006257943715023084,3.779558353456307,0.01873998247908542,0.3,False,True,False,True,False,True,False,True,True,False,False,True
ID154,1982-09-30,1982-12-31,1983-09-30,holdout_evaluation,1,0.6282284726993389,9.986443677039004,0.006841256179618546,3.6290301601011583,0.02422817344766453,0.3,True,False,False,True,False,True,False,True,True,False,False,True
ID155,1982-09-30,1982-12-31,1983-09-30,holdout_evaluation,1,0.4688574062795715,7.231826414061781,0.002135733430263388,2.658022042298498,0.08138408902876502,0.3,False,True,False,True,False,True,False,True,False,True,False,True
ID156,1982-09-30,1982-12-31,1983-09-30,holdout_evaluation,2,0.6399838779673879,16.017175386122947,0.002378348957696414,2.2111043761529174,0.027280123061652083,0.3,True,False,False,True,False,True,False,True,True,False,False,True
ID157,1982-09-30,1982-12-31,1983-09-30,holdout_evaluation,1,0.35198014494323815,51.801093442015194,0.022634528747829938,31.67023304969778,0.05030428736029253,0.3,False,True,False,True,True,False,True,False,False,True,False,True
ID158,1982-09-30,1982-12-31,1983-09-30,holdout_evaluation,1,0.39620803738194693,7.76356338971374,0.021301721627932473,4.0477209652015675,0.06912160871778031,0.3,False,True,False,True,True,False,False,True,False,True,False,True
ID159,1982-09-30,1982-12-31,1983-09-30,holdout_evaluation,1,0.1314636671520223,38.64588733648337,0.0033419965275591807,11.302698851801651,0.03141961757241226,0.3,False,True,False,True,False,True,False,True,True,False,False,True
ID160,1982-09-30,1982-12-31,1983-09-30,holdout_evaluation,1,0.3908491816799572,1.9417006786064173,0.004806385784792849,2.8421147392784607,0.06266618144950054,0.3,False,True,False,True,False,True,False,True,False,True,False,True
ID161,1982-09-30,1982-12-31,1983-09-30,holdout_evaluation,1,0.2445296243642337,3.6560250609437923,0.0018189444162557307,3.7395527377165836,0.023352173653766416,0.3,False,True,False,True,False,True,False,True,False,True,False,True
ID164,1982-09-30,1982-12-31,1983-09-30,holdout_evaluation,2,0.5728777526100461,61.388672672274545,0.08865112341406654,16.90532809252243,0.15079442695051304,0.3,False,True,False,True,True,False,False,True,True,False,True,False
ID165,1982-09-30,1982-12-31,1983-09-30,holdout_evaluation,4,0.5434032023079896,179.2023833498186,0.022798104254074456,11.298932231723189,0.20799449657795316,0.3,False,True,True,False,True,False,False,True,False,True,True,False
ID166,1982-09-30,1982-12-31,1983-09-30,holdout_evaluation,1,0.76363253824028,1979925923.3474731,0.0717654502035811,3.1438016581544597,0.06525656518890055,0.3,True,False,True,False,True,False,False,True,False,True,False,True
ID167,1982-09-30,1982-12-31,1983-09-30,holdout_evaluation,1,0.541183637015775,33.31228198317923,0.010142539260758449,9.56149748957584,0.18223491474876014,0.3,False,True,False,True,False,True,False,True,True,False,True,False
ID176,1982-09-30,1982-12-31,1983-09-30,holdout_evaluation,1,0.7321232967074248,6.438791810590528,0.0370953967825635,7.217774008263495,0.4338990303712915,0.3,True,False,False,True,True,False,False,True,False,True,True,False
ID192,1982-09-30,1982-12-31,1983-09-30,holdout_evaluation,1,0.6898860220316376,18.50873452021916,0.008265652935055517,7.275636510442521,0.07106804535313485,0.3,True,False,False,True,False,True,False,True,True,False,False,True
ID193,1982-09-30,1982-12-31,1983-09-30,holdout_evaluation,2,0.8351010347713161,101.19365600711474,0.027109464260763126,29.450184505848696,0.05814462585675251,0.3,True,False,False,True,True,False,True,False,False,True,False,True
ID194,1982-09-30,1982-12-31,1983-09-30,holdout_evaluation,3,0.39580928906309853,8.446427735311023,0.01665168339687998,3.7967838890546663,0.00841525122269798,0.3,False,True,False,True,True,False,False,True,True,False,False,True
ID195,1982-09-30,1982-12-31,1983-09-30,holdout_evaluation,3,0.6873250280216643,9.245701939383505,0.00021433142398351313,2.014910815345336,0.05270975273346809,0.3,True,False,False,True,False,True,False,True,True,False,False,True
ID196,1982-09-30,1982-12-31,1983-09-30,holdout_evaluation,3,0.8083950337552783,2073.364383181488,0.12206502685517388,586.2460499050563,0.5715216109613717,0.3,True,False,True,False,True,False,True,False,False,True,True,False
ID197,1982-09-30,1982-12-31,1983-09-30,holdout_evaluation,2,0.26044610946952484,6.173056436835692,0.002703276861932018,0.9242292840956888,0.005348292774460051,0.3,False,True,False,True,False,True,False,True,False,True,False,True
ID198,1982-09-30,1982-12-31,1983-09-30,holdout_evaluation,3,0.2902302059744113,26.889626746474285,0.0009952715589778833,6.773638478065842,0.04696114961782384,0.3,False,True,False,True,False,True,False,True,False,True,False,True
ID199,1982-09-30,1982-12-31,1983-09-30,holdout_evaluation,3,0.5267336640870233,33.79228343125783,0.035986727052283694,6.7336726645167335,0.15961296299271205,0.3,False,True,False,True,True,False,False,True,False,True,True,False
ID2,1982-09-30,1982-12-31,1983-09-30,holdout_evaluation,2,0.7062330423656701,151.94712382194422,0.012508362698657696,28.438118582517408,0.04849955322916204,0.3,True,False,True,False,False,True,True,False,False,True,False,True
ID200,1982-09-30,1982-12-31,1983-09-30,holdout_evaluation,3,0.6280859026860133,18.051412443151243,0.03597328794549179,6.246264309063387,0.2950203630491085,0.3,True,False,False,True,True,False,False,True,True,False,True,False
ID201,1982-09-30,1982-12-31,1983-09-30,holdout_evaluation,3,0.2828458383089904,55.89012669551644,0.0046607405745467505,9.264725838452462,0.013976243669630878,0.3,False,True,False,True,False,True,False,True,True,False,False,True
ID202,1982-09-30,1982-12-31,1983-09-30,holdout_evaluation,3,0.7083813657195422,29.073599998579212,0.17502458004880528,3.471260943660144,0.8719402893046457,0.3,True,False,False,True,True,False,False,True,False,True,True,False
ID23,1982-09-30,1982-12-31,1983-09-30,holdout_evaluation,1,0.7327241662110188,570.8050736602968,0.01873472913418553,341.4794616654637,0.13766797760534424,0.3,True,False,True,False,True,False,True,False,False,True,True,False
ID24,1982-09-30,1982-12-31,1983-09-30,holdout_evaluation,1,0.803616941533057,1824.6865625474254,0.002016427738430221,269.8369863535053,0.14609215130239847,0.3,True,False,True,False,False,True,True,False,False,True,True,False
ID25,1982-09-30,1982-12-31,1983-09-30,holdout_evaluation,1,0.7575357689761439,1137.5675158091171,0.012834208920359719,279.6030129326194,0.1715084360263824,0.3,True,False,True,False,False,True,True,False,True,False,True,False
ID26,1982-09-30,1982-12-31,1983-09-30,holdout_evaluation,2,0.6357225568709901,11.911929995133555,0.000399782187406935,14.488975264748516,0.08449016287727412,0.3,True,False,False,True,False,True,False,True,True,False,False,True
ID28,1982-09-30,1982-12-31,1983-09-30,holdout_evaluation,2,0.6301913242571597,12160.208347439657,0.11969821403150277,23062.201059932897,0.10969748507733693,0.3,True,False,True,False,True,False,True,False,False,True,True,False
ID29,1982-09-30,1982-12-31,1983-09-30,holdout_evaluation,2,0.8945986356520477,3135.9318607548357,0.11784381781569112,538.9202997645762,0.6791278390352762,0.3,True,False,True,False,True,False,True,False,False,True,True,False
ID31,1982-09-30,1982-12-31,1983-09-30,holdout_evaluation,2,0.7301993753645266,191.44190934186884,0.02129795222431785,52.44586336896566,0.2725873059674818,0.3,True,False,True,False,True,False,True,False,False,True,True,False
ID32,1982-09-30,1982-12-31,1983-09-30,holdout_evaluation,2,0.775458485838757,87783.57231349437,0.12823097814827034,48904.251842243706,0.2804567186802745,0.3,True,False,True,False,True,False,True,False,False,True,True,False
ID42,1982-09-30,1982-12-31,1983-09-30,holdout_evaluation,1,0.6910253838086629,42.33024689030864,0.032386198286861304,112.30323779951064,0.03539962964827401,0.3,True,False,False,True,True,False,True,False,False,True,False,True
ID43,1982-09-30,1982-12-31,1983-09-30,holdout_evaluation,1,0.5049979895131249,15.53065825626278,0.017097431282317107,3.6517213487417597,0.01491974661859076,0.3,False,True,False,True,True,False,False,True,False,True,False,True
ID46,1982-09-30,1982-12-31,1983-09-30,holdout_evaluation,1,0.6058651024431901,23.265414768093265,0.0005143699172310313,5.146146988456168,0.0388549865632121,0.3,False,True,False,True,False,True,False,True,False,True,False,True
ID55,1982-09-30,1982-12-31,1983-09-30,holdout_evaluation,5,0.43424952694197694,288.31723898321707,0.06355639364012773,43.5529500247956,0.05641220043009592,0.3,False,True,True,False,True,False,True,False,False,True,False,True
ID63,1982-09-30,1982-12-31,1983-09-30,holdout_evaluation,1,0.7267210401453059,9.016895414642647,0.0127302249969867,2.64448569320804,0.126800026104439,0.3,True,False,False,True,False,True,False,True,True,False,True,False
ID64,1982-09-30,1982-12-31,1983-09-30,holdout_evaluation,1,0.5485130001021464,17.45657876014002,0.010611377307224619,4.380245219161552,0.03581134462300715,0.3,False,True,False,True,False,True,False,True,False,True,False,True
ID77,1982-09-30,1982-12-31,1983-09-30,holdout_evaluation,5,0.4183296244092557,6690.618228386956,0.011401253966822152,198.24651587607397,0.021617349286632143,0.3,False,True,True,False,False,True,True,False,True,False,False,True
ID78,1982-09-30,1982-12-31,1983-09-30,holdout_evaluation,5,0.3889208474305147,5535.0671905468125,0.011080584584406698,202.59278131755272,0.04108127896742036,0.3,False,True,True,False,False,True,True,False,False,True,False,True
ID79,1982-09-30,1982-12-31,1983-09-30,holdout_evaluation,5,0.19029981666045992,9165.781031279963,0.006167669528713111,631.5712414721372,0.02806690162112886,0.3,False,True,True,False,False,True,True,False,False,True,False,True
ID8,1982-09-30,1982-12-31,1983-09-30,holdout_evaluation,1,0.7192300356310413,2739.5613226694177,0.0027510382557460883,902.0945177445019,0.21511642824276572,0.3,True,False,True,False,False,True,True,False,True,False,True,False
ID80,1982-09-30,1982-12-31,1983-09-30,holdout_evaluation,5,0.23575707663584433,1036.6861003429221,0.007563563175304759,213.53457234815608,0.03767680801739755,0.3,False,True,True,False,False,True,True,False,False,True,False,True
ID81,1982-09-30,1982-12-31,1983-09-30,holdout_evaluation,5,0.1936721567807433,1335.4896478194175,0.014987637984307989,100.94954971904426,0.029117375904732852,0.3,False,True,True,False,True,False,True,False,False,True,False,True
ID82,1982-09-30,1982-12-31,1983-09-30,holdout_evaluation,5,0.30820044738273356,10852.912852955014,0.03174374152791097,851.3707664572026,0.06852350960548961,0.3,False,True,True,False,True,False,True,False,False,True,False,True
ID83,1982-09-30,1982-12-31,1983-09-30,holdout_evaluation,5,0.45382835359944823,2483.284117625144,0.039326536635304415,287.9254917950702,0.12393688518533755,0.3,False,True,True,False,True,False,True,False,False,True,True,False
ID85,1982-09-30,1982-12-31,1983-09-30,holdout_evaluation,5,0.6699458857774299,15.562208302401295,0.010125923963790737,2.878730940712877,0.015577630385266973,0.3,True,False,False,True,False,True,False,True,True,False,False,True
ID87,1982-09-30,1982-12-31,1983-09-30,holdout_evaluation,5,0.18218480788415886,2438.8483865474186,0.006934030880628925,266.45602929204233,0.012904260764060226,0.3,False,True,True,False,False,True,True,False,True,False,False,True
ID89,1982-09-30,1982-12-31,1983-09-30,holdout_evaluation,1,0.7484194058147237,21.327509212855194,0.005537054561299437,2.9078632834148705,0.07759295118847724,0.3,True,False,False,True,False,True,False,True,True,False,False,True
ID9,1982-09-30,1982-12-31,1983-09-30,holdout_evaluation,1,0.5708704058611311,2724.748892345325,0.01515592420055173,684.317606458421,0.10910312511307935,0.3,False,True,True,False,True,False,True,False,False,True,True,False
ID90,1982-09-30,1982-12-31,1983-09-30,holdout_evaluation,1,0.7046586217208144,14.683921594669116,0.012286238751356537,3.6144901798144824,0.13225308558693172,0.3,True,False,False,True,False,True,False,True,True,False,True,False
ID110,1982-12-31,1983-03-31,1983-12-31,holdout_evaluation,1,0.7464817067499584,15.023242724662293,0.0033744024827923186,16.830547661934165,0.1937472805884061,0.3,True,False,False,True,False,True,False,True,False,True,True,False
ID111,1982-12-31,1983-03-31,1983-12-31,holdout_evaluation,1,0.6281790208763118,157.0118055182473,0.010628385276423853,95.24955387212258,0.04149646189193735,0.3,True,False,True,False,False,True,True,False,False,True,False,True
ID114,1982-12-31,1983-03-31,1983-12-31,holdout_evaluation,1,0.5800278311067962,1199.8393320649632,0.00703106152774851,511.062197962651,0.14521743298873546,0.3,False,True,True,False,False,True,True,False,False,True,True,False
ID58,1982-12-31,1983-03-31,1983-12-31,holdout_evaluation,2,0.7392096770786231,28.142932026663196,0.0055618074798174134,26.024502826216416,0.017767790000959273,0.3,True,False,False,True,False,True,False,True,False,True,False,True
ID71,1982-12-31,1983-03-31,1983-12-31,holdout_evaluation,2,0.5286383631261793,11.096531318736034,0.002200673296344231,2.3723636022222796,0.02109451300580332,0.3,False,True,False,True,False,True,False,True,True,False,False,True
ID13,1983-03-31,1983-06-30,1984-03-31,holdout_evaluation,1,0.6336736692227913,3104.697175778876,0.00044243484176924655,1060.8300591932116,0.01413962495828816,0.3,True,False,True,False,False,True,True,False,False,True,False,True
ID14,1983-03-31,1983-06-30,1984-03-31,holdout_evaluation,1,0.5301466311145928,28034.949518161528,0.025060755246309407,13119.648397461156,0.03893277850854657,0.3,False,True,True,False,True,False,True,False,False,True,False,True
ID15,1983-03-31,1983-06-30,1984-03-31,holdout_evaluation,1,0.6646709745751678,14267.747263974134,0.004473445183983529,4107.449078843464,0.2327701906542581,0.3,True,False,True,False,False,True,True,False,False,True,True,False
ID16,1983-03-31,1983-06-30,1984-03-31,holdout_evaluation,1,0.414743917515598,74939.0183671205,0.009475084108060527,64627.22018192847,0.041689618891093,0.3,False,True,True,False,False,True,True,False,True,False,False,True
ID17,1983-03-31,1983-06-30,1984-03-31,holdout_evaluation,1,0.6058708955217887,72616.00302725546,0.048371685224683304,17476.65475535993,0.14391270812482632,0.3,False,True,True,False,True,False,True,False,False,True,True,False
ID18,1983-03-31,1983-06-30,1984-03-31,holdout_evaluation,1,0.7130957000779037,20184.721731030015,0.06675756800117152,7223.5150386267105,0.25525139426056975,0.3,True,False,True,False,True,False,True,False,False,True,True,False
ID19,1983-03-31,1983-06-30,1984-03-31,holdout_evaluation,1,0.5422448995831746,105658.36096219864,0.01729338960879493,59931.38194580398,0.07543268276138688,0.3,False,True,True,False,True,False,True,False,False,True,False,True
ID21,1983-03-31,1983-06-30,1984-03-31,holdout_evaluation,1,0.49481340114013656,10210.743388714975,0.0059540621607092545,6629.457168129888,0.08036265068846464,0.3,False,True,True,False,False,True,True,False,True,False,False,True
ID33,1983-03-31,1983-06-30,1984-03-31,holdout_evaluation,1,0.4399552669391462,15.156622139258388,0.00027821467244194733,11.074352267138464,0.014013331241781456,0.3,False,True,False,True,False,True,False,True,False,True,False,True
ID34,1983-03-31,1983-06-30,1984-03-31,holdout_evaluation,1,0.7023170325764952,380.3770062959309,0.019469969030943717,224.82259758439696,0.17289129176828094,0.3,True,False,True,False,True,False,True,False,False,True,True,False
ID37,1983-03-31,1983-06-30,1984-03-31,holdout_evaluation,1,0.7232844123214369,12641.0861507489,0.08757103174478184,11924.962537600994,0.5383911862406274,0.3,True,False,True,False,True,False,True,False,False,True,True,False
ID38,1983-03-31,1983-06-30,1984-03-31,holdout_evaluation,1,0.8755241652821948,24711.469216748497,0.16157378618692092,4459.552139004504,0.08526724643182575,0.3,True,False,True,False,True,False,True,False,False,True,False,True
ID39,1983-03-31,1983-06-30,1984-03-31,holdout_evaluation,1,0.5375803918431596,336704.8120204318,0.07524031389712675,52730.18406214274,0.12874094590663943,0.3,False,True,True,False,True,False,True,False,False,True,True,False
ID4,1983-03-31,1983-06-30,1984-03-31,holdout_evaluation,1,0.6021552552402061,114495.41726158874,0.009368546038798562,26276.597838502523,0.025710423341721206,0.3,False,True,True,False,False,True,True,False,False,True,False,True
ID40,1983-03-31,1983-06-30,1984-03-31,holdout_evaluation,1,0.7750544429038063,18694.402874823372,0.0015098712666409275,12151.593816987552,0.19524426384652988,0.3,True,False,True,False,False,True,True,False,False,True,True,False
ID5,1983-03-31,1983-06-30,1984-03-31,holdout_evaluation,1,0.5860982974896233,101.86472020856283,0.013636748817843158,59.113279108828614,0.07725431791464564,0.3,False,True,False,True,False,True,True,False,False,True,False,True
ID57,1983-03-31,1983-06-30,1984-03-31,holdout_evaluation,1,0.5084805134773919,567.3414602281632,0.008890030886959485,491.6787813813054,0.04152068831164238,0.3,False,True,True,False,False,True,True,False,False,True,False,True
ID7,1983-03-31,1983-06-30,1984-03-31,holdout_evaluation,1,0.4991965860652837,40.05622571276747,0.04258815101358056,7.082000280869588,0.10906998812724467,0.3,False,True,False,True,True,False,False,True,False,True,True,False
ID173,1983-06-30,1983-09-30,1984-06-30,holdout_evaluation,3,0.6409438563498666,426.82131218859854,0.03277441311049799,16.422811734649628,0.11837626274675575,0.3,True,False,True,False,True,False,False,True,False,True,True,False
ID174,1983-06-30,1983-09-30,1984-06-30,holdout_evaluation,2,0.4610738617043492,71.56446281303243,0.04175758634609081,13.34577748349184,0.16131442705639273,0.3,False,True,False,True,True,False,False,True,False,True,True,False
ID177,1983-06-30,1983-09-30,1984-06-30,holdout_evaluation,2,0.7181380248518173,491.49621996215507,0.062437881127776054,19.757150023913486,0.18581661620247525,0.3,True,False,True,False,True,False,False,True,False,True,True,False
ID59,1983-06-30,1983-09-30,1984-06-30,holdout_evaluation,2,0.4684416420715129,33123.00578025489,0.011909956591725761,9066.109914804907,0.044624023285485745,0.3,False,True,True,False,False,True,True,False,False,True,False,True
ID0,1983-09-30,1983-12-31,1984-09-30,holdout_evaluation,4,0.8233442870389702,19.34559071770621,0.2597712350309562,3.20641780742137,0.11183763026161943,0.3,True,False,False,True,True,False,False,True,True,False,True,False
ID1,1983-09-30,1983-12-31,1984-09-30,holdout_evaluation,3,0.3067030882950508,37.624113961589565,0.023542359840912817,5.163743179998397,0.04986180401623948,0.3,False,True,False,True,True,False,False,True,False,True,False,True
ID10,1983-09-30,1983-12-31,1984-09-30,holdout_evaluation,1,0.5105597113053342,38.17570486956941,0.045249018616458,6.753877126688159,0.10905787969349909,0.3,False,True,False,True,True,False,False,True,False,True,True,False
ID102,1983-09-30,1983-12-31,1984-09-30,holdout_evaluation,6,0.6043579615034973,5867.834940252464,0.008316559052223546,254.89270233961508,0.021483156473829257,0.3,False,True,True,False,False,True,True,False,False,True,False,True
ID104,1983-09-30,1983-12-31,1984-09-30,holdout_evaluation,6,0.4378142394982474,134.87323554074112,0.023367040990304698,14.742189269044978,0.02605319794439722,0.3,False,True,True,False,True,False,False,True,False,True,False,True
ID105,1983-09-30,1983-12-31,1984-09-30,holdout_evaluation,6,0.5414869873806034,16.589640556508183,0.009572550350041066,2.152850815960998,0.02768578483940548,0.3,False,True,False,True,False,True,False,True,False,True,False,True
ID107,1983-09-30,1983-12-31,1984-09-30,holdout_evaluation,6,0.5143410170152,24.443578192471307,0.019006484703792945,4.182615138259777,0.01952648792538928,0.3,False,True,False,True,True,False,False,True,False,True,False,True
ID108,1983-09-30,1983-12-31,1984-09-30,holdout_evaluation,2,0.7986724524215376,1126.4073718317193,0.004491564278609951,163.22352156879356,0.2372038917585347,0.3,True,False,True,False,False,True,True,False,True,False,True,False
ID109,1983-09-30,1983-12-31,1984-09-30,holdout_evaluation,2,0.7859141818449202,2720.9018196713264,0.04517305233679286,505.82273320550354,0.110264796746831,0.3,True,False,True,False,True,False,True,False,False,True,True,False
ID112,1983-09-30,1983-12-31,1984-09-30,holdout_evaluation,6,0.44150906636339676,109.42798440803594,0.016246095724754366,11.57775315364805,0.00607372468218108,0.3,False,True,False,True,True,False,False,True,False,True,False,True
ID113,1983-09-30,1983-12-31,1984-09-30,holdout_evaluation,2,0.8175536871809235,414.05582405937787,0.04915546852786387,30.860259403413163,0.33505942392910665,0.3,True,False,True,False,True,False,True,False,True,False,True,False
ID115,1983-09-30,1983-12-31,1984-09-30,holdout_evaluation,6,0.6187371874115328,23.568933602512043,0.008348050990415537,2.257103510856132,0.024500503479432438,0.3,True,False,False,True,False,True,False,True,True,False,False,True
ID116,1983-09-30,1983-12-31,1984-09-30,holdout_evaluation,2,0.11096581607895578,12.505428382452878,0.0018808695051871997,4.043429482388477,0.03300051600952564,0.3,False,True,False,True,False,True,False,True,True,False,False,True
ID117,1983-09-30,1983-12-31,1984-09-30,holdout_evaluation,2,0.13394827115107044,8.791980731973327,0.0036053548092786223,2.142849280751637,0.021859134835424107,0.3,False,True,False,True,False,True,False,True,False,True,False,True
ID118,1983-09-30,1983-12-31,1984-09-30,holdout_evaluation,2,0.20314635536914338,5.9455840092061445,0.002811576154933798,1.456412846137495,0.03477500519536936,0.3,False,True,False,True,False,True,False,True,False,True,False,True
ID119,1983-09-30,1983-12-31,1984-09-30,holdout_evaluation,2,0.35582867441136135,2.054323419073796,0.003605041325931556,1.9309991636030033,0.008270599270614507,0.3,False,True,False,True,False,True,False,True,False,True,False,True
ID126,1983-09-30,1983-12-31,1984-09-30,holdout_evaluation,3,0.4956713695502914,9.9984107377688,0.0031631781653014904,2.0527870822931558,0.025856560054610886,0.3,False,True,False,True,False,True,False,True,False,True,False,True
ID127,1983-09-30,1983-12-31,1984-09-30,holdout_evaluation,2,0.11203017745583721,34.742703586152714,0.0032167892714997084,4.960107129754597,0.008079362568207364,0.3,False,True,False,True,False,True,False,True,True,False,False,True
ID128,1983-09-30,1983-12-31,1984-09-30,holdout_evaluation,2,0.2252086032517342,493.82566817091174,0.0038858389024432104,68.27289069960128,0.004006267283759668,0.3,False,True,True,False,False,True,True,False,False,True,False,True
ID129,1983-09-30,1983-12-31,1984-09-30,holdout_evaluation,2,0.5661071290501167,32.099780281706295,0.0073112177960255285,4.725031323796526,0.03892846638440642,0.3,False,True,False,True,False,True,False,True,False,True,False,True
ID130,1983-09-30,1983-12-31,1984-09-30,holdout_evaluation,2,0.2700923411787049,11.433655021639684,0.002346733865483036,1.033400484039812,0.009819242510783598,0.3,False,True,False,True,False,True,False,True,False,True,False,True
ID131,1983-09-30,1983-12-31,1984-09-30,holdout_evaluation,2,0.047774999342395985,108.55732309194119,1.1258968219386711e-05,40.07896517924236,0.006394159336640308,0.3,False,True,False,True,False,True,True,False,False,True,False,True
ID134,1983-09-30,1983-12-31,1984-09-30,holdout_evaluation,1,0.8369179773788816,1409.27159363693,0.41492170802493866,181.02826533992365,0.2568027561722104,0.3,True,False,True,False,True,False,True,False,True,False,True,False
ID137,1983-09-30,1983-12-31,1984-09-30,holdout_evaluation,2,0.3073337658423927,5.638423769349755,0.010288519203983014,1.7086820237468605,0.055051304781749605,0.3,False,True,False,True,False,True,False,True,False,True,False,True
ID138,1983-09-30,1983-12-31,1984-09-30,holdout_evaluation,2,0.7844052481718216,8.526934299902884,0.01576004566465066,1.8573452710834613,0.07971004072159527,0.3,True,False,False,True,True,False,False,True,False,True,False,True
ID140,1983-09-30,1983-12-31,1984-09-30,holdout_evaluation,2,0.8200428949032204,100.613923826747,0.04101447271009584,10.247463600815722,0.0668080556329351,0.3,True,False,False,True,True,False,False,True,False,True,False,True
ID141,1983-09-30,1983-12-31,1984-09-30,holdout_evaluation,2,0.7130649415239895,6.6234977531967285,0.004401139952850307,2.156083923106336,0.05581771267299101,0.3,True,False,False,True,False,True,False,True,False,True,False,True
ID142,1983-09-30,1983-12-31,1984-09-30,holdout_evaluation,2,0.32976710355887456,4.909854084152299,0.005238490393365804,2.085090516946309,0.011575497610705799,0.3,False,True,False,True,False,True,False,True,True,False,False,True
ID143,1983-09-30,1983-12-31,1984-09-30,holdout_evaluation,2,0.4358222313475426,2.2583752882013086,0.006798136442819427,2.2169479109938246,0.00745050040451735,0.3,False,True,False,True,False,True,False,True,True,False,False,True
ID144,1983-09-30,1983-12-31,1984-09-30,holdout_evaluation,2,0.586370787022375,19.496238860704956,0.026497209951675343,7.673186447342435,0.05409114394613332,0.3,False,True,False,True,True,False,False,True,False,True,False,True
ID145,1983-09-30,1983-12-31,1984-09-30,holdout_evaluation,2,0.18018340288786278,22.999572547783067,0.0040563773855406444,3.491974919380583,0.016087111356044955,0.3,False,True,False,True,False,True,False,True,False,True,False,True
ID154,1983-09-30,1983-12-31,1984-09-30,holdout_evaluation,2,0.5800758956390643,6.550194782039716,0.013682512359237092,2.9776376388586194,0.011835055354385999,0.3,False,True,False,True,False,True,False,True,False,True,False,True
ID155,1983-09-30,1983-12-31,1984-09-30,holdout_evaluation,2,0.5290345424816422,10.462165993653244,0.004271466860526776,3.113820966953726,0.028285735935715598,0.3,False,True,False,True,False,True,False,True,False,True,False,True
ID156,1983-09-30,1983-12-31,1984-09-30,holdout_evaluation,3,0.4956713695502914,9.9984107377688,0.0031631781653014904,2.0527870822931558,0.025856560054610886,0.3,False,True,False,True,False,True,False,True,False,True,False,True
ID157,1983-09-30,1983-12-31,1984-09-30,holdout_evaluation,2,0.47992383665543875,48.32638633415032,0.022600374901000524,26.347771323526864,0.07140868953827634,0.3,False,True,False,True,True,False,False,True,False,True,False,True
ID158,1983-09-30,1983-12-31,1984-09-30,holdout_evaluation,2,0.47807875832660346,8.70523419886778,0.0185827720980482,3.880986768639043,0.04372816726716014,0.3,False,True,False,True,True,False,False,True,False,True,False,True
ID159,1983-09-30,1983-12-31,1984-09-30,holdout_evaluation,2,0.1651516274267092,77.01770243970732,0.00668399305511836,13.222595899342785,0.0016803755351370814,0.3,False,True,False,True,False,True,False,True,True,False,False,True
ID160,1983-09-30,1983-12-31,1984-09-30,holdout_evaluation,2,0.47273459082390085,36.84417985057244,0.008676383000888813,2.9664179813622744,0.04951958668108627,0.3,False,True,False,True,False,True,False,True,False,True,False,True
ID161,1983-09-30,1983-12-31,1984-09-30,holdout_evaluation,2,0.3523280674916781,31.568597128358398,0.0026586423089070103,3.2002191001617573,0.011546975053969889,0.3,False,True,False,True,False,True,False,True,False,True,False,True
ID164,1983-09-30,1983-12-31,1984-09-30,holdout_evaluation,3,0.6430062851553735,283.4000524072626,0.04630497397416474,13.635641389173825,0.17601327664304628,0.3,True,False,True,False,True,False,False,True,True,False,True,False
ID165,1983-09-30,1983-12-31,1984-09-30,holdout_evaluation,5,0.6392199392557039,150.07988158084635,0.03552296989190683,12.866515324029985,0.043284884313058686,0.3,True,False,True,False,True,False,False,True,False,True,False,True
ID166,1983-09-30,1983-12-31,1984-09-30,holdout_evaluation,2,0.6880071710662017,793781225.6813049,0.11490453449610183,2.4519629216813263,0.37059867920423417,0.3,True,False,True,False,True,False,False,True,True,False,True,False
ID167,1983-09-30,1983-12-31,1984-09-30,holdout_evaluation,2,0.6190524900508598,82.09294063257923,0.034579409113114634,12.088567538778893,0.11378654228824009,0.3,True,False,False,True,True,False,False,True,False,True,True,False
ID168,1983-09-30,1983-12-31,1984-09-30,holdout_evaluation,1,0.9446994871314419,3.158583620547799,0.0014277696057430345,2.2708638511431007,0.36793136316240516,0.3,True,False,False,True,False,True,False,True,False,True,True,False
ID176,1983-09-30,1983-12-31,1984-09-30,holdout_evaluation,2,0.592165629006786,430.80632322569767,0.10863488214076625,12.30120222533935,0.06347613145675848,0.3,False,True,True,False,True,False,False,True,True,False,False,True
ID192,1983-09-30,1983-12-31,1984-09-30,holdout_evaluation,2,0.7120800184635618,29.481247241015446,0.006054326919425507,6.361299773435026,0.042562609029481537,0.3,True,False,False,True,False,True,False,True,True,False,False,True
ID193,1983-09-30,1983-12-31,1984-09-30,holdout_evaluation,3,0.7893398601552011,104.17081874911666,0.01411240808560045,24.546736835586206,0.21496925938727474,0.3,True,False,False,True,True,False,False,True,False,True,True,False
ID194,1983-09-30,1983-12-31,1984-09-30,holdout_evaluation,4,0.3654872800210299,6.780422904229812,0.01469579876336009,3.012542332545477,0.01131370998847003,0.3,False,True,False,True,True,False,False,True,False,True,False,True
ID195,1983-09-30,1983-12-31,1984-09-30,holdout_evaluation,4,0.6153390086597446,6.839828941099267,0.0004286628479670193,1.7623991887412882,0.05464046962065126,0.3,True,False,False,True,False,True,False,True,True,False,False,True
ID196,1983-09-30,1983-12-31,1984-09-30,holdout_evaluation,4,0.8208944313943953,2348.839858343329,0.2164699711573798,549.8603045000153,0.23734409139766283,0.3,True,False,True,False,True,False,True,False,False,True,True,False
ID197,1983-09-30,1983-12-31,1984-09-30,holdout_evaluation,3,0.2649917762905813,6.866943761513818,0.005406553723864034,0.7675982637767774,0.004386811730768175,0.3,False,True,False,True,False,True,False,True,True,False,False,True
ID198,1983-09-30,1983-12-31,1984-09-30,holdout_evaluation,4,0.38876614043302277,66.26205635850441,0.0016959186274649683,27.515483037327673,0.0014236229258994793,0.3,False,True,False,True,False,True,True,False,False,True,False,True
ID199,1983-09-30,1983-12-31,1984-09-30,holdout_evaluation,4,0.5368169384125497,34.67548324560118,0.05772538797811003,6.988483813864847,0.11273635878625077,0.3,False,True,False,True,True,False,False,True,True,False,True,False
ID2,1983-09-30,1983-12-31,1984-09-30,holdout_evaluation,3,0.7148738027531184,106.59213385236902,0.012783084815578688,22.707638198961522,0.08377769672211155,0.3,True,False,False,True,False,True,False,True,False,True,False,True
ID200,1983-09-30,1983-12-31,1984-09-30,holdout_evaluation,4,0.6573487857191121,38.41369216527439,0.07194657589098358,6.886996957689768,0.2371515451243434,0.3,True,False,False,True,True,False,False,True,True,False,True,False
ID201,1983-09-30,1983-12-31,1984-09-30,holdout_evaluation,4,0.355458086593716,31.45966519797769,0.005604890923049825,8.428017137365341,0.004969260970097086,0.3,False,True,False,True,False,True,False,True,False,True,False,True
ID202,1983-09-30,1983-12-31,1984-09-30,holdout_evaluation,4,0.6405882392349371,27.58681605388936,0.0367482291675405,3.1919439567074828,0.6931088532057764,0.3,True,False,False,True,True,False,False,True,True,False,True,False
ID23,1983-09-30,1983-12-31,1984-09-30,holdout_evaluation,2,0.8175781350679814,3419.8682743447207,0.012574424742644696,247.67265171602216,0.0857257345132991,0.3,True,False,True,False,False,True,True,False,False,True,False,True
ID24,1983-09-30,1983-12-31,1984-09-30,holdout_evaluation,2,0.807331791911315,3164.4988290674505,0.004032855476860442,207.6676075347062,0.07856268225673277,0.3,True,False,True,False,False,True,True,False,False,True,False,True
ID25,1983-09-30,1983-12-31,1984-09-30,holdout_evaluation,2,0.8296907463810763,1291.0651301704197,0.0007791957338669775,227.8881380954392,0.07856268225673277,0.3,True,False,True,False,False,True,True,False,False,True,False,True
ID26,1983-09-30,1983-12-31,1984-09-30,holdout_evaluation,3,0.7000321083106124,38.404294845463866,0.00079956437481387,22.36325027637776,0.13816745723509058,0.3,True,False,False,True,False,True,False,True,False,True,True,False
ID28,1983-09-30,1983-12-31,1984-09-30,holdout_evaluation,3,0.7181333673338924,41454.586233904265,0.006983504211124397,15569.629007929523,0.22141870880575537,0.3,True,False,True,False,False,True,True,False,True,False,True,False
ID29,1983-09-30,1983-12-31,1984-09-30,holdout_evaluation,3,0.8070806565858533,2912.391360256718,0.08255446408159783,501.8357162367526,0.27195795302645687,0.3,True,False,True,False,True,False,True,False,False,True,True,False
ID31,1983-09-30,1983-12-31,1984-09-30,holdout_evaluation,3,0.6989631125688007,121.28698485726258,0.0425959044486357,90.43351535423145,0.2855172446287533,0.3,True,False,True,False,True,False,True,False,False,True,True,False
ID32,1983-09-30,1983-12-31,1984-09-30,holdout_evaluation,3,0.7120422475556336,187746.4546681301,0.11546049856337537,37398.74821349196,0.338318361402991,0.3,True,False,True,False,True,False,True,False,False,True,True,False
ID42,1983-09-30,1983-12-31,1984-09-30,holdout_evaluation,2,0.6379556254672317,655.7974895838724,0.00904107045365517,91.95564409767441,0.08614739139606602,0.3,True,False,True,False,False,True,True,False,False,True,False,True
ID43,1983-09-30,1983-12-31,1984-09-30,holdout_evaluation,2,0.5029531669466856,14.94162913788814,0.020787849831724534,2.911090180414728,0.06579573933623498,0.3,False,True,False,True,True,False,False,True,False,True,False,True
ID46,1983-09-30,1983-12-31,1984-09-30,holdout_evaluation,2,0.5059927853329912,11.826908654974671,0.0010287398344620592,4.286951994213567,0.12495460952176986,0.3,False,True,False,True,False,True,False,True,True,False,True,False
ID55,1983-09-30,1983-12-31,1984-09-30,holdout_evaluation,6,0.44092692771937425,128.26206773449186,0.04624394912993743,44.697733210919175,0.05178640689054135,0.3,False,True,True,False,True,False,True,False,True,False,False,True
ID60,1983-09-30,1983-12-31,1984-09-30,holdout_evaluation,1,0.6401270976787604,542.8641318084102,0.07526533668369288,18.435059267019597,0.16408591688552213,0.3,True,False,True,False,True,False,False,True,False,True,True,False
ID61,1983-09-30,1983-12-31,1984-09-30,holdout_evaluation,1,0.24528217790349538,13.302254228139043,0.0043480653734854924,1.6551462018043992,0.014774740167782054,0.3,False,True,False,True,False,True,False,True,True,False,False,True
ID62,1983-09-30,1983-12-31,1984-09-30,holdout_evaluation,1,0.6457332845635122,15.489250506132304,0.03599570567257571,7.462442069746015,0.04249365644151516,0.3,True,False,False,True,True,False,False,True,True,False,False,True
ID63,1983-09-30,1983-12-31,1984-09-30,holdout_evaluation,2,0.707276144978684,3.7079075526956156,0.014713852104570588,2.2197829270388576,0.1403592157699044,0.3,True,False,False,True,True,False,False,True,False,True,True,False
ID64,1983-09-30,1983-12-31,1984-09-30,holdout_evaluation,2,0.42370555151598077,29.30275885011443,0.011338986734243939,3.6840150304189416,0.00765474051674351,0.3,False,True,False,True,False,True,False,True,False,True,False,True
ID77,1983-09-30,1983-12-31,1984-09-30,holdout_evaluation,6,0.466630938506556,3317.9914612612693,0.009798979595284214,199.2930279750454,0.027787685385503955,0.3,False,True,True,False,False,True,True,False,False,True,False,True
ID78,1983-09-30,1983-12-31,1984-09-30,holdout_evaluation,6,0.24736192117804512,6813.106898510558,0.011080584584406698,209.03635616817928,0.02655954960027976,0.3,False,True,True,False,False,True,True,False,False,True,False,True
ID79,1983-09-30,1983-12-31,1984-09-30,holdout_evaluation,6,0.2962695450135747,11372.877267348205,0.006167669528713111,684.6888012943513,0.010258247255065633,0.3,False,True,True,False,False,True,True,False,True,False,False,True
ID8,1983-09-30,1983-12-31,1984-09-30,holdout_evaluation,2,0.7879686882604042,2588.1846528365104,0.005427009163504887,716.2457397105184,0.20501262133866086,0.3,True,False,True,False,False,True,True,False,True,False,True,False
ID80,1983-09-30,1983-12-31,1984-09-30,holdout_evaluation,6,0.14472575013227595,1778.187049229377,0.00819397717954469,274.46461654409,0.014716061573219344,0.3,False,True,True,False,False,True,True,False,False,True,False,True
ID81,1983-09-30,1983-12-31,1984-09-30,holdout_evaluation,6,0.2994384978534516,1733.9293573047046,0.012991533166601305,104.56415186556022,0.061268551319602516,0.3,False,True,True,False,False,True,True,False,False,True,False,True
ID82,1983-09-30,1983-12-31,1984-09-30,holdout_evaluation,6,0.29193258553163715,15269.513954013535,0.03279595448629821,1025.5986905403088,0.06673251295953397,0.3,False,True,True,False,True,False,True,False,True,False,False,True
ID83,1983-09-30,1983-12-31,1984-09-30,holdout_evaluation,6,0.53102785795961,3037.5931053581635,0.030718276153286053,356.42922693209806,0.11138019156533674,0.3,False,True,True,False,True,False,True,False,False,True,True,False
ID85,1983-09-30,1983-12-31,1984-09-30,holdout_evaluation,6,0.5787381786849316,32.500232940328445,0.008746812144808972,2.7990943429602253,0.02293047702170557,0.3,False,True,False,True,False,True,False,True,False,True,False,True
ID87,1983-09-30,1983-12-31,1984-09-30,holdout_evaluation,6,0.26836941205903075,2562.6074937100484,0.006583727888178433,265.1013262803618,0.004918488406720773,0.3,False,True,True,False,False,True,True,False,False,True,False,True
ID89,1983-09-30,1983-12-31,1984-09-30,holdout_evaluation,2,0.7793636599789564,26.317115031300652,0.031437892454241154,2.218426315543091,0.15313770121041084,0.3,True,False,False,True,True,False,False,True,False,True,True,False
ID9,1983-09-30,1983-12-31,1984-09-30,holdout_evaluation,2,0.687076089326174,3160.3829486713007,0.007358303938790542,621.5850804232462,0.06074787943639978,0.3,True,False,True,False,False,True,True,False,True,False,False,True
ID90,1983-09-30,1983-12-31,1984-09-30,holdout_evaluation,2,0.7308289110513195,7.5593223868057775,0.05970091590093121,2.797812187843499,0.06587775353026111,0.3,True,False,False,True,True,False,False,True,False,True,False,True
ID110,1983-12-31,1984-03-31,1984-12-31,holdout_evaluation,2,0.6945595000718319,61.98091391225252,0.006748804965584637,17.168583141638862,0.10481710405165395,0.3,True,False,False,True,False,True,False,True,False,True,True,False
ID111,1983-12-31,1984-03-31,1984-12-31,holdout_evaluation,2,0.5859323164617573,229.16430310895254,0.006303725368113237,87.0631768248358,0.03765192709212285,0.3,False,True,True,False,False,True,True,False,False,True,False,True
ID114,1983-12-31,1984-03-31,1984-12-31,holdout_evaluation,2,0.6198906021670052,2698.861136916597,0.01406212305549702,560.412581963008,0.0902267472985421,0.3,True,False,True,False,True,False,True,False,False,True,False,True
ID58,1983-12-31,1984-03-31,1984-12-31,holdout_evaluation,3,0.7049454919870137,60.77017808647127,0.006288897272320635,20.759427329917415,0.018447829405414635,0.3,True,False,False,True,False,True,False,True,False,True,False,True
ID71,1983-12-31,1984-03-31,1984-12-31,holdout_evaluation,3,0.3920148130542246,11.899894581362346,0.00440134659268846,2.122338144575755,0.01380704620959957,0.3,False,True,False,True,False,True,False,True,False,True,False,True
ID13,1984-03-31,1984-06-30,1985-03-31,holdout_evaluation,2,0.5662623102386976,2663.656423370419,0.0008848696835384931,726.9791778827789,0.09573215770580719,0.3,False,True,True,False,False,True,True,False,False,True,False,True
ID14,1984-03-31,1984-06-30,1985-03-31,holdout_evaluation,2,0.511945348150527,9299.21903924525,0.011295213013917949,8865.022757906327,0.012036150821084397,0.3,False,True,True,False,False,True,True,False,False,True,False,True
ID15,1984-03-31,1984-06-30,1985-03-31,holdout_evaluation,2,0.6019274225567263,8761.886797589066,0.008946890367967059,4695.2522084428165,0.20754071385268433,0.3,False,True,True,False,False,True,True,False,False,True,True,False
ID16,1984-03-31,1984-06-30,1985-03-31,holdout_evaluation,2,0.46085228517502985,205727.89870742644,0.018950168216121055,43120.34252873345,0.036357437765442466,0.3,False,True,True,False,True,False,True,False,True,False,False,True
ID17,1984-03-31,1984-06-30,1985-03-31,holdout_evaluation,2,0.5218302465947025,13421.260009571428,0.009787811790952256,16387.65456875456,0.10008902595954942,0.3,False,True,True,False,False,True,True,False,False,True,False,True
ID18,1984-03-31,1984-06-30,1985-03-31,holdout_evaluation,2,0.7250527787021416,14332.814234039517,0.041646169152143864,6941.928223081856,0.3756464904795599,0.3,True,False,True,False,True,False,True,False,False,True,True,False
ID19,1984-03-31,1984-06-30,1985-03-31,holdout_evaluation,2,0.6256992395275879,140972.32951261874,0.012427873716498533,51098.612339183834,0.26552593930686813,0.3,True,False,True,False,False,True,True,False,False,True,True,False
ID21,1984-03-31,1984-06-30,1985-03-31,holdout_evaluation,2,0.46960300749336786,33118.43348376495,0.011908124321418509,9066.169966188825,0.04462373061211657,0.3,False,True,True,False,False,True,True,False,False,True,False,True
ID33,1984-03-31,1984-06-30,1985-03-31,holdout_evaluation,2,0.4219546774349266,13.831788431292058,0.0005564293448838947,11.034785580754173,0.043908313958778186,0.3,False,True,False,True,False,True,False,True,True,False,False,True
ID34,1984-03-31,1984-06-30,1985-03-31,holdout_evaluation,2,0.775718747293008,641.5372587070804,0.03893993806188743,191.2550627991087,0.4533568160710623,0.3,True,False,True,False,True,False,True,False,False,True,True,False
ID37,1984-03-31,1984-06-30,1985-03-31,holdout_evaluation,2,0.7601925439833226,18734.106962936967,0.06410891619515491,9134.67852656322,0.42330792574399734,0.3,True,False,True,False,True,False,True,False,False,True,True,False
ID38,1984-03-31,1984-06-30,1985-03-31,holdout_evaluation,2,0.7082735629057765,18862.140165236422,0.1110435608365737,2897.4283055273054,0.24784230854012523,0.3,True,False,True,False,True,False,True,False,False,True,True,False
ID39,1984-03-31,1984-06-30,1985-03-31,holdout_evaluation,2,0.717737220468924,45934.017629236856,0.06990451484106211,34566.813853109925,0.25586588505062957,0.3,True,False,True,False,True,False,True,False,False,True,True,False
ID4,1984-03-31,1984-06-30,1985-03-31,holdout_evaluation,2,0.6519634215400703,66117.57658758617,0.00880698608405827,19767.413504242206,0.14191395978111557,0.3,True,False,True,False,False,True,True,False,False,True,True,False
ID40,1984-03-31,1984-06-30,1985-03-31,holdout_evaluation,2,0.7304720179042756,33782.92523906353,0.003019742533281855,8173.6921078237165,0.20371195795147953,0.3,True,False,True,False,False,True,True,False,False,True,True,False
ID5,1984-03-31,1984-06-30,1985-03-31,holdout_evaluation,2,0.7037170083746608,139.59396870079388,0.0068802946965601935,50.83810608737205,0.26778756844460205,0.3,True,False,True,False,False,True,True,False,False,True,True,False
ID57,1984-03-31,1984-06-30,1985-03-31,holdout_evaluation,2,0.49759402700069505,1557.375606647397,0.01778006177391897,327.8779674733825,0.03633724043437582,0.3,False,True,True,False,True,False,True,False,False,True,False,True
ID7,1984-03-31,1984-06-30,1985-03-31,holdout_evaluation,2,0.6306501926355851,19.432688052351242,0.026414815052342534,7.105903831252933,0.12392350984818669,0.3,True,False,False,True,True,False,False,True,False,True,True,False
ID173,1984-06-30,1984-09-30,1985-06-30,holdout_evaluation,4,0.530764072248838,190.60719980196475,0.036738047456688044,16.025236843584008,0.19793158719164378,0.3,False,True,True,False,True,False,False,True,True,False,True,False
ID174,1984-06-30,1984-09-30,1985-06-30,holdout_evaluation,3,0.5977388877633945,51.66869310585318,0.03624052077213588,12.193014969612385,0.05070957486024264,0.3,False,True,False,True,True,False,False,True,False,True,False,True
ID177,1984-06-30,1984-09-30,1985-06-30,holdout_evaluation,3,0.7605194524508211,244.12553191815536,0.054115068463208904,18.00700609987747,0.05383941787409729,0.3,True,False,True,False,True,False,False,True,False,True,False,True
ID59,1984-06-30,1984-09-30,1985-06-30,holdout_evaluation,3,0.5000221800960889,39991.07803191764,0.00907428896577357,7180.691550803901,0.01575353090731422,0.3,False,True,True,False,False,True,True,False,True,False,False,True
ID0,1984-09-30,1984-12-31,1985-09-30,holdout_evaluation,5,0.7301676299631663,52.41407363140224,0.3844626154403984,2.6602319209980965,1.136866111960426,0.3,True,False,False,True,True,False,False,True,False,True,True,False
ID1,1984-09-30,1984-12-31,1985-09-30,holdout_evaluation,4,0.38702328250707974,10.568042097354303,0.02907569277791434,4.520463377150222,0.029511704545290167,0.3,False,True,False,True,True,False,False,True,False,True,False,True
ID10,1984-09-30,1984-12-31,1985-09-30,holdout_evaluation,2,0.5885631376618446,18.504551380855773,0.02519746648455299,6.802251482707727,0.12320810915355525,0.3,False,True,False,True,True,False,False,True,False,True,True,False
ID102,1984-09-30,1984-12-31,1985-09-30,holdout_evaluation,7,0.4025911796822489,4916.779617384672,0.011829251675744744,256.66073646306273,0.07097131765296479,0.3,False,True,True,False,False,True,True,False,False,True,False,True
ID104,1984-09-30,1984-12-31,1985-09-30,holdout_evaluation,7,0.6182903099300499,292.44871356439546,0.03225500990038538,14.826037683884742,0.09029251949478444,0.3,True,False,True,False,True,False,False,True,False,True,False,True
ID105,1984-09-30,1984-12-31,1985-09-30,holdout_evaluation,7,0.6309473826453427,19.09355618270618,0.009572550350041066,2.2998432684030465,0.035244506260847325,0.3,True,False,False,True,False,True,False,True,False,True,False,True
ID107,1984-09-30,1984-12-31,1985-09-30,holdout_evaluation,7,0.6608025665687676,14.042087930425069,0.02747867147031218,4.028792235659259,0.0437541594322218,0.3,True,False,False,True,True,False,False,True,True,False,False,True
ID108,1984-09-30,1984-12-31,1985-09-30,holdout_evaluation,3,0.6557758874516708,2304.403296283904,0.04499482586715471,289.4945088441294,0.13332659629379973,0.3,True,False,True,False,True,False,True,False,True,False,True,False
ID109,1984-09-30,1984-12-31,1985-09-30,holdout_evaluation,3,0.6861916403869792,5310.467863276861,0.02258652616839644,580.2435194950937,0.11104152978420104,0.3,True,False,True,False,True,False,True,False,False,True,True,False
ID112,1984-09-30,1984-12-31,1985-09-30,holdout_evaluation,7,0.48130134080324216,39.84918826299592,0.012932962726406629,10.75295697360928,0.06453510621825156,0.3,False,True,False,True,False,True,False,True,False,True,False,True
ID113,1984-09-30,1984-12-31,1985-09-30,holdout_evaluation,3,0.8684717483118297,996.2568835001264,0.06983213437384098,49.14341655896103,0.22008796079001047,0.3,True,False,True,False,True,False,True,False,False,True,True,False
ID115,1984-09-30,1984-12-31,1985-09-30,holdout_evaluation,7,0.6749870164835043,23.28275669343101,0.005291787285112995,2.13843519719148,0.04637593154171907,0.3,True,False,False,True,False,True,False,True,False,True,False,True
ID116,1984-09-30,1984-12-31,1985-09-30,holdout_evaluation,3,0.5112098607844211,31.45540508611826,0.0023689777776053538,6.442224077550962,0.0110736243880361,0.3,False,True,False,True,False,True,False,True,True,False,False,True
ID117,1984-09-30,1984-12-31,1985-09-30,holdout_evaluation,3,0.2606666626935305,6.566284125350039,0.004259373915944819,2.94174310718813,0.0185218548883737,0.3,False,True,False,True,False,True,False,True,False,True,False,True
ID118,1984-09-30,1984-12-31,1985-09-30,holdout_evaluation,3,0.46314491309694805,6.675815280835582,0.005907407858504391,1.9176664737259659,0.01282085978281343,0.3,False,True,False,True,False,True,False,True,False,True,False,True
ID119,1984-09-30,1984-12-31,1985-09-30,holdout_evaluation,3,0.3324016527918966,6.972450221262707,0.002678919516991946,1.620500185479187,0.023592194791829182,0.3,False,True,False,True,False,True,False,True,False,True,False,True
ID12,1984-09-30,1984-12-31,1985-09-30,holdout_evaluation,1,0.5470162566077499,94.16705709729342,0.003061642364746958,23.418866042876363,0.21603312256686721,0.3,False,True,False,True,False,True,False,True,False,True,True,False
ID120,1984-09-30,1984-12-31,1985-09-30,holdout_evaluation,1,0.2136851879902284,16.094222530410367,0.011363523619577244,2.0925105290305575,0.0606476377633081,0.3,False,True,False,True,False,True,False,True,False,True,False,True
ID126,1984-09-30,1984-12-31,1985-09-30,holdout_evaluation,4,0.5432370410953646,9.549457495632751,0.002750609386245391,1.8671755767643423,0.042796131328943755,0.3,False,True,False,True,False,True,False,True,False,True,False,True
ID127,1984-09-30,1984-12-31,1985-09-30,holdout_evaluation,3,0.1036093911253067,37.1884039038401,0.003094048474972912,4.750814036138761,0.005553380201363388,0.3,False,True,False,True,False,True,False,True,False,True,False,True
ID128,1984-09-30,1984-12-31,1985-09-30,holdout_evaluation,3,0.22386122182172147,415.6945276059666,0.004456286245733132,56.703917363772796,0.001952233422393893,0.3,False,True,True,False,False,True,True,False,False,True,False,True
ID129,1984-09-30,1984-12-31,1985-09-30,holdout_evaluation,3,0.5706294155390661,39.523233453733056,0.006634224550433117,4.290339734359141,0.07277880735596455,0.3,False,True,False,True,False,True,False,True,False,True,False,True
ID130,1984-09-30,1984-12-31,1985-09-30,holdout_evaluation,3,0.2656254869434753,14.459582027963588,0.0034140546356995734,0.9049620154069343,0.010071625719572302,0.3,False,True,False,True,False,True,False,True,False,True,False,True
ID131,1984-09-30,1984-12-31,1985-09-30,holdout_evaluation,3,0.03859985146387873,132.7170194260702,3.348207248484586e-05,39.57887288909558,0.00532653556788853,0.3,False,True,True,False,False,True,True,False,False,True,False,True
ID134,1984-09-30,1984-12-31,1985-09-30,holdout_evaluation,2,0.6449714604000406,1244.7362846694411,0.303261994699617,157.28477692781536,1.2218474616546955,0.3,True,False,True,False,True,False,True,False,True,False,True,False
ID137,1984-09-30,1984-12-31,1985-09-30,holdout_evaluation,3,0.36319240296120003,5.715123817507271,0.008853328481787751,2.1386944078852643,0.0895350233446284,0.3,False,True,False,True,False,True,False,True,False,True,False,True
ID138,1984-09-30,1984-12-31,1985-09-30,holdout_evaluation,3,0.6478661499607434,5.360052340327716,0.01582979697935705,1.6823976723323462,0.22564807443194812,0.3,True,False,False,True,True,False,False,True,False,True,True,False
ID139,1984-09-30,1984-12-31,1985-09-30,holdout_evaluation,1,0.6127657121827904,6.698911717134653,0.012067322664969706,2.3429610099026665,0.02383267534810289,0.3,True,False,False,True,False,True,False,True,False,True,False,True
ID140,1984-09-30,1984-12-31,1985-09-30,holdout_evaluation,3,0.8371836827125521,87.10989727358546,0.03879376695737326,8.688707602305291,0.0668308916728163,0.3,True,False,False,True,True,False,False,True,False,True,False,True
ID141,1984-09-30,1984-12-31,1985-09-30,holdout_evaluation,3,0.7298175626628591,13.738688398716693,0.006407875716061362,2.8905148264207057,0.032438444661899726,0.3,True,False,False,True,False,True,False,True,True,False,False,True
ID142,1984-09-30,1984-12-31,1985-09-30,holdout_evaluation,3,0.3284357201103718,11.744336987197926,0.008216241232280638,1.7511714068649806,0.02109211492179463,0.3,False,True,False,True,False,True,False,True,False,True,False,True
ID143,1984-09-30,1984-12-31,1985-09-30,holdout_evaluation,3,0.4070696357293635,6.767820650977766,0.007526511077083676,1.8477372685435796,0.018343989119611975,0.3,False,True,False,True,False,True,False,True,False,True,False,True
ID144,1984-09-30,1984-12-31,1985-09-30,holdout_evaluation,3,0.7347728722121766,26.45540485388242,0.020398094403464313,6.541470625296699,0.048842697428515144,0.3,True,False,False,True,True,False,False,True,False,True,False,True
ID145,1984-09-30,1984-12-31,1985-09-30,holdout_evaluation,3,0.22942210980159988,10.732802565406871,0.0038021330570488406,3.204190905968255,0.003253226380688767,0.3,False,True,False,True,False,True,False,True,False,True,False,True
ID154,1984-09-30,1984-12-31,1985-09-30,holdout_evaluation,3,0.5724157880452383,9.664140669080144,0.014095740927194848,2.480456130994897,0.014716057506467798,0.3,False,True,False,True,True,False,False,True,False,True,False,True
ID155,1984-09-30,1984-12-31,1985-09-30,holdout_evaluation,3,0.5470361088330757,14.400658653489666,0.003374110439104837,2.6634101880326773,0.009699221750903394,0.3,False,True,False,True,False,True,False,True,True,False,False,True
ID156,1984-09-30,1984-12-31,1985-09-30,holdout_evaluation,4,0.5432370410953646,9.549457495632751,0.002750609386245391,1.8671755767643423,0.042796131328943755,0.3,False,True,False,True,False,True,False,True,False,True,False,True
ID157,1984-09-30,1984-12-31,1985-09-30,holdout_evaluation,3,0.6715919608953331,58.827786768824566,0.015862251816053552,24.38957432588314,0.09617299465597476,0.3,True,False,False,True,True,False,False,True,False,True,False,True
ID158,1984-09-30,1984-12-31,1985-09-30,holdout_evaluation,3,0.48101854255938603,7.618927154745187,0.018243188246896722,3.4859944809910726,0.06474067210726761,0.3,False,True,False,True,True,False,False,True,False,True,False,True
ID159,1984-09-30,1984-12-31,1985-09-30,holdout_evaluation,3,0.2750318215098285,66.1288533164928,0.007176482935527834,10.93245445538784,0.001527031148469485,0.3,False,True,False,True,False,True,False,True,False,True,False,True
ID160,1984-09-30,1984-12-31,1985-09-30,holdout_evaluation,3,0.4372504390504455,7.692336517044753,0.007592489707543573,2.8427838040299647,0.05917514000083102,0.3,False,True,False,True,False,True,False,True,True,False,False,True
ID161,1984-09-30,1984-12-31,1985-09-30,holdout_evaluation,3,0.3310930992351385,24.758590089330813,0.0019260387771498442,2.711976615252572,0.033151912537352106,0.3,False,True,False,True,False,True,False,True,False,True,False,True
ID164,1984-09-30,1984-12-31,1985-09-30,holdout_evaluation,4,0.7139441460910982,168.27533734620272,0.02521884969253324,15.435667205556381,0.12046228290827177,0.3,True,False,True,False,True,False,False,True,True,False,True,False
ID166,1984-09-30,1984-12-31,1985-09-30,holdout_evaluation,3,0.6916091547041208,3941454772.9492188,0.0717654502035811,4.149667677370474,0.12308238688103429,0.3,True,False,True,False,True,False,False,True,True,False,True,False
ID167,1984-09-30,1984-12-31,1985-09-30,holdout_evaluation,3,0.6514751871992508,397.0572393282292,0.036434668394148634,11.641296882568463,0.06600755798481532,0.3,True,False,True,False,True,False,False,True,True,False,False,True
ID168,1984-09-30,1984-12-31,1985-09-30,holdout_evaluation,2,0.9386703489470278,6.04960771137721,0.002855539211486069,2.0068045121834754,0.38419368317610664,0.3,True,False,False,True,False,True,False,True,False,True,True,False
ID176,1984-09-30,1984-12-31,1985-09-30,holdout_evaluation,3,0.6123363747219023,72.2836777284794,0.07591890789952546,9.895247053983224,0.1383434695008551,0.3,True,False,False,True,True,False,False,True,False,True,True,False
ID192,1984-09-30,1984-12-31,1985-09-30,holdout_evaluation,3,0.7155846493592832,17.905264360053977,0.00826565293505551,5.4422013289398175,0.017302630743514152,0.3,True,False,False,True,False,True,False,True,False,True,False,True
ID193,1984-09-30,1984-12-31,1985-09-30,holdout_evaluation,4,0.7290422306881188,182.60647939212265,0.032225337054819565,34.45166508601865,0.05525471286836419,0.3,True,False,True,False,True,False,True,False,False,True,False,True
ID194,1984-09-30,1984-12-31,1985-09-30,holdout_evaluation,5,0.37298407569480935,8.478866721355066,0.007395809376123908,2.515815640705883,0.005747624986782509,0.3,False,True,False,True,False,True,False,True,False,True,False,True
ID195,1984-09-30,1984-12-31,1985-09-30,holdout_evaluation,5,0.6919720105014001,6.745425514435109,0.0005859694295805365,1.5994317818341837,0.06901268287971239,0.3,True,False,False,True,False,True,False,True,True,False,False,True
ID196,1984-09-30,1984-12-31,1985-09-30,holdout_evaluation,5,0.7907086707276227,1213.7003033871583,0.16488535103589713,541.0512464416071,0.16276881632055895,0.3,True,False,True,False,True,False,True,False,True,False,True,False
ID197,1984-09-30,1984-12-31,1985-09-30,holdout_evaluation,4,0.14531574100210032,6.531988346719326,0.0032194406240958567,0.6501948635154159,0.005601159073646404,0.3,False,True,False,True,False,True,False,True,False,True,False,True
ID198,1984-09-30,1984-12-31,1985-09-30,holdout_evaluation,5,0.3949391239945141,63.4536487997786,0.0018432308727103675,22.73897510351931,0.01472408290960698,0.3,False,True,False,True,False,True,False,True,False,True,False,True
ID199,1984-09-30,1984-12-31,1985-09-30,holdout_evaluation,5,0.7688295126565343,83.1047795971231,0.03754852185031471,6.598529878930553,0.3232436748481261,0.3,True,False,False,True,True,False,False,True,False,True,True,False
ID2,1984-09-30,1984-12-31,1985-09-30,holdout_evaluation,4,0.68606541491891,170.9263182760324,0.036948967713027955,19.731323487196462,0.05215683020641568,0.3,True,False,True,False,True,False,False,True,True,False,False,True
ID200,1984-09-30,1984-12-31,1985-09-30,holdout_evaluation,5,0.6622522362168308,23.612117623243492,0.08033926992740849,6.196097943335929,0.5011046027589723,0.3,True,False,False,True,True,False,False,True,False,True,True,False
ID201,1984-09-30,1984-12-31,1985-09-30,holdout_evaluation,5,0.384543396764743,13.037174201244731,0.00460216055591039,7.078440678168516,0.010781187979633757,0.3,False,True,False,True,False,True,False,True,True,False,False,True
ID202,1984-09-30,1984-12-31,1985-09-30,holdout_evaluation,5,0.7017846108325446,9.685032220162597,0.09557349973619023,2.760392414165648,0.38989402997953215,0.3,True,False,False,True,True,False,False,True,False,True,True,False
ID23,1984-09-30,1984-12-31,1985-09-30,holdout_evaluation,3,0.8039223117292577,1448.6648374259755,0.01873472913418553,188.15341864235302,0.03316247538774787,0.3,True,False,True,False,True,False,True,False,False,True,False,True
ID24,1984-09-30,1984-12-31,1985-09-30,holdout_evaluation,3,0.7527839849975465,1797.2559168835428,0.005020224705108864,158.91450877391213,0.0673913983312539,0.3,True,False,True,False,False,True,True,False,False,True,False,True
ID25,1984-09-30,1984-12-31,1985-09-30,holdout_evaluation,3,0.7527839849975465,762.5377964895879,0.012834208920359719,173.13101923962455,0.0673913983312539,0.3,True,False,True,False,False,True,True,False,True,False,False,True
ID42,1984-09-30,1984-12-31,1985-09-30,holdout_evaluation,3,0.7361851852192001,1693.8085307105002,0.028966520362061536,92.2773726552516,0.07362194831336841,0.3,True,False,True,False,True,False,True,False,False,True,False,True
ID43,1984-09-30,1984-12-31,1985-09-30,holdout_evaluation,3,0.671293046196581,21.462847290430872,0.018261737894679716,3.1230223656022167,0.036018811584925634,0.3,True,False,False,True,True,False,False,True,False,True,False,True
ID46,1984-09-30,1984-12-31,1985-09-30,holdout_evaluation,3,0.5137119842077629,19.4750494377659,0.009545384057840774,4.8976465938372105,0.05757547338691864,0.3,False,True,False,True,False,True,False,True,False,True,False,True
ID55,1984-09-30,1984-12-31,1985-09-30,holdout_evaluation,7,0.40036694206127965,205.8659703515085,0.023046104175465824,38.69041410325706,0.11399286285727742,0.3,False,True,True,False,True,False,True,False,False,True,True,False
ID60,1984-09-30,1984-12-31,1985-09-30,holdout_evaluation,2,0.5879157205272337,142.7204692626903,0.030920231625278766,16.182750256801715,0.108587143042495,0.3,False,True,True,False,True,False,False,True,True,False,True,False
ID61,1984-09-30,1984-12-31,1985-09-30,holdout_evaluation,2,0.32234136688492676,10.77072970302785,0.007364287771085953,1.4696883015919702,0.01325331686012508,0.3,False,True,False,True,False,True,False,True,False,True,False,True
ID62,1984-09-30,1984-12-31,1985-09-30,holdout_evaluation,2,0.4352434109319977,31.59740733686573,0.029627659969945278,6.105134659329805,0.01827426285393432,0.3,False,True,False,True,True,False,False,True,False,True,False,True
ID63,1984-09-30,1984-12-31,1985-09-30,holdout_evaluation,3,0.75705521593599,4.874647275661386,0.013559189665465404,1.9963115809313507,0.14017600544490527,0.3,True,False,False,True,False,True,False,True,False,True,True,False
ID64,1984-09-30,1984-12-31,1985-09-30,holdout_evaluation,3,0.4205605410202105,19.516805811395557,0.012066596161263255,2.9220047410264076,0.008888963365451735,0.3,False,True,False,True,False,True,False,True,False,True,False,True
ID77,1984-09-30,1984-12-31,1985-09-30,holdout_evaluation,7,0.34215318435208714,779.4126079235141,0.007278696239590545,214.47006384940443,0.04833382916182112,0.3,False,True,True,False,False,True,True,False,True,False,False,True
ID78,1984-09-30,1984-12-31,1985-09-30,holdout_evaluation,7,0.333602899890699,5021.515432582063,0.00740510914954775,204.8060055757162,0.03662460477295114,0.3,False,True,True,False,False,True,True,False,False,True,False,True
ID79,1984-09-30,1984-12-31,1985-09-30,holdout_evaluation,7,0.19050590252856942,8419.312401783029,0.006126838960777939,698.1850076922037,0.03578158900548683,0.3,False,True,True,False,False,True,True,False,True,False,False,True
ID8,1984-09-30,1984-12-31,1985-09-30,holdout_evaluation,3,0.758751979849224,2004.8554764235023,0.0027510382557460883,587.6834166587242,0.2903769762088243,0.3,True,False,True,False,False,True,True,False,True,False,True,False
ID80,1984-09-30,1984-12-31,1985-09-30,holdout_evaluation,7,0.32191541854958927,3130.201042509906,0.008219440680901198,277.10637360606,0.021760580091107234,0.3,False,True,True,False,False,True,True,False,False,True,False,True
ID81,1984-09-30,1984-12-31,1985-09-30,holdout_evaluation,7,0.348326928019122,744.2296923456768,0.02029868499369248,148.39287256096375,0.02538039768667126,0.3,False,True,True,False,True,False,True,False,False,True,False,True
ID82,1984-09-30,1984-12-31,1985-09-30,holdout_evaluation,7,0.39862002507071126,19850.030934379763,0.025594399266914758,1207.5109313561322,0.06622063844878204,0.3,False,True,True,False,True,False,True,False,False,True,False,True
ID83,1984-09-30,1984-12-31,1985-09-30,holdout_evaluation,7,0.5464099749465432,11138.929402703583,0.030718276153286053,421.31518528861164,0.08708953068307002,0.3,False,True,True,False,True,False,True,False,False,True,False,True
ID85,1984-09-30,1984-12-31,1985-09-30,holdout_evaluation,7,0.6712897156563752,40.907685705080965,0.009550130178514037,2.89424229197802,0.02032229850185437,0.3,True,False,False,True,False,True,False,True,False,True,False,True
ID87,1984-09-30,1984-12-31,1985-09-30,holdout_evaluation,7,0.2169727978392973,2752.8840271131285,0.0056411612621550785,267.81371013670946,0.023391707728901215,0.3,False,True,True,False,False,True,True,False,False,True,False,True
ID89,1984-09-30,1984-12-31,1985-09-30,holdout_evaluation,3,0.7411692097784172,8.404372061758362,0.017342248379851516,2.031443271172898,0.13473318421825575,0.3,True,False,False,True,True,False,False,True,False,True,True,False
ID9,1984-09-30,1984-12-31,1985-09-30,holdout_evaluation,3,0.6283626017962675,1884.1053808614975,0.01977607365839404,541.1647419956985,0.08494147791854031,0.3,True,False,True,False,True,False,True,False,False,True,False,True
ID90,1984-09-30,1984-12-31,1985-09-30,holdout_evaluation,3,0.731817290459987,13.873535670884547,0.06637533205667061,2.2454099041132594,0.12338732383082973,0.3,True,False,False,True,True,False,False,True,False,True,True,False
ID99,1984-09-30,1984-12-31,1985-09-30,holdout_evaluation,1,0.5490671939067083,57.19315779309494,0.02296880171648949,8.078247896155567,0.05628688799860404,0.3,False,True,False,True,True,False,False,True,True,False,False,True
ID110,1984-12-31,1985-03-31,1985-12-31,holdout_evaluation,3,0.7318738433191445,51.148852379387975,0.010109831021800617,14.379423771292219,0.22360148002500085,0.3,True,False,False,True,False,True,False,True,True,False,True,False
ID111,1984-12-31,1985-03-31,1985-12-31,holdout_evaluation,3,0.5306624042951729,265.20824226504067,0.005074130083963867,81.71121722054932,0.14400225025717964,0.3,False,True,True,False,False,True,True,False,True,False,True,False
ID114,1984-12-31,1985-03-31,1985-12-31,holdout_evaluation,3,0.6786239305623274,3785.642864033329,0.010709732207294799,555.8402110510167,0.08927733174722463,0.3,True,False,True,False,False,True,True,False,False,True,False,True
ID56,1984-12-31,1985-03-31,1985-12-31,holdout_evaluation,1,0.5848573794793372,22.825058603856,0.006929168928668619,3.8247946120624645,0.01322381338445478,0.3,False,True,False,True,False,True,False,True,False,True,False,True
ID58,1984-12-31,1985-03-31,1985-12-31,holdout_evaluation,4,0.6757722542910972,90.69631443038102,0.00184835343309446,18.24121351616323,0.02649170591897506,0.3,True,False,False,True,False,True,False,True,False,True,False,True
ID71,1984-12-31,1985-03-31,1985-12-31,holdout_evaluation,4,0.27373827195677797,8.592703746334184,0.00436680225794467,1.8710417686727179,0.017708408640439297,0.3,False,True,False,True,False,True,False,True,False,True,False,True
ID13,1985-03-31,1985-06-30,1986-03-31,holdout_evaluation,3,0.4962863432780925,3713.3080210961125,0.006979176991474921,1321.824428249472,0.0680331799796224,0.3,False,True,True,False,False,True,True,False,True,False,False,True
ID14,1985-03-31,1985-06-30,1986-03-31,holdout_evaluation,3,0.4838136776882602,9220.472358583174,0.01909592035069006,6530.8694900595965,0.08574378866003719,0.3,False,True,True,False,True,False,True,False,False,True,False,True
ID15,1985-03-31,1985-06-30,1986-03-31,holdout_evaluation,3,0.7304019205518922,25347.583114271867,0.05269739086863513,4921.064865881716,0.36905023764887523,0.3,True,False,True,False,True,False,True,False,False,True,True,False
ID16,1985-03-31,1985-06-30,1986-03-31,holdout_evaluation,3,0.3986001562935954,79782.1818065423,0.02333461336961433,33629.85684264903,0.29987902702751323,0.3,False,True,True,False,True,False,True,False,False,True,True,False
ID17,1985-03-31,1985-06-30,1986-03-31,holdout_evaluation,3,0.7213572801966227,43733.8081393427,0.021911841082638453,13480.774157381997,0.05072565992745886,0.3,True,False,True,False,True,False,True,False,False,True,False,True
ID18,1985-03-31,1985-06-30,1986-03-31,holdout_evaluation,3,0.679941716072189,39149.53635954659,0.06019754810949507,8065.188339231674,0.6122519598347378,0.3,True,False,True,False,True,False,True,False,True,False,True,False
ID19,1985-03-31,1985-06-30,1986-03-31,holdout_evaluation,3,0.7004177513470415,718063.2118094256,0.01729338960879493,103248.49372743328,0.10471404960154887,0.3,True,False,True,False,True,False,True,False,False,True,True,False
ID21,1985-03-31,1985-06-30,1986-03-31,holdout_evaluation,3,0.5000221800960889,39991.63921061197,0.009073226493935362,7180.730184997786,0.01575353090731422,0.3,False,True,True,False,False,True,True,False,True,False,False,True
ID33,1985-03-31,1985-06-30,1986-03-31,holdout_evaluation,3,0.5465381716468666,84.54338044826926,0.00341573542377613,22.714790759743686,0.08043659297750777,0.3,False,True,False,True,False,True,False,True,True,False,False,True
ID34,1985-03-31,1985-06-30,1986-03-31,holdout_evaluation,3,0.8247204785120381,1109.013622224751,0.045221186257577296,400.7756298222489,1.0373617228700827,0.3,True,False,True,False,True,False,True,False,True,False,True,False
ID37,1985-03-31,1985-06-30,1986-03-31,holdout_evaluation,3,0.7487367712292585,4188.16133733626,0.057541630248315045,6951.839155967087,0.8699556029082471,0.3,True,False,True,False,True,False,True,False,True,False,True,False
ID38,1985-03-31,1985-06-30,1986-03-31,holdout_evaluation,3,0.6784689298630404,20775.471944681347,0.08128753105414974,2494.7074589937497,0.5576130484645535,0.3,True,False,True,False,True,False,True,False,False,True,True,False
ID39,1985-03-31,1985-06-30,1986-03-31,holdout_evaluation,3,0.7314289710967432,186017.13063712438,0.06356246957199507,27543.497686045546,0.483509699746965,0.3,True,False,True,False,True,False,True,False,False,True,True,False
ID4,1985-03-31,1985-06-30,1986-03-31,holdout_evaluation,3,0.5989252750716971,245668.78289219542,0.009368546038798562,53306.745716280755,0.21126473648522592,0.3,False,True,True,False,False,True,True,False,True,False,True,False
ID40,1985-03-31,1985-06-30,1986-03-31,holdout_evaluation,3,0.6419548001507649,19541.46804073627,0.352256563960363,6193.995885447237,0.45782658888406574,0.3,True,False,True,False,True,False,True,False,False,True,True,False
ID5,1985-03-31,1985-06-30,1986-03-31,holdout_evaluation,3,0.7639420570086981,720.2322493338324,0.013636748817843158,103.93161996664473,0.1021246467594144,0.3,True,False,True,False,False,True,True,False,False,True,False,True
ID57,1985-03-31,1985-06-30,1986-03-31,holdout_evaluation,3,0.40728215602892553,604.1673726176812,0.023640505535034696,255.72916663515502,0.3004470532795586,0.3,False,True,True,False,True,False,True,False,False,True,True,False
ID7,1985-03-31,1985-06-30,1986-03-31,holdout_evaluation,3,0.6678482074077761,91.31462469512141,0.017707798181685552,7.957381261104138,0.06762737376331801,0.3,True,False,False,True,True,False,False,True,True,False,False,True
ID173,1985-06-30,1985-09-30,1986-06-30,holdout_evaluation,5,0.5957835186804246,214.28350396468693,0.05243573930422987,18.618928785528187,0.09698857083577361,0.3,False,True,True,False,True,False,False,True,False,True,False,True
ID174,1985-06-30,1985-09-30,1986-06-30,holdout_evaluation,4,0.5312271624890137,76.00845161053405,0.04175758634609081,10.365110576952466,0.10720597413549152,0.3,False,True,False,True,True,False,False,True,True,False,True,False
ID177,1985-06-30,1985-09-30,1986-06-30,holdout_evaluation,4,0.609736534976242,344.97379087456864,0.0799154065133752,15.206150090448707,0.04325710888213838,0.3,False,True,True,False,True,False,False,True,False,True,False,True
ID59,1985-06-30,1985-09-30,1986-06-30,holdout_evaluation,4,0.3441900478249987,17527.44299097512,0.011909956591725761,5785.415173647338,0.008384899012784303,0.3,False,True,True,False,False,True,True,False,True,False,False,True
ID1,1985-09-30,1985-12-31,1986-09-30,holdout_evaluation,5,0.33424890096228893,5.193168674270078,0.01670139980964134,3.9728975337557846,0.03743865810081688,0.3,False,True,False,True,True,False,False,True,False,True,False,True
ID10,1985-09-30,1985-12-31,1986-09-30,holdout_evaluation,3,0.6665942613166191,87.15538441645856,0.016120060958219495,7.610328807200431,0.06713660304027302,0.3,True,False,False,True,True,False,False,True,False,True,False,True
ID101,1985-09-30,1985-12-31,1986-09-30,holdout_evaluation,1,0.3495422121250831,8.53088131875299,0.009035260829167325,1.8301877770522177,0.01902289548161425,0.3,False,True,False,True,False,True,False,True,False,True,False,True
ID102,1985-09-30,1985-12-31,1986-09-30,holdout_evaluation,8,0.2939490753620478,6396.718988533203,0.011829251675744744,322.6230856462782,0.02366342849469751,0.3,False,True,True,False,False,True,True,False,True,False,False,True
ID104,1985-09-30,1985-12-31,1986-09-30,holdout_evaluation,8,0.6164345863888491,250.4816369027408,0.022852850159535282,16.476434662149583,0.07136765245780194,0.3,True,False,True,False,True,False,False,True,False,True,False,True
ID105,1985-09-30,1985-12-31,1986-09-30,holdout_evaluation,8,0.6068711673974839,23.085402037628437,0.009572550350041066,2.706347163705416,0.015439956784626195,0.3,False,True,False,True,False,True,False,True,False,True,False,True
ID107,1985-09-30,1985-12-31,1986-09-30,holdout_evaluation,8,0.49410184634128584,27.191175686218823,0.019569091501038853,4.1726631429799905,0.0439492822973022,0.3,False,True,False,True,True,False,False,True,False,True,False,True
ID108,1985-09-30,1985-12-31,1986-09-30,holdout_evaluation,4,0.7410877273228804,2434.5573969017387,0.08374007829248407,303.91317844232236,0.08892292606999748,0.3,True,False,True,False,True,False,True,False,False,True,False,True
ID109,1985-09-30,1985-12-31,1986-09-30,holdout_evaluation,4,0.6569772763314149,9179.474968976618,0.0012993919081870503,730.7771022082815,0.025140910619119036,0.3,True,False,True,False,False,True,True,False,False,True,False,True
ID112,1985-09-30,1985-12-31,1986-09-30,holdout_evaluation,8,0.38535417343373474,107.54789049222563,0.017515137466369308,12.300474105145488,0.03476675327133575,0.3,False,True,False,True,True,False,False,True,False,True,False,True
ID115,1985-09-30,1985-12-31,1986-09-30,holdout_evaluation,8,0.5733011133667747,39.72136508205906,0.008854413800825186,2.5170347464234544,0.03194054923435493,0.3,False,True,False,True,False,True,False,True,False,True,False,True
ID116,1985-09-30,1985-12-31,1986-09-30,holdout_evaluation,4,0.37994146221573766,32.23456152521717,0.0018808695051871997,5.899636565868149,0.021912931246322823,0.3,False,True,False,True,False,True,False,True,False,True,False,True
ID117,1985-09-30,1985-12-31,1986-09-30,holdout_evaluation,4,0.46928758992525466,20.268163993501283,0.004913393022611016,3.0758447359532646,0.019850222175644208,0.3,False,True,False,True,False,True,False,True,False,True,False,True
ID118,1985-09-30,1985-12-31,1986-09-30,holdout_evaluation,4,0.41546624521263464,13.182477001058604,0.002811576154933798,1.7167693002674675,0.009222484633485191,0.3,False,True,False,True,False,True,False,True,False,True,False,True
ID119,1985-09-30,1985-12-31,1986-09-30,holdout_evaluation,4,0.31332831108951725,5.765779466472322,0.003605041325931556,1.535978311054277,0.06860968265640753,0.3,False,True,False,True,False,True,False,True,False,True,False,True
ID12,1985-09-30,1985-12-31,1986-09-30,holdout_evaluation,2,0.6673127407613394,492.5091728896939,0.006123284729493916,56.76962245691091,0.11411181926695492,0.3,True,False,True,False,False,True,True,False,True,False,True,False
ID120,1985-09-30,1985-12-31,1986-09-30,holdout_evaluation,2,0.28362539732106734,4.763106041340624,0.013832408127524308,2.552160687460184,0.04336543259615122,0.3,False,True,False,True,True,False,False,True,False,True,False,True
ID126,1985-09-30,1985-12-31,1986-09-30,holdout_evaluation,5,0.5934841869632803,8.894067718582574,0.004077655765449585,2.0440997373457126,0.020806254573050246,0.3,False,True,False,True,False,True,False,True,False,True,False,True
ID127,1985-09-30,1985-12-31,1986-09-30,holdout_evaluation,4,0.20710859196938253,39.578412874213875,0.002149651615218785,4.2579513933486846,0.006675290239401206,0.3,False,True,False,True,False,True,False,True,False,True,False,True
ID128,1985-09-30,1985-12-31,1986-09-30,holdout_evaluation,4,0.17883358532634086,259.46685031329156,0.005026733589023053,48.383942357448426,0.041696710653782644,0.3,False,True,True,False,False,True,True,False,True,False,False,True
ID129,1985-09-30,1985-12-31,1986-09-30,holdout_evaluation,4,0.38625840292810093,9.016950643787293,0.008028509824890763,4.541671951715021,0.09095280288213811,0.3,False,True,False,True,False,True,False,True,True,False,False,True
ID130,1985-09-30,1985-12-31,1986-09-30,holdout_evaluation,4,0.2622452206317845,12.605143352218374,0.004228992197127407,0.8078528310607554,0.009094568064011963,0.3,False,True,False,True,False,True,False,True,False,True,False,True
ID131,1985-09-30,1985-12-31,1986-09-30,holdout_evaluation,4,0.05183207099306758,141.35081445906073,6.217601948484835e-05,37.35428251493752,0.005289795780534983,0.3,False,True,True,False,False,True,True,False,False,True,False,True
ID134,1985-09-30,1985-12-31,1986-09-30,holdout_evaluation,3,0.7534915351316,3982.9224438965703,0.41492170802493866,190.79573174073403,0.8144013009242186,0.3,True,False,True,False,True,False,True,False,False,True,True,False
ID137,1985-09-30,1985-12-31,1986-09-30,holdout_evaluation,4,0.39207378696665685,29.101907897307598,0.011061110986558393,2.648838718042008,0.0727174594400303,0.3,False,True,False,True,False,True,False,True,True,False,False,True
ID138,1985-09-30,1985-12-31,1986-09-30,holdout_evaluation,4,0.6572218606227974,17.936602623233078,0.028802634253291957,2.021290846244838,0.024106658695712237,0.3,True,False,False,True,True,False,False,True,False,True,False,True
ID139,1985-09-30,1985-12-31,1986-09-30,holdout_evaluation,2,0.5692512371553682,4.636917401474457,0.011615748042497973,2.0167400200676666,0.15358491274725578,0.3,False,True,False,True,False,True,False,True,False,True,True,False
ID140,1985-09-30,1985-12-31,1986-09-30,holdout_evaluation,4,0.8224236664750978,140.3465437480118,0.009000085643594176,7.649326719872849,0.04803389158367524,0.3,True,False,True,False,False,True,False,True,False,True,False,True
ID141,1985-09-30,1985-12-31,1986-09-30,holdout_evaluation,4,0.7705401870976056,22.28743519171028,0.006138383154935003,2.652947584280449,0.037785397882605196,0.3,True,False,False,True,False,True,False,True,True,False,False,True
ID142,1985-09-30,1985-12-31,1986-09-30,holdout_evaluation,4,0.2787120467364147,4.4856155056060425,0.010902917414621204,1.6461284739708097,0.03338336102397224,0.3,False,True,False,True,False,True,False,True,True,False,False,True
ID143,1985-09-30,1985-12-31,1986-09-30,holdout_evaluation,4,0.35725426518285114,4.539270730599348,0.006798136442819427,1.6704924758422017,0.08328404556382807,0.3,False,True,False,True,False,True,False,True,False,True,False,True
ID144,1985-09-30,1985-12-31,1986-09-30,holdout_evaluation,4,0.7340263383123067,28.412678539614433,0.012708037677274117,5.71678483824862,0.1474241401946362,0.3,True,False,False,True,False,True,False,True,False,True,True,False
ID145,1985-09-30,1985-12-31,1986-09-30,holdout_evaluation,4,0.14426248805346154,13.644654177077992,0.00580663892146506,2.7411459274045775,0.013485567582960647,0.3,False,True,False,True,False,True,False,True,False,True,False,True
ID154,1985-09-30,1985-12-31,1986-09-30,holdout_evaluation,4,0.6303947755514844,14.25448374765107,0.01239311809327853,2.1504322647134644,0.05206541273556886,0.3,True,False,False,True,False,True,False,True,False,True,False,True
ID155,1985-09-30,1985-12-31,1986-09-30,holdout_evaluation,4,0.621308500239482,13.538861811526399,0.003733117216057777,2.291886549813436,0.026087349461660827,0.3,True,False,False,True,False,True,False,True,False,True,False,True
ID156,1985-09-30,1985-12-31,1986-09-30,holdout_evaluation,5,0.5934841869632803,8.894067718582574,0.004077655765449585,2.0440997373457126,0.020806254573050246,0.3,False,True,False,True,False,True,False,True,False,True,False,True
ID157,1985-09-30,1985-12-31,1986-09-30,holdout_evaluation,4,0.5157768183716661,235.1067697089785,0.02476430511769842,22.884027299113264,0.22983897037392315,0.3,False,True,True,False,True,False,False,True,False,True,True,False
ID158,1985-09-30,1985-12-31,1986-09-30,holdout_evaluation,4,0.42878406489983345,39.574735461440746,0.016291510349179868,3.233275406391495,0.1123380419588262,0.3,False,True,False,True,True,False,False,True,True,False,True,False
ID159,1985-09-30,1985-12-31,1986-09-30,holdout_evaluation,4,0.12259091543014533,53.27626701424711,0.007668972815937307,9.325138308132669,0.03731913742593192,0.3,False,True,False,True,False,True,False,True,True,False,False,True
ID160,1985-09-30,1985-12-31,1986-09-30,holdout_evaluation,4,0.3775974184216953,10.491483172445873,0.009612771569585697,2.8383664424663424,0.13060352164846958,0.3,False,True,False,True,False,True,False,True,True,False,True,False
ID161,1985-09-30,1985-12-31,1986-09-30,holdout_evaluation,4,0.2719133635813138,3.3744387887026512,0.0028728310306952373,2.575461651116195,0.08402489589303913,0.3,False,True,False,True,False,True,False,True,False,True,False,True
ID164,1985-09-30,1985-12-31,1986-09-30,holdout_evaluation,5,0.8085759920642818,613.8660641205606,0.027775496867387256,14.03654144633167,0.3428599717254198,0.3,True,False,True,False,True,False,False,True,False,True,True,False
ID166,1985-09-30,1985-12-31,1986-09-30,holdout_evaluation,4,0.5227589658765953,1596616733.0741882,0.12375814616159994,4.097919162274009,0.1404926212904279,0.3,False,True,True,False,True,False,False,True,False,True,True,False
ID167,1985-09-30,1985-12-31,1986-09-30,holdout_evaluation,4,0.5069890896235473,393.9113930726346,0.02896076178209161,10.398654766649464,0.03838938885276573,0.3,False,True,True,False,True,False,False,True,False,True,False,True
ID168,1985-09-30,1985-12-31,1986-09-30,holdout_evaluation,3,0.844918163089446,18.04227079966832,0.004468544034996996,1.8287345390403942,0.3499552619240057,0.3,True,False,False,True,False,True,False,True,True,False,True,False
ID176,1985-09-30,1985-12-31,1986-09-30,holdout_evaluation,4,0.6621136147289948,152.7626152003798,0.05598136741333005,8.8736946332972,0.18429124300318037,0.3,True,False,True,False,True,False,False,True,True,False,True,False
ID192,1985-09-30,1985-12-31,1986-09-30,holdout_evaluation,4,0.7100526811850115,17.384749194473304,0.00941864937186597,4.660999583713897,0.05362578513330288,0.3,True,False,False,True,False,True,False,True,True,False,False,True
ID193,1985-09-30,1985-12-31,1986-09-30,holdout_evaluation,5,0.7208957171351306,97.1776807558255,0.017002321073988767,31.011731891582727,0.023072083804032303,0.3,True,False,False,True,True,False,True,False,True,False,False,True
ID197,1985-09-30,1985-12-31,1986-09-30,holdout_evaluation,5,0.300309197717357,8.008813088990571,0.0012143473428782286,0.5793555319629227,0.005143196105273411,0.3,False,True,False,True,False,True,False,True,False,True,False,True
ID2,1985-09-30,1985-12-31,1986-09-30,holdout_evaluation,5,0.7077258573330258,88.56018522140974,0.048881210028740546,17.213381906979613,0.043539935996131075,0.3,True,False,False,True,True,False,False,True,False,True,False,True
ID23,1985-09-30,1985-12-31,1986-09-30,holdout_evaluation,4,0.7763363751624657,1001.9981576005353,0.03746945826837106,149.6076965869359,0.08373712195803745,0.3,True,False,True,False,True,False,True,False,False,True,False,True
ID24,1985-09-30,1985-12-31,1986-09-30,holdout_evaluation,4,0.7779160412603447,1252.9062675642067,0.010040449410217728,130.6548277064071,0.07515348027113367,0.3,True,False,True,False,False,True,True,False,True,False,False,True
ID25,1985-09-30,1985-12-31,1986-09-30,holdout_evaluation,4,0.7779160412603447,555.2670796227881,0.025668417840719437,141.4565220404508,0.07515348027113367,0.3,True,False,True,False,True,False,True,False,False,True,False,True
ID30,1985-09-30,1985-12-31,1986-09-30,holdout_evaluation,1,0.8150514283596015,118.21075098845873,0.0368444363785618,18.977926301400426,0.3304631214739558,0.3,True,False,False,True,True,False,False,True,False,True,True,False
ID42,1985-09-30,1985-12-31,1986-09-30,holdout_evaluation,4,0.730656951250859,833.8977645556918,0.0349858421615058,88.82573703976055,0.041213017718907445,0.3,True,False,True,False,True,False,True,False,True,False,False,True
ID43,1985-09-30,1985-12-31,1986-09-30,holdout_evaluation,4,0.6687292766017705,31.266151662637036,0.020787849831724534,2.8261488803497454,0.03392597723925514,0.3,True,False,False,True,True,False,False,True,True,False,False,True
ID46,1985-09-30,1985-12-31,1986-09-30,holdout_evaluation,4,0.6730166544235834,18.701441328710583,0.018720486823706535,4.383978655831416,0.11928839895599552,0.3,True,False,False,True,True,False,False,True,True,False,True,False
ID55,1985-09-30,1985-12-31,1986-09-30,holdout_evaluation,8,0.5946392224624903,524.1792093621691,0.023046104175465824,39.14806886711839,0.20943532901298867,0.3,False,True,True,False,True,False,True,False,False,True,True,False
ID60,1985-09-30,1985-12-31,1986-09-30,holdout_evaluation,3,0.63049967960773,108.00908798111952,0.04109736486791185,13.859025376384194,0.019216661856344134,0.3,True,False,False,True,True,False,False,True,False,True,False,True
ID61,1985-09-30,1985-12-31,1986-09-30,holdout_evaluation,3,0.2580830123373679,5.069763605253975,0.005211119801353551,1.2801034880426434,0.021117828888179986,0.3,False,True,False,True,False,True,False,True,False,True,False,True
ID62,1985-09-30,1985-12-31,1986-09-30,holdout_evaluation,3,0.541680473299793,29.660159886683903,0.021607616267101507,5.080018222407193,0.03702888985927187,0.3,False,True,False,True,True,False,False,True,False,True,False,True
ID63,1985-09-30,1985-12-31,1986-09-30,holdout_evaluation,4,0.7762618482369817,3.5859842285816788,0.008348739606077224,1.8314026638626324,0.14498332356190932,0.3,True,False,False,True,False,True,False,True,True,False,True,False
ID64,1985-09-30,1985-12-31,1986-09-30,holdout_evaluation,4,0.23934308203408106,21.7236835043941,0.010167207867033961,2.436542628237436,0.025119688049407663,0.3,False,True,False,True,False,True,False,True,False,True,False,True
ID77,1985-09-30,1985-12-31,1986-09-30,holdout_evaluation,8,0.4620513168915577,1276.529569713393,0.007278696239590545,215.14430559257875,0.020283199892674752,0.3,False,True,True,False,False,True,True,False,False,True,False,True
ID78,1985-09-30,1985-12-31,1986-09-30,holdout_evaluation,8,0.29292896829448406,3474.8626060565757,0.01243763673588344,223.5864600117392,0.05172752577679368,0.3,False,True,True,False,False,True,True,False,True,False,False,True
ID79,1985-09-30,1985-12-31,1986-09-30,holdout_evaluation,8,0.1434274159628554,8579.45321859708,0.01159322152528237,923.261226785458,0.011036354267230085,0.3,False,True,True,False,False,True,True,False,False,True,False,True
ID80,1985-09-30,1985-12-31,1986-09-30,holdout_evaluation,8,0.23767824940478505,3089.155021577802,0.006827750140521854,279.54238502863996,0.020917225614081297,0.3,False,True,True,False,False,True,True,False,False,True,False,True
ID81,1985-09-30,1985-12-31,1986-09-30,holdout_evaluation,8,0.3873339313529779,878.0854855219109,0.017075654647581068,158.05025915086398,0.03649674561359159,0.3,False,True,True,False,True,False,True,False,False,True,False,True
ID82,1985-09-30,1985-12-31,1986-09-30,holdout_evaluation,8,0.34430080203893465,25440.332532172273,0.025594399266914758,1414.6355794979902,0.04475083517345119,0.3,False,True,True,False,True,False,True,False,False,True,False,True
ID83,1985-09-30,1985-12-31,1986-09-30,holdout_evaluation,8,0.4609785560405544,14857.52296726888,0.02443992934328565,462.45819597537707,0.07493960515311102,0.3,False,True,True,False,True,False,True,False,False,True,False,True
ID85,1985-09-30,1985-12-31,1986-09-30,holdout_evaluation,8,0.6739246339265117,37.00241580789297,0.009550130178514037,2.9456829802782827,0.04930319671395798,0.3,True,False,False,True,False,True,False,True,False,True,False,True
ID87,1985-09-30,1985-12-31,1986-09-30,holdout_evaluation,8,0.2850585571242251,2974.782377403798,0.00828164572042598,325.4870169938297,0.0057301136121270455,0.3,False,True,True,False,False,True,True,False,False,True,False,True
ID89,1985-09-30,1985-12-31,1986-09-30,holdout_evaluation,4,0.7263429383177217,9.375823606506078,0.023775979595279356,1.8444298425237102,0.08927968459307462,0.3,True,False,False,True,True,False,False,True,False,True,False,True
ID9,1985-09-30,1985-12-31,1986-09-30,holdout_evaluation,4,0.694538266800434,4612.844551349292,0.024161647194539032,502.83858870138687,0.13527783619322603,0.3,True,False,True,False,True,False,True,False,True,False,True,False
ID90,1985-09-30,1985-12-31,1986-09-30,holdout_evaluation,4,0.7111790072275721,7.130299039516222,0.04552328548715128,1.9530796231365246,0.1485353318383488,0.3,True,False,False,True,True,False,False,True,False,True,True,False
ID99,1985-09-30,1985-12-31,1986-09-30,holdout_evaluation,2,0.426952073733681,5.699187942732582,0.04593760343297898,6.556453041676568,0.013921467382167377,0.3,False,True,False,True,True,False,False,True,True,False,False,True
ID110,1985-12-31,1986-03-31,1986-12-31,holdout_evaluation,4,0.7964059387748095,88.74297118338376,0.020219662043601233,15.17679559008126,0.1416482610728421,0.3,True,False,False,True,True,False,False,True,False,True,True,False
ID111,1985-12-31,1986-03-31,1986-12-31,holdout_evaluation,4,0.711462084032634,536.8908718800251,0.006303725368113237,148.13782098210652,0.11832359743253723,0.3,True,False,True,False,False,True,True,False,True,False,True,False
ID114,1985-12-31,1986-03-31,1986-12-31,holdout_evaluation,4,0.6014595706780141,5794.204132041803,0.0064079258077751056,513.0839379054565,0.11062203019766748,0.3,False,True,True,False,False,True,True,False,False,True,True,False
ID56,1985-12-31,1986-03-31,1986-12-31,holdout_evaluation,2,0.661538345489803,46.70154829519899,0.012077161346032313,3.0863628284368416,0.035462713574475065,0.3,True,False,False,True,False,True,False,True,True,False,False,True
ID71,1985-12-31,1986-03-31,1986-12-31,holdout_evaluation,5,0.07693758297866737,9.831432305732298,0.004332257923200881,1.7280286145736512,0.009389708684234834,0.3,False,True,False,True,False,True,False,True,False,True,False,True
ID21,1986-03-31,1986-06-30,1987-03-31,holdout_evaluation,4,0.3441900478249987,17527.769051829535,0.011908124321418509,5785.445031016617,0.008384899012784303,0.3,False,True,True,False,False,True,True,False,True,False,False,True
ID7,1986-03-31,1986-06-30,1987-03-31,holdout_evaluation,4,0.7256158712517271,88.54549159706367,0.02814806804243434,7.398749232290988,0.08248957990424256,0.3,True,False,False,True,True,False,False,True,True,False,False,True
ID173,1986-06-30,1986-09-30,1987-06-30,holdout_evaluation,6,0.5629942104150261,414.8307416147506,0.036738047456688044,17.821327419648817,0.022527172353440678,0.3,False,True,True,False,True,False,False,True,False,True,False,True
ID174,1986-06-30,1986-09-30,1987-06-30,holdout_evaluation,5,0.5391112545052417,23.115664750567685,0.03624052077213588,9.752668927345459,0.03684952902173492,0.3,False,True,False,True,True,False,False,True,False,True,False,True
ID177,1986-06-30,1986-09-30,1987-06-30,holdout_evaluation,5,0.5276996166315294,102.80659655518878,0.0707606937923432,13.162402530353967,0.06680376315774467,0.3,False,True,False,True,True,False,False,True,False,True,False,True
ID59,1986-06-30,1986-09-30,1987-06-30,holdout_evaluation,5,0.30517007559692594,48632.96620453187,0.014435246189085763,4796.001771019814,0.17471052687912017,0.3,False,True,True,False,True,False,True,False,False,True,True,False
ID1,1986-09-30,1986-12-31,1987-09-30,holdout_evaluation,6,0.5216762899481647,17.39697725592208,0.010450255194987879,4.020366618337664,0.045482798361393004,0.3,False,True,False,True,False,True,False,True,False,True,False,True
ID10,1986-09-30,1986-12-31,1987-09-30,holdout_evaluation,4,0.7256159236692241,84.51686596791227,0.028035753056641112,7.073701933392681,0.08210204299737382,0.3,True,False,False,True,True,False,False,True,True,False,False,True
ID101,1986-09-30,1986-12-31,1987-09-30,holdout_evaluation,2,0.27462587593000315,5.406857419829269,0.009329715628396523,1.6260377362157044,0.013596189245700573,0.3,False,True,False,True,False,True,False,True,True,False,False,True
ID108,1986-09-30,1986-12-31,1987-09-30,holdout_evaluation,5,0.6540571377095197,3564.7604766618783,0.04274904372784973,280.1805779929372,0.12407271362568398,0.3,True,False,True,False,True,False,True,False,False,True,True,False
ID109,1986-09-30,1986-12-31,1987-09-30,holdout_evaluation,5,0.6097834632465148,6105.339215298522,0.022974892687081458,617.7986364308362,0.3726286445253548,0.3,False,True,True,False,True,False,True,False,True,False,True,False
ID116,1986-09-30,1986-12-31,1987-09-30,holdout_evaluation,5,0.2556387892927632,35.77591866753495,0.0023689777776053538,5.846299288062022,0.009724902615784422,0.3,False,True,False,True,False,True,False,True,True,False,False,True
ID117,1986-09-30,1986-12-31,1987-09-30,holdout_evaluation,5,0.4241441152557173,13.128372396836749,0.006721196772508266,3.181451321007396,0.0057365929088438496,0.3,False,True,False,True,False,True,False,True,False,True,False,True
ID118,1986-09-30,1986-12-31,1987-09-30,holdout_evaluation,5,0.2896621127056544,6.5381775099947,0.003204975652131018,1.534391093412106,0.0076738992611757005,0.3,False,True,False,True,False,True,False,True,False,True,False,True
ID119,1986-09-30,1986-12-31,1987-09-30,holdout_evaluation,5,0.4339756522853457,5.374634147090197,0.005065016404021133,2.0769468907962194,0.018058937408506937,0.3,False,True,False,True,False,True,False,True,False,True,False,True
ID12,1986-09-30,1986-12-31,1987-09-30,holdout_evaluation,3,0.5945402843785349,478.5345036130402,0.01915907704821965,50.49796288317786,0.0886945846107717,0.3,False,True,True,False,True,False,True,False,False,True,False,True
ID120,1986-09-30,1986-12-31,1987-09-30,holdout_evaluation,3,0.40972195747404117,25.52530412380824,0.010888186867332266,2.5068849442905057,0.06302344546052363,0.3,False,True,False,True,False,True,False,True,False,True,False,True
ID127,1986-09-30,1986-12-31,1987-09-30,holdout_evaluation,5,0.07424633866303704,43.735023127590296,0.0021401237959137722,3.952040647325458,0.0027806160155244997,0.3,False,True,False,True,False,True,False,True,False,True,False,True
ID128,1986-09-30,1986-12-31,1987-09-30,holdout_evaluation,5,0.13502462949673244,591.3858692874644,0.006708987980446805,62.18991456957841,0.03156086503454001,0.3,False,True,True,False,False,True,True,False,True,False,False,True
ID129,1986-09-30,1986-12-31,1987-09-30,holdout_evaluation,5,0.46593688616487156,54.389279572006046,0.016818540218472733,4.955787952327039,0.05062640610435385,0.3,False,True,False,True,True,False,False,True,False,True,False,True
ID130,1986-09-30,1986-12-31,1987-09-30,holdout_evaluation,5,0.20669473541913325,11.744909438786433,0.003385067988831621,0.7352867976507328,0.022824132377250207,0.3,False,True,False,True,False,True,False,True,False,True,False,True
ID131,1986-09-30,1986-12-31,1987-09-30,holdout_evaluation,5,0.04915792851527523,143.85161770975088,8.099609672021675e-05,35.592265787103145,0.005368846417967658,0.3,False,True,True,False,False,True,True,False,False,True,False,True
ID134,1986-09-30,1986-12-31,1987-09-30,holdout_evaluation,4,0.8643986992819501,3120.511077041022,0.4592486637453349,180.29238280509446,0.4816570830826987,0.3,True,False,True,False,True,False,True,False,False,True,True,False
ID137,1986-09-30,1986-12-31,1987-09-30,holdout_evaluation,5,0.5709188644109218,11.853237013677646,0.019375716154560622,2.667111670232723,0.04407075653960408,0.3,False,True,False,True,True,False,False,True,False,True,False,True
ID138,1986-09-30,1986-12-31,1987-09-30,holdout_evaluation,5,0.6695444020786161,5.892556423365336,0.02228133995897131,1.767299243492581,0.018845322428986767,0.3,True,False,False,True,True,False,False,True,False,True,False,True
ID139,1986-09-30,1986-12-31,1987-09-30,holdout_evaluation,3,0.5777225427672762,10.620719076163365,0.02392245842574734,2.3069670952442727,0.08227027927805258,0.3,False,True,False,True,True,False,False,True,False,True,False,True
ID140,1986-09-30,1986-12-31,1987-09-30,holdout_evaluation,5,0.8335057943001515,30.20301531408925,0.01389854286636762,6.75176844772649,0.03302646474315185,0.3,True,False,False,True,True,False,False,True,False,True,False,True
ID141,1986-09-30,1986-12-31,1987-09-30,holdout_evaluation,5,0.6670174929108913,8.431001718415647,0.005742668187820236,2.471653443960976,0.012765659904575411,0.3,True,False,False,True,False,True,False,True,True,False,False,True
ID142,1986-09-30,1986-12-31,1987-09-30,holdout_evaluation,5,0.2940855951277309,8.908154779998043,0.006506600163429587,1.6303923112818834,0.07911083007717393,0.3,False,True,False,True,False,True,False,True,True,False,False,True
ID143,1986-09-30,1986-12-31,1987-09-30,holdout_evaluation,5,0.4461902935558495,8.68345846403946,0.007526511077083676,2.423271653181516,0.027679323284014564,0.3,False,True,False,True,False,True,False,True,True,False,False,True
ID144,1986-09-30,1986-12-31,1987-09-30,holdout_evaluation,5,0.624277320241822,24.385609556693783,0.0233324193943027,6.052909185102026,0.10635828305587237,0.3,True,False,False,True,True,False,False,True,False,True,True,False
ID145,1986-09-30,1986-12-31,1987-09-30,holdout_evaluation,5,0.2675207943179656,9.508240277129017,0.0046772638250110465,2.5462063314139116,0.021411540500848272,0.3,False,True,False,True,False,True,False,True,True,False,False,True
ID154,1986-09-30,1986-12-31,1987-09-30,holdout_evaluation,5,0.558926510628413,12.455783548161712,0.017126651970095327,2.2230429550405404,0.04293076585466657,0.3,False,True,False,True,True,False,False,True,False,True,False,True
ID155,1986-09-30,1986-12-31,1987-09-30,holdout_evaluation,5,0.602408898046129,13.976232514529002,0.002135733430263388,2.0955172581819594,0.033473635930687314,0.3,False,True,False,True,False,True,False,True,False,True,False,True
ID157,1986-09-30,1986-12-31,1987-09-30,holdout_evaluation,5,0.6341675607645985,254.5871191947116,0.02746226416656499,28.441025179469325,0.08551498947931227,0.3,True,False,True,False,True,False,True,False,False,True,False,True
ID158,1986-09-30,1986-12-31,1987-09-30,holdout_evaluation,5,0.6319654645941926,34.10168788089918,0.017437141223614033,3.464376893424503,0.03907500120294061,0.3,True,False,False,True,True,False,False,True,False,True,False,True
ID159,1986-09-30,1986-12-31,1987-09-30,holdout_evaluation,5,0.12523902475247384,93.97640598638853,0.0077855939221925085,11.858832297622127,0.026710163177175734,0.3,False,True,False,True,False,True,False,True,True,False,False,True
ID160,1986-09-30,1986-12-31,1987-09-30,holdout_evaluation,5,0.439311937611701,77.77768070167342,0.012420266367415948,3.656560048348097,0.022435679612701168,0.3,False,True,False,True,False,True,False,True,False,True,False,True
ID161,1986-09-30,1986-12-31,1987-09-30,holdout_evaluation,5,0.4689836129018914,80.13112323714304,0.004899869441792845,3.6282057719810887,0.047408444040755074,0.3,False,True,False,True,False,True,False,True,True,False,False,True
ID166,1986-09-30,1986-12-31,1987-09-30,holdout_evaluation,5,0.7273177747460031,5036046867.370607,0.09542835574167252,4.146453156084993,0.18274440170032974,0.3,True,False,True,False,True,False,False,True,False,True,True,False
ID167,1986-09-30,1986-12-31,1987-09-30,holdout_evaluation,5,0.6713998356394876,180.35332930017233,0.036434668394148634,9.212642283398706,0.1109819352875437,0.3,True,False,True,False,True,False,False,True,True,False,True,False
ID168,1986-09-30,1986-12-31,1987-09-30,holdout_evaluation,4,0.88900306955499,13.190754175542954,0.003900083014993172,1.6682804521731744,0.3503081580228404,0.3,True,False,False,True,False,True,False,True,False,True,True,False
ID176,1986-09-30,1986-12-31,1987-09-30,holdout_evaluation,5,0.7146402912770685,71.34756173890146,0.04489620364689642,11.022939394588137,0.09966620332635093,0.3,True,False,False,True,True,False,False,True,False,True,False,True
ID192,1986-09-30,1986-12-31,1987-09-30,holdout_evaluation,5,0.6853961332147591,10.118540417335577,0.011292816394768264,4.238644976911984,0.048899052460665275,0.3,True,False,False,True,False,True,False,True,True,False,False,True
ID193,1986-09-30,1986-12-31,1987-09-30,holdout_evaluation,6,0.7152875145211399,149.06181742124693,0.02797776281209827,27.193044072982083,0.12835792443731875,0.3,True,False,True,False,True,False,False,True,True,False,True,False
ID197,1986-09-30,1986-12-31,1987-09-30,holdout_evaluation,6,0.16117290278891072,6.742242382525118,0.0007097220060324348,0.5244899520983416,0.009933152302275757,0.3,False,True,False,True,False,True,False,True,True,False,False,True
ID2,1986-09-30,1986-12-31,1987-09-30,holdout_evaluation,6,0.6947346923174917,86.98472630192046,0.05275940097087589,15.220146931312394,0.1489726293964398,0.3,True,False,False,True,True,False,False,True,True,False,True,False
ID23,1986-09-30,1986-12-31,1987-09-30,holdout_evaluation,5,0.7413414994293074,1169.6168551502738,0.026965427823653396,133.83388625999177,0.1718690942154747,0.3,True,False,True,False,True,False,True,False,False,True,True,False
ID24,1986-09-30,1986-12-31,1987-09-30,holdout_evaluation,5,0.695745327436383,1634.6681964514796,0.038473132482311045,114.24694023947853,0.1196744883615323,0.3,True,False,True,False,True,False,True,False,False,True,True,False
ID25,1986-09-30,1986-12-31,1987-09-30,holdout_evaluation,5,0.695745327436383,783.5870343709712,0.041318508786937574,122.70960548201988,0.1196744883615323,0.3,True,False,True,False,True,False,True,False,True,False,True,False
ID30,1986-09-30,1986-12-31,1987-09-30,holdout_evaluation,2,0.8660228355509836,254.2844443913578,0.06859378669605773,24.139813265682488,0.2427201390737215,0.3,True,False,True,False,True,False,False,True,False,True,True,False
ID42,1986-09-30,1986-12-31,1987-09-30,holdout_evaluation,5,0.6725242095807611,608.2671654432296,0.026474738175923822,80.59425027463485,0.04277477002058082,0.3,True,False,True,False,True,False,True,False,False,True,False,True
ID43,1986-09-30,1986-12-31,1987-09-30,holdout_evaluation,5,0.6143370436591187,22.75352429222082,0.017097431282317107,2.5795114270191095,0.034366035293804116,0.3,True,False,False,True,True,False,False,True,False,True,False,True
ID46,1986-09-30,1986-12-31,1987-09-30,holdout_evaluation,5,0.6489967942545042,43.1859749462591,0.027758135063021352,4.645067288838129,0.1417424028256934,0.3,True,False,False,True,True,False,False,True,True,False,True,False
ID60,1986-09-30,1986-12-31,1987-09-30,holdout_evaluation,4,0.42067968747441153,115.10045462987898,0.057616187518075346,11.833402631225455,0.018279594734729846,0.3,False,True,False,True,True,False,False,True,True,False,False,True
ID61,1986-09-30,1986-12-31,1987-09-30,holdout_evaluation,4,0.20749602171089443,1.8089645202336126,0.004033141242440041,1.2235803214881882,0.021071560130295784,0.3,False,True,False,True,False,True,False,True,False,True,False,True
ID62,1986-09-30,1986-12-31,1987-09-30,holdout_evaluation,4,0.4074568260782756,27.722912436502085,0.018754627005337553,4.436693172609969,0.061060422765552985,0.3,False,True,False,True,True,False,False,True,False,True,False,True
ID63,1986-09-30,1986-12-31,1987-09-30,holdout_evaluation,5,0.8075942108339336,6.784717643407199,0.004624107792004922,1.702218380635327,0.10024458401273462,0.3,True,False,False,True,False,True,False,True,False,True,False,True
ID64,1986-09-30,1986-12-31,1987-09-30,holdout_evaluation,5,0.22423849355457165,20.359495263479296,0.012066596161263255,2.1920785941221346,0.011523721414641286,0.3,False,True,False,True,False,True,False,True,True,False,False,True
ID89,1986-09-30,1986-12-31,1987-09-30,holdout_evaluation,5,0.7452700508710733,10.22458731313283,0.03020971081070717,1.627296329523475,0.16325087474422578,0.3,True,False,False,True,True,False,False,True,False,True,True,False
ID9,1986-09-30,1986-12-31,1987-09-30,holdout_evaluation,5,0.6854274286268287,4911.738849909915,0.025168179137342858,493.58248327657225,0.07947061894566668,0.3,True,False,True,False,True,False,True,False,True,False,False,True
ID90,1986-09-30,1986-12-31,1987-09-30,holdout_evaluation,5,0.686890378488318,2.3052648980355133,0.03353700067373394,1.793811268768905,0.17875982711503938,0.3,True,False,False,True,True,False,False,True,False,True,True,False
ID99,1986-09-30,1986-12-31,1987-09-30,holdout_evaluation,3,0.34468888043608076,18.142606473825257,0.05533479674576476,5.426345670776799,0.019440929786363,0.3,False,True,False,True,True,False,False,True,False,True,False,True
ID56,1986-12-31,1987-03-31,1987-12-31,holdout_evaluation,3,0.7423896652597298,24.960341553194688,0.006929168928668619,2.7793776773398378,0.06825595867928985,0.3,True,False,False,True,False,True,False,True,False,True,False,True
ID71,1986-12-31,1987-03-31,1987-12-31,holdout_evaluation,6,0.2546582849575023,9.16666758429961,0.004159349978102232,1.552418442713221,0.004379127519347421,0.3,False,True,False,True,False,True,False,True,True,False,False,True
ID21,1987-03-31,1987-06-30,1988-03-31,holdout_evaluation,5,0.30517007559692594,48634.127496739624,0.014435099852401177,4796.026343221721,0.17471052687912017,0.3,False,True,True,False,True,False,True,False,True,False,True,False
ID7,1987-03-31,1987-06-30,1988-03-31,holdout_evaluation,5,0.7140792659959947,95.8227225642566,0.026580408223002103,7.913060768350739,0.050792597169886496,0.3,True,False,False,True,True,False,False,True,True,False,False,True
ID1,1987-09-30,1987-12-31,1988-09-30,holdout_evaluation,7,0.4504741682249685,56.47315811386065,0.008650331837908688,3.0754423828796633,0.016552417161104387,0.3,False,True,False,True,False,True,False,True,True,False,False,True
ID10,1987-09-30,1987-12-31,1988-09-30,holdout_evaluation,5,0.7161838403582533,91.55627379311335,0.026955836696125265,7.566247664015666,0.05112124644510333,0.3,True,False,False,True,True,False,False,True,False,True,False,True
ID101,1987-09-30,1987-12-31,1988-09-30,holdout_evaluation,3,0.20570466902813128,8.442251779561857,0.005440146582438511,1.4439948368223297,0.00478224621513352,0.3,False,True,False,True,False,True,False,True,False,True,False,True
ID116,1987-09-30,1987-12-31,1988-09-30,holdout_evaluation,6,0.09208761768033658,33.82263976714502,0.0016147956387194398,5.836024846456529,0.004460851077165755,0.3,False,True,False,True,False,True,False,True,False,True,False,True
ID117,1987-09-30,1987-12-31,1988-09-30,holdout_evaluation,6,0.15557659211906888,23.28597932561564,0.006392630989764924,3.198213154920435,0.005135423681465412,0.3,False,True,False,True,False,True,False,True,False,True,False,True
ID118,1987-09-30,1987-12-31,1988-09-30,holdout_evaluation,6,0.17132431302308665,8.971091333245154,0.0030873059357720486,1.4745709009551404,0.0037713075943262373,0.3,False,True,False,True,False,True,False,True,False,True,False,True
ID119,1987-09-30,1987-12-31,1988-09-30,holdout_evaluation,6,0.4791895630483825,3.575741048470711,0.007660797760607338,2.112621796737177,0.03388552419288768,0.3,False,True,False,True,False,True,False,True,False,True,False,True
ID12,1987-09-30,1987-12-31,1988-09-30,holdout_evaluation,4,0.37632358098500607,241.25106440662682,0.032194869366945385,45.14165080446833,0.17843277162607052,0.3,False,True,True,False,True,False,True,False,False,True,True,False
ID120,1987-09-30,1987-12-31,1988-09-30,holdout_evaluation,4,0.3948543403372475,49.91124431819011,0.01699857783084944,3.0019022708149428,0.01835158117416388,0.3,False,True,False,True,True,False,False,True,False,True,False,True
ID127,1987-09-30,1987-12-31,1988-09-30,holdout_evaluation,6,0.0928189782888858,34.270848109689425,0.0021401237959137722,3.9922297335952766,0.021347401734642866,0.3,False,True,False,True,False,True,False,True,False,True,False,True
ID128,1987-09-30,1987-12-31,1988-09-30,holdout_evaluation,6,0.11706638360703642,741.6005885659504,0.014062480541681676,73.97548910342778,0.02258466324122291,0.3,False,True,True,False,True,False,True,False,False,True,False,True
ID129,1987-09-30,1987-12-31,1988-09-30,holdout_evaluation,6,0.33421019270625313,90.99383919724491,0.023559395036212183,5.376611542994553,0.08191645026632681,0.3,False,True,False,True,True,False,False,True,False,True,False,True
ID130,1987-09-30,1987-12-31,1988-09-30,holdout_evaluation,6,0.279141151824576,10.623896238219745,0.003385067988831621,0.8462216914209578,0.037545534126667224,0.3,False,True,False,True,False,True,False,True,True,False,False,True
ID131,1987-09-30,1987-12-31,1988-09-30,holdout_evaluation,6,0.03385366419417729,146.1190869369817,0.0002474676868488932,37.32527975353931,0.005367265507037512,0.3,False,True,True,False,False,True,True,False,False,True,False,True
ID134,1987-09-30,1987-12-31,1988-09-30,holdout_evaluation,5,0.7154618451230101,3976.377217180494,0.2787992723760041,191.7157518350123,0.46052538964959266,0.3,True,False,True,False,True,False,True,False,True,False,True,False
ID137,1987-09-30,1987-12-31,1988-09-30,holdout_evaluation,6,0.29459461988638885,35.09277924292702,0.019365603717420046,2.8950363925306126,0.02923588945513378,0.3,False,True,False,True,True,False,False,True,True,False,False,True
ID138,1987-09-30,1987-12-31,1988-09-30,holdout_evaluation,6,0.6706512675220777,13.819374311839262,0.035681713845266846,1.7574272066775576,0.032939466039447,0.3,True,False,False,True,True,False,False,True,False,True,False,True
ID139,1987-09-30,1987-12-31,1988-09-30,holdout_evaluation,4,0.5445588956704567,21.108897714365433,0.02646849662005735,2.4062800265683038,0.03428789884218166,0.3,False,True,False,True,True,False,False,True,True,False,False,True
ID140,1987-09-30,1987-12-31,1988-09-30,holdout_evaluation,6,0.8913735275476147,42.54140730855535,0.012645907489010972,5.904915000535314,0.02776552108987002,0.3,True,False,False,True,False,True,False,True,False,True,False,True
ID141,1987-09-30,1987-12-31,1988-09-30,holdout_evaluation,6,0.734564653332342,9.880488308886061,0.005991982265108237,2.4552721217736275,0.02367999987390625,0.3,True,False,False,True,False,True,False,True,False,True,False,True
ID142,1987-09-30,1987-12-31,1988-09-30,holdout_evaluation,6,0.5099006364054268,11.76476163290722,0.008070703903993504,2.4598340981154596,0.050383262277132954,0.3,False,True,False,True,False,True,False,True,True,False,False,True
ID143,1987-09-30,1987-12-31,1988-09-30,holdout_evaluation,6,0.41084660869866324,6.423776408132458,0.010114411439748608,2.4868356800838725,0.026840453392073797,0.3,False,True,False,True,False,True,False,True,True,False,False,True
ID144,1987-09-30,1987-12-31,1988-09-30,holdout_evaluation,6,0.7169872783713429,56.61683459086213,0.0233324193943027,6.086347459696288,0.10025937295550252,0.3,True,False,False,True,True,False,False,True,False,True,False,True
ID145,1987-09-30,1987-12-31,1988-09-30,holdout_evaluation,6,0.17746054839019948,18.579184760976467,0.0046772638250110465,2.7530244356607807,0.022957176913840346,0.3,False,True,False,True,False,True,False,True,False,True,False,True
ID154,1987-09-30,1987-12-31,1988-09-30,holdout_evaluation,6,0.6819370843136754,9.270176667504149,0.011408579620069692,2.4331192338931773,0.030239149276421122,0.3,True,False,False,True,False,True,False,True,False,True,False,True
ID155,1987-09-30,1987-12-31,1988-09-30,holdout_evaluation,6,0.625370073328198,14.558107441879985,0.004460508605514746,2.242267132801116,0.03523516522791848,0.3,True,False,False,True,False,True,False,True,False,True,False,True
ID157,1987-09-30,1987-12-31,1988-09-30,holdout_evaluation,6,0.6963734789119368,396.4432675276162,0.03268546266722565,30.31099393370458,0.06005093393206677,0.3,True,False,True,False,True,False,True,False,False,True,False,True
ID158,1987-09-30,1987-12-31,1988-09-30,holdout_evaluation,6,0.39729020293192224,69.51117052102892,0.017437141223614033,3.5788325721984635,0.029214379428505043,0.3,False,True,False,True,True,False,False,True,False,True,False,True
ID159,1987-09-30,1987-12-31,1988-09-30,holdout_evaluation,6,0.1743978486868204,123.40840834220641,0.014337182225306713,13.84171214601437,0.020059368421530197,0.3,False,True,True,False,True,False,False,True,True,False,False,True
ID160,1987-09-30,1987-12-31,1988-09-30,holdout_evaluation,6,0.3441519596357223,138.92848652868696,0.012420266367415948,3.7363049859027537,0.03816975515350093,0.3,False,True,True,False,False,True,False,True,False,True,False,True
ID161,1987-09-30,1987-12-31,1988-09-30,holdout_evaluation,6,0.36105315076964006,127.74831080258056,0.012028135193494329,4.090235668056083,0.017713313501083114,0.3,False,True,True,False,False,True,False,True,True,False,False,True
ID168,1987-09-30,1987-12-31,1988-09-30,holdout_evaluation,5,0.9223896373055778,17.13305217908996,0.00881160256978239,1.5483083040585843,0.3592110521552631,0.3,True,False,False,True,False,True,False,True,False,True,True,False
ID176,1987-09-30,1987-12-31,1988-09-30,holdout_evaluation,6,0.7591108383633867,349.6553556742307,0.04231251983841472,10.294570195624964,0.3522997873907591,0.3,True,False,True,False,True,False,False,True,False,True,True,False
ID192,1987-09-30,1987-12-31,1988-09-30,holdout_evaluation,6,0.7175925944635287,14.743920582505769,0.011225554702113904,4.001266514548643,0.05668537614330188,0.3,True,False,False,True,False,True,False,True,False,True,False,True
ID30,1987-09-30,1987-12-31,1988-09-30,holdout_evaluation,3,0.8319313331294476,207.39692885576147,0.09043785690092324,24.51896911962111,0.22228094861948372,0.3,True,False,True,False,True,False,False,True,False,True,True,False
ID42,1987-09-30,1987-12-31,1988-09-30,holdout_evaluation,6,0.6835543661842901,555.2199403878483,0.025373880873896002,83.80562346780114,0.031680825368749346,0.3,True,False,True,False,True,False,True,False,True,False,False,True
ID43,1987-09-30,1987-12-31,1988-09-30,holdout_evaluation,6,0.7296052680342101,29.409913116618487,0.00670350636645484,2.4602995205687277,0.01957518886602426,0.3,True,False,False,True,False,True,False,True,True,False,False,True
ID46,1987-09-30,1987-12-31,1988-09-30,holdout_evaluation,6,0.6231776813982229,55.59440393737182,0.04580401386120893,5.6866376579806035,0.06579719492400365,0.3,True,False,False,True,True,False,False,True,False,True,False,True
ID60,1987-09-30,1987-12-31,1988-09-30,holdout_evaluation,5,0.3502581048024127,122.01796060229506,0.07526533668369288,10.327407422129165,0.06524108710968907,0.3,False,True,True,False,True,False,False,True,True,False,False,True
ID61,1987-09-30,1987-12-31,1988-09-30,holdout_evaluation,5,0.15844853882141235,8.599441383984754,0.00493800285293451,1.2575191767781901,0.01091565379302889,0.3,False,True,False,True,False,True,False,True,False,True,False,True
ID62,1987-09-30,1987-12-31,1988-09-30,holdout_evaluation,5,0.3362861770646248,8.901413590236192,0.021393079955809333,4.131844643713363,0.03405923936191079,0.3,False,True,False,True,True,False,False,True,False,True,False,True
ID64,1987-09-30,1987-12-31,1988-09-30,holdout_evaluation,6,0.4326529006242261,25.81345145301901,0.008232717418085074,1.9637085543915234,0.031208941494180138,0.3,False,True,False,True,False,True,False,True,False,True,False,True
ID9,1987-09-30,1987-12-31,1988-09-30,holdout_evaluation,6,0.5939951820832888,4045.9568669554337,0.02037144927524017,504.27895149156836,0.12847106525136365,0.3,False,True,True,False,True,False,True,False,False,True,True,False
ID90,1987-09-30,1987-12-31,1988-09-30,holdout_evaluation,6,0.7053108414496156,1.2537545248163073,0.0400218711009208,1.7012138382001283,0.06390825211605837,0.3,True,False,False,True,True,False,False,True,False,True,False,True
ID99,1987-09-30,1987-12-31,1988-09-30,holdout_evaluation,4,0.35061768017548717,7.876009197014572,0.042365420616436666,4.659103545944791,0.13933685385972983,0.3,False,True,False,True,True,False,False,True,False,True,True,False
ID56,1987-12-31,1988-03-31,1988-12-31,holdout_evaluation,4,0.5908812527617007,9.636949914005108,0.012077161346032313,2.9960537625641996,0.011431215004752558,0.3,False,True,False,True,False,True,False,True,True,False,False,True
ID3,1988-03-31,1988-06-30,1989-03-31,holdout_evaluation,1,0.5490131420909851,7019.701050245267,0.009816327053906174,537.5071318574154,0.035302047189374394,0.3,False,True,True,False,False,True,True,False,True,False,False,True
ID7,1988-03-31,1988-06-30,1989-03-31,holdout_evaluation,6,0.7000769718316484,18.49151426813365,0.029138695478679085,7.1674147833440625,0.2387432392817076,0.3,True,False,False,True,True,False,False,True,False,True,True,False
ID1,1988-09-30,1988-12-31,1989-09-30,holdout_evaluation,8,0.37065725398666793,65.94767044957725,0.010175049735474655,3.061166353251876,0.15680992397895122,0.3,False,True,False,True,False,True,False,True,False,True,True,False
ID10,1988-09-30,1988-12-31,1989-09-30,holdout_evaluation,6,0.6962682184341477,17.652108641857108,0.02896831662419788,6.859069042683134,0.23905500351968714,0.3,True,False,False,True,True,False,False,True,False,True,True,False
ID101,1988-09-30,1988-12-31,1989-09-30,holdout_evaluation,4,0.3336090472887625,23.016895250105634,0.0077265344053355405,1.4151918107982275,0.04303217492026731,0.3,False,True,False,True,False,True,False,True,False,True,False,True
ID116,1988-09-30,1988-12-31,1989-09-30,holdout_evaluation,7,0.16971546990983122,31.174679880255837,0.0039012062409551473,5.818830581867594,0.007140981684421984,0.3,False,True,False,True,False,True,False,True,False,True,False,True
ID117,1988-09-30,1988-12-31,1989-09-30,holdout_evaluation,7,0.20517685137218017,23.089355336540798,0.004231392746890696,3.0911213456863718,0.009781910382195811,0.3,False,True,False,True,False,True,False,True,True,False,False,True
ID118,1988-09-30,1988-12-31,1989-09-30,holdout_evaluation,7,0.3656415188206694,9.97416108117089,0.0037392532846155964,1.4411899190174833,0.004996329886560107,0.3,False,True,False,True,False,True,False,True,False,True,False,True
ID119,1988-09-30,1988-12-31,1989-09-30,holdout_evaluation,7,0.21856775850344262,16.55537856438048,0.012807462461136586,2.3109645615810397,0.008611007963665672,0.3,False,True,False,True,False,True,False,True,True,False,False,True
ID12,1988-09-30,1988-12-31,1989-09-30,holdout_evaluation,5,0.635672264874734,110.90363675326702,0.044240485781968444,43.742474666017124,0.08323730457385081,0.3,True,False,False,True,True,False,True,False,False,True,False,True
ID120,1988-09-30,1988-12-31,1989-09-30,holdout_evaluation,5,0.3805410916946875,20.623522996834243,0.01699857783084944,2.99753550762666,0.0728721808395419,0.3,False,True,False,True,True,False,False,True,False,True,False,True
ID134,1988-09-30,1988-12-31,1989-09-30,holdout_evaluation,6,0.8243093785706471,2297.885882304469,0.16105414030857507,208.49338567909646,0.8134505926600952,0.3,True,False,True,False,True,False,True,False,True,False,True,False
ID139,1988-09-30,1988-12-31,1989-09-30,holdout_evaluation,5,0.5828101713721888,12.057436032803981,0.0273078233566746,2.3936929502445103,0.0668993189695609,0.3,False,True,False,True,True,False,False,True,False,True,False,True
ID140,1988-09-30,1988-12-31,1989-09-30,holdout_evaluation,7,0.8684924663480801,40.61760645692399,0.010639717401986576,4.5146732023543485,0.1014966741194249,0.3,True,False,False,True,False,True,False,True,True,False,False,True
ID141,1988-09-30,1988-12-31,1989-09-30,holdout_evaluation,7,0.7837871395152416,9.162921539899575,0.006034326304661941,2.455059492399855,0.023779247924300077,0.3,True,False,False,True,False,True,False,True,False,True,False,True
ID142,1988-09-30,1988-12-31,1989-09-30,holdout_evaluation,7,0.48741446824057744,12.800517168504708,0.011597081758399408,2.5965374094780325,0.04740745656883233,0.3,False,True,False,True,False,True,False,True,False,True,False,True
ID143,1988-09-30,1988-12-31,1989-09-30,holdout_evaluation,7,0.2844495444271846,16.92776118394719,0.011759470607647832,2.5728329428736836,0.011924611053702624,0.3,False,True,False,True,False,True,False,True,False,True,False,True
ID144,1988-09-30,1988-12-31,1989-09-30,holdout_evaluation,7,0.6089468569807228,54.28603892863423,0.036332719480522274,6.456200123460215,0.013576396285610795,0.3,False,True,False,True,True,False,False,True,True,False,False,True
ID154,1988-09-30,1988-12-31,1989-09-30,holdout_evaluation,7,0.6585238098087166,11.130592613222252,0.012643063410010036,2.2991505705760416,0.03764200080218982,0.3,True,False,False,True,False,True,False,True,True,False,False,True
ID155,1988-09-30,1988-12-31,1989-09-30,holdout_evaluation,7,0.6463652777098855,14.84989178656653,0.0055597018425421335,2.4538304288672785,0.0658360110070412,0.3,True,False,False,True,False,True,False,True,False,True,False,True
ID168,1988-09-30,1988-12-31,1989-09-30,holdout_evaluation,6,0.8049555690470097,6.949332994251725,0.00881160256978239,1.5556619909186487,0.35324255181563624,0.3,True,False,False,True,False,True,False,True,False,True,True,False
ID192,1988-09-30,1988-12-31,1989-09-30,holdout_evaluation,7,0.6932252568683717,15.831819502328614,0.008057332986522035,3.7196933978485727,0.07943338219338159,0.3,True,False,False,True,False,True,False,True,False,True,False,True
ID30,1988-09-30,1988-12-31,1989-09-30,holdout_evaluation,4,0.7641775065444507,200.7564487291891,0.06100520213597932,24.4699168791431,0.20981505639150486,0.3,True,False,True,False,True,False,False,True,False,True,True,False
ID42,1988-09-30,1988-12-31,1989-09-30,holdout_evaluation,7,0.670240870775872,526.4971080060202,0.012974201588060034,78.82109299506052,0.019210032824361716,0.3,True,False,True,False,False,True,True,False,False,True,False,True
ID43,1988-09-30,1988-12-31,1989-09-30,holdout_evaluation,7,0.7071571446040179,26.108311023308442,0.00670350636645484,2.3130967249706282,0.00963393476687246,0.3,True,False,False,True,False,True,False,True,False,True,False,True
ID46,1988-09-30,1988-12-31,1989-09-30,holdout_evaluation,7,0.6576364701337427,52.7873854134226,0.03644377044935566,5.874429923222581,0.08399522752471263,0.3,True,False,False,True,True,False,False,True,False,True,False,True
ID60,1988-09-30,1988-12-31,1989-09-30,holdout_evaluation,6,0.4506169933846558,40.238001843239935,0.06816598678055505,10.478413534302065,0.12342754220279518,0.3,False,True,False,True,True,False,False,True,False,True,True,False
ID61,1988-09-30,1988-12-31,1989-09-30,holdout_evaluation,6,0.20012682683643696,23.419807050155892,0.005064095374064298,1.2062904403282693,0.04062767007609955,0.3,False,True,False,True,False,True,False,True,False,True,False,True
ID62,1988-09-30,1988-12-31,1989-09-30,holdout_evaluation,6,0.4706539744294937,9.434910765823268,0.014599293673680465,4.215916076292613,0.09885354057790853,0.3,False,True,False,True,True,False,False,True,False,True,False,True
ID99,1988-09-30,1988-12-31,1989-09-30,holdout_evaluation,5,0.35911888194998837,52.69170430981041,0.059947962036683414,4.67033742143797,0.04079144304362761,0.3,False,True,False,True,True,False,False,True,False,True,False,True
ID56,1988-12-31,1989-03-31,1989-12-31,holdout_evaluation,5,0.5525319430066997,19.788851662002756,0.0171580307680263,2.6232840873819416,0.04523599378087943,0.3,False,True,False,True,True,False,False,True,True,False,False,True
ID3,1989-03-31,1989-06-30,1990-03-31,holdout_evaluation,2,0.49497657153790237,3544.4425515615235,0.008146531909212173,560.2362275197819,0.036369081970825876,0.3,False,True,True,False,False,True,True,False,False,True,False,True
ID22,1989-06-30,1989-09-30,1990-06-30,holdout_evaluation,1,0.2820807390947725,0.0,0.00299191769045628,3.6082213156035907,0.014261377471489168,0.3,False,True,False,True,False,True,False,True,True,False,False,True
ID101,1989-09-30,1989-12-31,1990-09-30,holdout_evaluation,5,0.21486393293813777,5.677089668540466,0.0077265344053355405,1.389915283667106,0.0047523578441055194,0.3,False,True,False,True,False,True,False,True,True,False,False,True
ID12,1989-09-30,1989-12-31,1990-09-30,holdout_evaluation,6,0.6966488316094785,163.61146543488536,0.056344333847604386,43.93297797729346,0.03996996793223501,0.3,True,False,True,False,True,False,True,False,False,True,False,True
ID120,1989-09-30,1989-12-31,1990-09-30,holdout_evaluation,6,0.36930860691209805,69.48038226708309,0.023289262392649897,4.117987481222994,0.020027272400768282,0.3,False,True,False,True,True,False,False,True,False,True,False,True
ID134,1989-09-30,1989-12-31,1990-09-30,holdout_evaluation,7,0.7894435213547801,3264.985448556968,0.2606951938978296,237.14018451173735,1.135087032480612,0.3,True,False,True,False,True,False,True,False,False,True,True,False
ID139,1989-09-30,1989-12-31,1990-09-30,holdout_evaluation,6,0.6021299105067317,5.774731555557453,0.025410540479549753,2.3837269746847554,0.07090622365405666,0.3,False,True,False,True,True,False,False,True,False,True,False,True
ID168,1989-09-30,1989-12-31,1990-09-30,holdout_evaluation,7,0.8646367038425322,5.407968417279295,0.00881160256978239,1.5573770549017112,0.339321954878455,0.3,True,False,False,True,False,True,False,True,True,False,True,False
ID30,1989-09-30,1989-12-31,1990-09-30,holdout_evaluation,5,0.8618361269148216,198.5286692165691,0.016942941428937916,26.208028731322507,0.23347960724099892,0.3,True,False,True,False,True,False,False,True,False,True,True,False
ID99,1989-09-30,1989-12-31,1990-09-30,holdout_evaluation,6,0.34918300571535954,19.395570311635197,0.04927270540805111,4.699300488116648,0.04411796687466626,0.3,False,True,False,True,True,False,False,True,False,True,False,True
ID56,1989-12-31,1990-03-31,1990-12-31,holdout_evaluation,6,0.6106174780663206,20.28734840146189,0.016396622552407394,2.857495299864911,0.07794443095254612,0.3,False,True,False,True,True,False,False,True,False,True,False,True
ID3,1990-03-31,1990-06-30,1991-03-31,holdout_evaluation,3,0.5935174958165688,2129.268391732488,0.005825884664406145,533.6910589828169,0.028098369430856442,0.3,False,True,True,False,False,True,True,False,False,True,False,True
ID22,1990-06-30,1990-09-30,1991-06-30,holdout_evaluation,2,0.31290308439726183,0.0,0.0019473544530610514,3.510402142560789,0.015370019154257317,0.3,False,True,False,True,False,True,False,True,True,False,False,True
ID101,1990-09-30,1990-12-31,1991-09-30,holdout_evaluation,6,0.2429976770840152,16.941040547382855,0.009071829329481789,1.3880553709822907,0.009708709451780912,0.3,False,True,False,True,False,True,False,True,True,False,False,True
ID12,1990-09-30,1990-12-31,1991-09-30,holdout_evaluation,7,0.49188083687160544,52.638430961585335,0.05256359108837698,43.72395259716908,0.05426878410882323,0.3,False,True,False,True,True,False,True,False,False,True,False,True
ID120,1990-09-30,1990-12-31,1991-09-30,holdout_evaluation,7,0.5281591469131832,47.7384991832526,0.024334780470889807,4.1520849631745165,0.04827009331840974,0.3,False,True,False,True,True,False,False,True,False,True,False,True
ID134,1990-09-30,1990-12-31,1991-09-30,holdout_evaluation,8,0.9023517498289348,1740.4309155155488,0.19308862427334772,270.48942962387565,1.096442039871342,0.3,True,False,True,False,True,False,True,False,False,True,True,False
ID139,1990-09-30,1990-12-31,1991-09-30,holdout_evaluation,7,0.5735233173115091,15.342128307510755,0.0273078233566746,2.39227123736305,0.10934201175219573,0.3,False,True,False,True,True,False,False,True,False,True,True,False
ID30,1990-09-30,1990-12-31,1991-09-30,holdout_evaluation,6,0.8095993849603396,261.65764983417216,0.012956292315808457,30.398006343185877,0.1586938711418301,0.3,True,False,True,False,False,True,True,False,True,False,True,False
ID56,1990-12-31,1991-03-31,1991-12-31,holdout_evaluation,7,0.6291267147864222,3.211279612565062,0.025511523634297657,3.358746385952801,0.11396224491800203,0.3,True,False,False,True,True,False,False,True,True,False,True,False
ID3,1991-03-31,1991-06-30,1992-03-31,holdout_evaluation,4,0.540484933791731,5267.638185616849,0.008256746879638737,541.3136772882009,0.031175351977939282,0.3,False,True,True,False,False,True,True,False,True,False,False,True
ID22,1991-06-30,1991-09-30,1992-06-30,holdout_evaluation,3,0.2597772022697809,95035018.3644332,0.0022620680090164663,3.5404394378637827,0.006460933705662294,0.3,False,True,True,False,False,True,False,True,False,True,False,True
ID101,1991-09-30,1991-12-31,1992-09-30,holdout_evaluation,7,0.14737754008283865,19.94753210158452,0.006885147319121224,1.2060343237001094,0.016782431616812407,0.3,False,True,False,True,False,True,False,True,False,True,False,True
ID12,1991-09-30,1991-12-31,1992-09-30,holdout_evaluation,8,0.46566286045623795,29.628839748152078,0.03884656857178214,43.74262435062508,0.014130371895320338,0.3,False,True,False,True,True,False,True,False,False,True,False,True
ID120,1991-09-30,1991-12-31,1992-09-30,holdout_evaluation,8,0.42234868128978653,11.733878605685348,0.021498086529877676,4.655540744365129,0.04473928846639877,0.3,False,True,False,True,True,False,False,True,False,True,False,True
ID139,1991-09-30,1991-12-31,1992-09-30,holdout_evaluation,8,0.5721021914241117,47.23574284328722,0.02882758705604535,2.6882019217187945,0.03566417939410906,0.3,False,True,False,True,True,False,False,True,True,False,False,True
ID30,1991-09-30,1991-12-31,1992-09-30,holdout_evaluation,7,0.7540945817585275,199.8717851733858,0.016452541341108323,31.384730434009217,0.19977212854647616,0.3,True,False,True,False,True,False,True,False,False,True,True,False
ID3,1992-03-31,1992-06-30,1993-03-31,holdout_evaluation,5,0.5564146899345407,2624.4302408752756,0.008256746879638737,556.4451394010845,0.03520898998775564,0.3,False,True,True,False,False,True,True,False,True,False,False,True
ID22,1992-06-30,1992-09-30,1993-06-30,holdout_evaluation,4,0.2750389110316721,0.0,0.0022432579005982915,3.4986585408462143,0.013812276490528597,0.3,False,True,False,True,False,True,False,True,False,True,False,True
ID101,1992-09-30,1992-12-31,1993-09-30,holdout_evaluation,8,0.2675212326349623,21.49483755014046,0.005190530670508204,1.2883496549001396,0.00934103794385462,0.3,False,True,False,True,False,True,False,True,False,True,False,True
ID120,1992-09-30,1992-12-31,1993-09-30,holdout_evaluation,9,0.4342842200381591,23.813341394374326,0.01533085071951161,5.046933093056499,0.07293929977724369,0.3,False,True,False,True,True,False,False,True,False,True,False,True
ID139,1992-09-30,1992-12-31,1993-09-30,holdout_evaluation,9,0.6473271023432229,28.05606579046266,0.03392673219366341,2.475284741421626,0.11919285934941104,0.3,True,False,False,True,True,False,False,True,False,True,True,False
ID30,1992-09-30,1992-12-31,1993-09-30,holdout_evaluation,8,0.728845358668796,186.21478518895717,0.016452541341108323,34.35813791864026,0.09945802464340578,0.3,True,False,True,False,True,False,True,False,False,True,False,True
ID3,1993-03-31,1993-06-30,1994-03-31,holdout_evaluation,6,0.6160192484810378,3490.8292545264494,0.0056186578841671535,573.844394566953,0.02277335624131231,0.3,True,False,True,False,False,True,True,False,False,True,False,True
ID22,1993-06-30,1993-09-30,1994-06-30,holdout_evaluation,5,0.3108157185964213,1377907001.9349458,0.0016889370592142166,3.4747996747541476,0.006963632971863881,0.3,False,True,True,False,False,True,False,True,False,True,False,True
ID101,1993-09-30,1993-12-31,1994-09-30,holdout_evaluation,9,0.08912344951875106,12.688034936909348,0.006000092700839444,1.2419258848592858,0.005517088390948264,0.3,False,True,False,True,False,True,False,True,False,True,False,True
ID120,1993-09-30,1993-12-31,1994-09-30,holdout_evaluation,10,0.4201347235847337,131.9341275272948,0.02144312225762851,5.896657023264703,0.04811897816840767,0.3,False,True,True,False,True,False,False,True,False,True,False,True
ID3,1994-03-31,1994-06-30,1995-03-31,holdout_evaluation,7,0.5813134444247404,8615.251626437559,0.0056186578841671535,601.8163241875743,0.017255616879533513,0.3,False,True,True,False,False,True,True,False,False,True,False,True
ID22,1994-06-30,1994-09-30,1995-06-30,holdout_evaluation,6,0.06588889273473103,0.0,0.0022432579005982915,3.458718902479415,0.010399555767767157,0.3,False,True,False,True,False,True,False,True,False,True,False,True
ID101,1994-09-30,1994-12-31,1995-09-30,holdout_evaluation,10,0.1587591453374696,16.67887682930335,0.004406971515283527,1.1884986857193174,0.07831657969951504,0.3,False,True,False,True,False,True,False,True,True,False,False,True
ID3,1995-03-31,1995-06-30,1996-03-31,holdout_evaluation,8,0.5526763873090751,2555.5645153061623,0.004135356269984717,576.6872220635223,0.05965249163594592,0.3,False,True,True,False,False,True,True,False,False,True,False,True
ID22,1995-06-30,1995-09-30,1996-06-30,holdout_evaluation,7,0.23097252841851035,817032668.0818107,0.0024321537413781544,1.2627478505799987,0.02117253490841246,0.3,False,True,True,False,False,True,False,True,False,True,False,True
ID3,1996-03-31,1996-06-30,1997-03-31,holdout_evaluation,9,0.5476708325437324,5058.616706488852,0.004135356269984717,635.2708734652555,0.05749473853000869,0.3,False,True,True,False,False,True,True,False,False,True,False,True
ID22,1996-06-30,1996-09-30,1997-06-30,holdout_evaluation,8,0.13976329603322524,0.0,0.0024852316932450803,1.4746283757709393,0.012405964618581703,0.3,False,True,False,True,False,True,False,True,True,False,False,True
ID3,1997-03-31,1997-06-30,1998-03-31,holdout_evaluation,10,0.5827009399462474,19341.86926035823,0.007756308146763088,773.746287961048,0.04518568809141266,0.3,False,True,True,False,False,True,True,False,False,True,False,True
ID22,1997-06-30,1997-09-30,1998-06-30,holdout_evaluation,9,0.2754154602272409,0.0,0.0024852316932450803,1.496189568530332,0.015460034272697463,0.3,False,True,False,True,False,True,False,True,False,True,False,True
ID3,1998-03-31,1998-06-30,1999-03-31,holdout_evaluation,11,0.510913306792447,6757.433684880773,0.011206165925050174,857.0784971149554,0.03953196138410483,0.3,False,True,True,False,False,True,True,False,True,False,False,True
ID22,1998-06-30,1998-09-30,1999-06-30,holdout_evaluation,10,0.28807528033173235,720108700.9801996,0.002530239252465153,1.5697884255031407,0.03820380484825102,0.3,False,True,True,False,False,True,False,True,False,True,False,True
ID3,1999-03-31,1999-06-30,2000-03-31,holdout_evaluation,12,0.6007451846256965,5599.509856636138,0.011206165925050174,910.6585364415797,0.042589094453416965,0.3,False,True,True,False,False,True,True,False,False,True,False,True
ID22,1999-06-30,1999-09-30,2000-06-30,holdout_evaluation,11,0.4534616612646056,1621668149.6787348,0.004427526184739631,2.3099782195065712,0.06005146672959862,0.3,False,True,True,False,False,True,False,True,True,False,False,True
ID3,2000-03-31,2000-06-30,2001-03-31,holdout_evaluation,13,0.5877968287156914,13668.232364017167,0.011142874271126528,979.3122157861137,0.019558702929297154,0.3,False,True,True,False,False,True,True,False,False,True,False,True
ID22,2000-06-30,2000-09-30,2001-06-30,holdout_evaluation,12,0.31900122064081654,1590718500.2928603,0.0053864895703226515,3.5843084408737957,0.008609760939211302,0.3,False,True,True,False,False,True,False,True,False,True,False,True
ID3,2001-03-31,2001-06-30,2002-03-31,holdout_evaluation,14,0.5506492275341158,9628.049616502849,0.01736069114434819,989.1938609303402,0.06020745013525743,0.3,False,True,True,False,True,False,True,False,False,True,False,True
ID22,2001-06-30,2001-09-30,2002-06-30,holdout_evaluation,13,0.35415116999701185,0.0,0.006146302490101991,3.574874690030157,0.06112660104229457,0.3,False,True,False,True,False,True,False,True,False,True,False,True
ID22,2002-06-30,2002-09-30,2003-06-30,holdout_evaluation,14,0.23915100473511675,4019578613.229679,0.008811626237065731,4.676234822942523,0.28569766947392977,0.3,False,True,True,False,False,True,False,True,False,True,True,False
