unique_id,cutoff,ds,y,y_hat
ID0,1980-09-30,1980-12-31,3.67,7.4692135
ID0,1980-09-30,1981-03-31,3.35,9.14959
ID0,1980-09-30,1981-06-30,2.94,10.069222
ID0,1980-09-30,1981-09-30,1.75,6.778978
ID0,1981-09-30,1981-12-31,1.53,6.5443993
ID0,1981-09-30,1982-03-31,1.61,8.589885
ID0,1981-09-30,1982-06-30,1.78,7.9762335
ID0,1981-09-30,1982-09-30,1.48,7.8817
ID0,1982-09-30,1982-12-31,1.29,5.4126062
ID0,1982-09-30,1983-03-31,2.58,6.3010683
ID0,1982-09-30,1983-06-30,4.03,6.5080175
ID0,1982-09-30,1983-09-30,4.57,6.2330112
ID0,1983-09-30,1983-12-31,5.07,5.585494
ID0,1983-09-30,1984-03-31,5.86,5.993333
ID0,1983-09-30,1984-06-30,6.79,7.1229095
ID0,1983-09-30,1984-09-30,5.02,6.656053
ID0,1984-09-30,1984-12-31,3.24,6.8938622
ID0,1984-09-30,1985-03-31,2.78,8.642473
ID0,1984-09-30,1985-06-30,2.25,10.470402
ID0,1984-09-30,1985-09-30,1.02,7.262403
ID1,1981-09-30,1981-12-31,90.0,89.83584
ID1,1981-09-30,1982-03-31,90.0,91.094215
ID1,1981-09-30,1982-06-30,90.0,92.44832
ID1,1981-09-30,1982-09-30,90.0,91.58522
ID1,1982-09-30,1982-12-31,83.0,92.97046
ID1,1982-09-30,1983-03-31,83.0,94.42294
ID1,1982-09-30,1983-06-30,83.0,95.274536
ID1,1982-09-30,1983-09-30,83.0,94.684
ID1,1983-09-30,1983-12-31,81.0,83.43661
ID1,1983-09-30,1984-03-31,81.0,85.15012
ID1,1983-09-30,1984-06-30,81.0,86.22966
ID1,1983-09-30,1984-09-30,81.0,85.77909
ID1,1984-09-30,1984-12-31,80.0,81.22293
ID1,1984-09-30,1985-03-31,80.0,82.47579
ID1,1984-09-30,1985-06-30,80.0,83.0122
ID1,1984-09-30,1985-09-30,80.0,82.88664
ID1,1985-09-30,1985-12-31,83.0,80.468704
ID1,1985-09-30,1986-03-31,83.0,81.649666
ID1,1985-09-30,1986-06-30,87.0,82.25626
ID1,1985-09-30,1986-09-30,86.0,82.10596
ID1,1986-09-30,1986-12-31,92.0,88.97172
ID1,1986-09-30,1987-03-31,93.0,90.41052
ID1,1986-09-30,1987-06-30,98.0,92.64853
ID1,1986-09-30,1987-09-30,98.0,91.91441
ID1,1987-09-30,1987-12-31,102.0,102.10588
ID1,1987-09-30,1988-03-31,105.0,103.80431
ID1,1987-09-30,1988-06-30,109.0,107.32432
ID1,1987-09-30,1988-09-30,110.0,105.87388
ID1,1988-09-30,1988-12-31,100.0,113.19051
ID1,1988-09-30,1989-03-31,101.0,115.865036
ID1,1988-09-30,1989-06-30,99.0,119.02229
ID1,1988-09-30,1989-09-30,99.0,118.90971
ID10,1983-09-30,1983-12-31,72.0,77.70191
ID10,1983-09-30,1984-03-31,89.0,85.97655
ID10,1983-09-30,1984-06-30,75.0,88.13738
ID10,1983-09-30,1984-09-30,102.0,86.50166
ID10,1984-09-30,1984-12-31,77.0,84.05818
ID10,1984-09-30,1985-03-31,126.0,98.00149
ID10,1984-09-30,1985-06-30,97.0,91.086655
ID10,1984-09-30,1985-09-30,116.0,105.76331
ID10,1985-09-30,1985-12-31,96.0,99.03584
ID10,1985-09-30,1986-03-31,145.0,135.71062
ID10,1985-09-30,1986-06-30,112.0,109.64366
ID10,1985-09-30,1986-09-30,146.0,125.631935
ID10,1986-09-30,1986-12-31,123.0,120.16461
ID10,1986-09-30,1987-03-31,161.0,161.611
ID10,1986-09-30,1987-06-30,168.0,131.65875
ID10,1986-09-30,1987-09-30,162.0,152.75429
ID10,1987-09-30,1987-12-31,138.0,147.61646
ID10,1987-09-30,1988-03-31,168.0,180.92987
ID10,1987-09-30,1988-06-30,169.0,173.80756
ID10,1987-09-30,1988-09-30,182.0,175.74184
ID10,1988-09-30,1988-12-31,152.0,151.76767
ID10,1988-09-30,1989-03-31,132.0,182.96323
ID10,1988-09-30,1989-06-30,133.0,187.19124
ID10,1988-09-30,1989-09-30,143.0,192.00908
ID101,1985-09-30,1985-12-31,92.0,92.78882
ID101,1985-09-30,1986-03-31,92.1,94.137054
ID101,1985-09-30,1986-06-30,92.4,95.02757
ID101,1985-09-30,1986-09-30,93.0,94.655106
ID101,1986-09-30,1986-12-31,92.7,94.26176
ID101,1986-09-30,1987-03-31,94.3,95.64255
ID101,1986-09-30,1987-06-30,95.1,96.59281
ID101,1986-09-30,1987-09-30,95.7,96.465454
ID101,1987-09-30,1987-12-31,98.1,97.04124
ID101,1987-09-30,1988-03-31,99.0,98.78702
ID101,1987-09-30,1988-06-30,99.4,99.95897
ID101,1987-09-30,1988-09-30,100.2,100.14826
ID101,1988-09-30,1988-12-31,99.3,102.33922
ID101,1988-09-30,1989-03-31,99.1,104.20902
ID101,1988-09-30,1989-06-30,100.4,105.41091
ID101,1988-09-30,1989-09-30,101.1,105.54605
ID101,1989-09-30,1989-12-31,101.9,101.857864
ID101,1989-09-30,1990-03-31,103.1,103.32015
ID101,1989-09-30,1990-06-30,103.9,104.49775
ID101,1989-09-30,1990-09-30,105.6,104.47336
ID101,1990-09-30,1990-12-31,106.0,107.35957
ID101,1990-09-30,1991-03-31,107.7,109.0996
ID101,1990-09-30,1991-06-30,109.9,110.569916
ID101,1990-09-30,1991-09-30,112.1,111.30671
ID101,1991-09-30,1991-12-31,114.0,114.13794
ID101,1991-09-30,1992-03-31,114.9,116.22579
ID101,1991-09-30,1992-06-30,115.3,118.21792
ID101,1991-09-30,1992-09-30,115.9,119.36511
ID101,1992-09-30,1992-12-31,116.1,117.66909
ID101,1992-09-30,1993-03-31,118.5,119.24507
ID101,1992-09-30,1993-06-30,119.2,120.41991
ID101,1992-09-30,1993-09-30,120.1,121.00293
ID101,1993-09-30,1993-12-31,121.7,121.66758
ID101,1993-09-30,1994-03-31,122.7,123.88657
ID101,1993-09-30,1994-06-30,124.1,125.23855
ID101,1993-09-30,1994-09-30,126.0,125.61687
ID101,1994-09-30,1994-12-31,131.4,127.93795
ID101,1994-09-30,1995-03-31,138.2,130.09486
ID101,1994-09-30,1995-06-30,145.6,131.79077
ID101,1994-09-30,1995-09-30,150.5,132.58331
ID102,1978-09-30,1978-12-31,7736.0,7947.5933
ID102,1978-09-30,1979-03-31,7912.0,7970.8164
ID102,1978-09-30,1979-06-30,7872.0,8125.3643
ID102,1978-09-30,1979-09-30,8176.0,8120.51
ID102,1979-09-30,1979-12-31,8176.0,8226.052
ID102,1979-09-30,1980-03-31,8456.0,8344.842
ID102,1979-09-30,1980-06-30,8636.0,8414.567
ID102,1979-09-30,1980-09-30,9312.0,8526.13
ID102,1980-09-30,1980-12-31,9320.0,9373.699
ID102,1980-09-30,1981-03-31,9976.0,9575.282
ID102,1980-09-30,1981-06-30,10000.0,9651.531
ID102,1980-09-30,1981-09-30,9928.0,9980.063
ID102,1981-09-30,1981-12-31,9640.0,9964.92
ID102,1981-09-30,1982-03-31,9920.0,10145.519
ID102,1981-09-30,1982-06-30,10460.0,10171.374
ID102,1981-09-30,1982-09-30,10992.0,10244.887
ID102,1982-09-30,1982-12-31,11288.0,10837.623
ID102,1982-09-30,1983-03-31,11340.0,11169.44
ID102,1982-09-30,1983-06-30,11816.0,11383.257
ID102,1982-09-30,1983-09-30,12116.0,11624.501
ID102,1983-09-30,1983-12-31,12608.0,12286.374
ID102,1983-09-30,1984-03-31,13000.0,12482.066
ID102,1983-09-30,1984-06-30,12636.0,12692.574
ID102,1983-09-30,1984-09-30,13064.0,12869.816
ID102,1984-09-30,1984-12-31,13788.0,13224.904
ID102,1984-09-30,1985-03-31,14288.0,13397.669
ID102,1984-09-30,1985-06-30,14504.0,13449.197
ID102,1984-09-30,1985-09-30,15096.0,13625.351
ID102,1985-09-30,1985-12-31,15688.0,15367.607
ID102,1985-09-30,1986-03-31,15312.0,15702.282
ID102,1985-09-30,1986-06-30,15468.0,15837.665
ID102,1985-09-30,1986-09-30,16516.0,16104.398
ID103,1976-09-30,1976-12-31,142.0,137.01692
ID103,1976-09-30,1977-03-31,147.0,141.43893
ID103,1976-09-30,1977-06-30,139.0,139.29424
ID103,1976-09-30,1977-09-30,157.0,146.67651
ID103,1977-09-30,1977-12-31,152.0,159.8916
ID103,1977-09-30,1978-03-31,161.0,164.97461
ID103,1977-09-30,1978-06-30,146.0,160.04364
ID103,1977-09-30,1978-09-30,159.0,169.82747
ID103,1978-09-30,1978-12-31,163.0,155.9981
ID103,1978-09-30,1979-03-31,167.0,164.79956
ID103,1978-09-30,1979-06-30,152.0,153.4528
ID103,1978-09-30,1979-09-30,180.0,165.48444
ID103,1979-09-30,1979-12-31,186.0,178.27454
ID103,1979-09-30,1980-03-31,194.0,186.83409
ID103,1979-09-30,1980-06-30,181.0,171.37782
ID103,1979-09-30,1980-09-30,204.0,193.63669
ID104,1978-09-30,1978-12-31,194.0,204.18587
ID104,1978-09-30,1979-03-31,193.0,214.81425
ID104,1978-09-30,1979-06-30,190.0,208.67116
ID104,1978-09-30,1979-09-30,193.0,212.68848
ID104,1979-09-30,1979-12-31,208.0,193.10382
ID104,1979-09-30,1980-03-31,212.0,195.1697
ID104,1979-09-30,1980-06-30,191.0,194.42003
ID104,1979-09-30,1980-09-30,219.0,195.74686
ID104,1980-09-30,1980-12-31,270.0,226.66132
ID104,1980-09-30,1981-03-31,268.0,232.03694
ID104,1980-09-30,1981-06-30,260.0,217.8508
ID104,1980-09-30,1981-09-30,251.0,234.75476
ID104,1981-09-30,1981-12-31,285.0,264.34476
ID104,1981-09-30,1982-03-31,287.0,264.83438
ID104,1981-09-30,1982-06-30,302.0,255.45232
ID104,1981-09-30,1982-09-30,298.0,257.16437
ID104,1982-09-30,1982-12-31,315.0,307.98447
ID104,1982-09-30,1983-03-31,302.0,310.5094
ID104,1982-09-30,1983-06-30,307.0,315.36023
ID104,1982-09-30,1983-09-30,358.0,310.7281
ID104,1983-09-30,1983-12-31,363.0,362.03052
ID104,1983-09-30,1984-03-31,361.0,360.70844
ID104,1983-09-30,1984-06-30,337.0,364.5153
ID104,1983-09-30,1984-09-30,375.0,383.4511
ID104,1984-09-30,1984-12-31,385.0,376.30292
ID104,1984-09-30,1985-03-31,404.0,374.7615
ID104,1984-09-30,1985-06-30,402.0,362.25812
ID104,1984-09-30,1985-09-30,455.0,387.89258
ID104,1985-09-30,1985-12-31,441.0,462.02383
ID104,1985-09-30,1986-03-31,505.0,469.74655
ID104,1985-09-30,1986-06-30,492.0,464.6803
ID104,1985-09-30,1986-09-30,546.0,489.3359
ID105,1978-09-30,1978-12-31,88.0,88.25354
ID105,1978-09-30,1979-03-31,88.0,87.82806
ID105,1978-09-30,1979-06-30,87.0,89.22185
ID105,1978-09-30,1979-09-30,95.0,90.93011
ID105,1979-09-30,1979-12-31,98.0,97.76967
ID105,1979-09-30,1980-03-31,99.0,99.04989
ID105,1979-09-30,1980-06-30,98.0,100.3722
ID105,1979-09-30,1980-09-30,106.0,103.04197
ID105,1980-09-30,1980-12-31,114.0,109.01607
ID105,1980-09-30,1981-03-31,121.0,110.94801
ID105,1980-09-30,1981-06-30,115.0,112.028984
ID105,1980-09-30,1981-09-30,122.0,115.23638
ID105,1981-09-30,1981-12-31,125.0,124.828606
ID105,1981-09-30,1982-03-31,126.0,129.49367
ID105,1981-09-30,1982-06-30,124.0,126.77154
ID105,1981-09-30,1982-09-30,131.0,130.4609
ID105,1982-09-30,1982-12-31,139.0,133.1906
ID105,1982-09-30,1983-03-31,135.0,136.85565
ID105,1982-09-30,1983-06-30,130.0,136.55054
ID105,1982-09-30,1983-09-30,141.0,140.25552
ID105,1983-09-30,1983-12-31,147.0,145.50192
ID105,1983-09-30,1984-03-31,152.0,145.68938
ID105,1983-09-30,1984-06-30,140.0,144.4918
ID105,1983-09-30,1984-09-30,154.0,149.96864
ID105,1984-09-30,1984-12-31,162.0,158.29279
ID105,1984-09-30,1985-03-31,168.0,162.72063
ID105,1984-09-30,1985-06-30,157.0,155.32967
ID105,1984-09-30,1985-09-30,178.0,165.09836
ID105,1985-09-30,1985-12-31,185.0,181.2487
ID105,1985-09-30,1986-03-31,185.0,188.53065
ID105,1985-09-30,1986-06-30,179.0,178.10506
ID105,1985-09-30,1986-09-30,189.0,192.30946
ID107,1978-09-30,1978-12-31,98.0,105.22183
ID107,1978-09-30,1979-03-31,101.0,108.024345
ID107,1978-09-30,1979-06-30,98.0,105.352295
ID107,1978-09-30,1979-09-30,102.0,103.80013
ID107,1979-09-30,1979-12-31,97.0,103.91787
ID107,1979-09-30,1980-03-31,102.0,105.73495
ID107,1979-09-30,1980-06-30,100.0,105.495026
ID107,1979-09-30,1980-09-30,101.0,106.1854
ID107,1980-09-30,1980-12-31,108.0,99.98648
ID107,1980-09-30,1981-03-31,118.0,104.738815
ID107,1980-09-30,1981-06-30,112.0,104.29347
ID107,1980-09-30,1981-09-30,115.0,104.663994
ID107,1981-09-30,1981-12-31,115.0,118.861885
ID107,1981-09-30,1982-03-31,117.0,127.54095
ID107,1981-09-30,1982-06-30,109.0,123.12698
ID107,1981-09-30,1982-09-30,114.0,123.5831
ID107,1982-09-30,1982-12-31,109.0,114.34678
ID107,1982-09-30,1983-03-31,111.0,118.68278
ID107,1982-09-30,1983-06-30,105.0,115.11305
ID107,1982-09-30,1983-09-30,110.0,117.35564
ID107,1983-09-30,1983-12-31,113.0,110.87817
ID107,1983-09-30,1984-03-31,113.0,112.92626
ID107,1983-09-30,1984-06-30,108.0,111.27488
ID107,1983-09-30,1984-09-30,110.0,113.19479
ID107,1984-09-30,1984-12-31,112.0,111.57324
ID107,1984-09-30,1985-03-31,119.0,113.1227
ID107,1984-09-30,1985-06-30,116.0,111.360405
ID107,1984-09-30,1985-09-30,122.0,112.64395
ID107,1985-09-30,1985-12-31,131.0,124.65245
ID107,1985-09-30,1986-03-31,135.0,129.34103
ID107,1985-09-30,1986-06-30,133.0,128.46617
ID107,1985-09-30,1986-09-30,138.0,131.44655
ID108,1982-09-30,1982-12-31,1622.0,1776.0609
ID108,1982-09-30,1983-03-31,1754.0,1792.4471
ID108,1982-09-30,1983-06-30,1938.0,1964.6959
ID108,1982-09-30,1983-09-30,2348.0,2184.146
ID108,1983-09-30,1983-12-31,2605.0,1858.6437
ID108,1983-09-30,1984-03-31,2540.0,1973.1475
ID108,1983-09-30,1984-06-30,2419.0,2150.093
ID108,1983-09-30,1984-09-30,3225.0,2519.8425
ID108,1984-09-30,1984-12-31,3228.0,3208.1165
ID108,1984-09-30,1985-03-31,2673.0,3128.8271
ID108,1984-09-30,1985-06-30,3405.0,3036.628
ID108,1984-09-30,1985-09-30,4412.0,3412.0024
ID108,1985-09-30,1985-12-31,4047.0,4087.0818
ID108,1985-09-30,1986-03-31,4254.0,3681.4907
ID108,1985-09-30,1986-06-30,4587.0,4083.279
ID108,1985-09-30,1986-09-30,5127.0,4707.317
ID108,1986-09-30,1986-12-31,4207.0,4815.7656
ID108,1986-09-30,1987-03-31,4587.0,4791.878
ID108,1986-09-30,1987-06-30,4206.0,5062.569
ID108,1986-09-30,1987-09-30,4778.0,5457.804
ID109,1982-09-30,1982-12-31,5887.0,5756.826
ID109,1982-09-30,1983-03-31,6031.0,5868.8906
ID109,1982-09-30,1983-06-30,6638.0,6171.6206
ID109,1982-09-30,1983-09-30,7321.0,6343.046
ID109,1983-09-30,1983-12-31,7573.0,7108.043
ID109,1983-09-30,1984-03-31,7930.0,7239.8237
ID109,1983-09-30,1984-06-30,8258.0,7556.1553
ID109,1983-09-30,1984-09-30,9568.0,7844.485
ID109,1984-09-30,1984-12-31,9949.0,9593.149
ID109,1984-09-30,1985-03-31,9545.0,9649.455
ID109,1984-09-30,1985-06-30,11412.0,9796.659
ID109,1984-09-30,1985-09-30,13064.0,10217.437
ID109,1985-09-30,1985-12-31,12555.0,12945.979
ID109,1985-09-30,1986-03-31,12706.0,12768.802
ID109,1985-09-30,1986-06-30,13464.0,13361.92
ID109,1985-09-30,1986-09-30,14817.0,13990.81
ID109,1986-09-30,1986-12-31,13053.0,14132.73
ID109,1986-09-30,1987-03-31,13464.0,14088.865
ID109,1986-09-30,1987-06-30,13280.0,14808.913
ID109,1986-09-30,1987-09-30,3584.0,15707.143
ID11,1981-09-30,1981-12-31,218.0,155.81624
ID11,1981-09-30,1982-03-31,274.0,170.11887
ID11,1981-09-30,1982-06-30,211.0,154.27866
ID11,1981-09-30,1982-09-30,288.0,170.8715
ID110,1982-12-31,1983-03-31,93.0,108.17089
ID110,1982-12-31,1983-06-30,105.0,127.02806
ID110,1982-12-31,1983-09-30,82.0,115.88663
ID110,1982-12-31,1983-12-31,133.0,145.79733
ID110,1983-12-31,1984-03-31,85.0,102.523926
ID110,1983-12-31,1984-06-30,115.0,115.346214
ID110,1983-12-31,1984-09-30,108.0,109.29809
ID110,1983-12-31,1984-12-31,109.0,135.58887
ID110,1984-12-31,1985-03-31,140.0,94.166275
ID110,1984-12-31,1985-06-30,92.0,117.92514
ID110,1984-12-31,1985-09-30,132.0,107.89962
ID110,1984-12-31,1985-12-31,124.0,117.35922
ID110,1985-12-31,1986-03-31,144.0,142.47754
ID110,1985-12-31,1986-06-30,104.0,124.488556
ID110,1985-12-31,1986-09-30,125.0,138.14807
ID110,1985-12-31,1986-12-31,100.0,132.11217
ID111,1982-12-31,1983-03-31,1795.0,1721.523
ID111,1982-12-31,1983-06-30,2026.0,1999.0579
ID111,1982-12-31,1983-09-30,1879.0,1839.3204
ID111,1982-12-31,1983-12-31,2230.0,2039.0327
ID111,1983-12-31,1984-03-31,1978.0,1997.2906
ID111,1983-12-31,1984-06-30,2288.0,2257.0417
ID111,1983-12-31,1984-09-30,2148.0,2086.956
ID111,1983-12-31,1984-12-31,2146.0,2368.2144
ID111,1984-12-31,1985-03-31,2575.0,2022.6266
ID111,1984-12-31,1985-06-30,2168.0,2240.7227
ID111,1984-12-31,1985-09-30,2587.0,2099.7698
ID111,1984-12-31,1985-12-31,2398.0,2180.9246
ID111,1985-12-31,1986-03-31,2881.0,2648.9453
ID111,1985-12-31,1986-06-30,2703.0,2490.2395
ID111,1985-12-31,1986-09-30,3124.0,2633.5771
ID111,1985-12-31,1986-12-31,2881.0,2511.4224
ID112,1978-09-30,1978-12-31,330.0,329.81793
ID112,1978-09-30,1979-03-31,332.0,335.79367
ID112,1978-09-30,1979-06-30,334.0,338.4083
ID112,1978-09-30,1979-09-30,340.0,325.70926
ID112,1979-09-30,1979-12-31,328.0,343.32175
ID112,1979-09-30,1980-03-31,333.0,347.1435
ID112,1979-09-30,1980-06-30,344.0,349.57278
ID112,1979-09-30,1980-09-30,339.0,349.3845
ID112,1980-09-30,1980-12-31,363.0,335.66284
ID112,1980-09-30,1981-03-31,386.0,342.01297
ID112,1980-09-30,1981-06-30,384.0,347.1719
ID112,1980-09-30,1981-09-30,385.0,344.83615
ID112,1981-09-30,1981-12-31,383.0,393.43265
ID112,1981-09-30,1982-03-31,387.0,405.28693
ID112,1981-09-30,1982-06-30,378.0,405.7955
ID112,1981-09-30,1982-09-30,380.0,405.17245
ID112,1982-09-30,1982-12-31,368.0,379.925
ID112,1982-09-30,1983-03-31,363.0,383.6109
ID112,1982-09-30,1983-06-30,364.0,382.01398
ID112,1982-09-30,1983-09-30,369.0,382.53867
ID112,1983-09-30,1983-12-31,373.0,369.5822
ID112,1983-09-30,1984-03-31,376.0,371.661
ID112,1983-09-30,1984-06-30,371.0,372.09354
ID112,1983-09-30,1984-09-30,373.0,372.79874
ID112,1984-09-30,1984-12-31,383.0,375.0542
ID112,1984-09-30,1985-03-31,394.0,377.49875
ID112,1984-09-30,1985-06-30,410.0,377.41714
ID112,1984-09-30,1985-09-30,424.0,379.1669
ID112,1985-09-30,1985-12-31,447.0,433.74088
ID112,1985-09-30,1986-03-31,450.0,441.32568
ID112,1985-09-30,1986-06-30,468.0,448.2666
ID112,1985-09-30,1986-09-30,476.0,454.405
ID113,1982-09-30,1982-12-31,119.5,102.755196
ID113,1982-09-30,1983-03-31,107.5,104.59969
ID113,1982-09-30,1983-06-30,140.9,105.93593
ID113,1982-09-30,1983-09-30,199.3,117.441986
ID113,1983-09-30,1983-12-31,297.6,186.23012
ID113,1983-09-30,1984-03-31,334.7,175.05203
ID113,1983-09-30,1984-06-30,230.5,190.47531
ID113,1983-09-30,1984-09-30,200.3,213.40253
ID113,1984-09-30,1984-12-31,178.3,237.8427
ID113,1984-09-30,1985-03-31,215.7,268.96555
ID113,1984-09-30,1985-06-30,253.7,218.4132
ID113,1984-09-30,1985-09-30,262.4,209.3517
ID114,1982-12-31,1983-03-31,4909.0,4490.6353
ID114,1982-12-31,1983-06-30,5373.0,4673.362
ID114,1982-12-31,1983-09-30,5231.0,4367.419
ID114,1982-12-31,1983-12-31,6072.0,5107.087
ID114,1983-12-31,1984-03-31,6300.0,5938.9565
ID114,1983-12-31,1984-06-30,6653.0,6151.177
ID114,1983-12-31,1984-09-30,6010.0,5977.624
ID114,1983-12-31,1984-12-31,8112.0,6516.591
ID114,1984-12-31,1985-03-31,8340.0,7773.4155
ID114,1984-12-31,1985-06-30,8631.0,7924.1895
ID114,1984-12-31,1985-09-30,8115.0,7440.893
ID114,1984-12-31,1985-12-31,9647.0,8600.27
ID114,1985-12-31,1986-03-31,8221.0,9511.453
ID114,1985-12-31,1986-06-30,8489.0,9644.393
ID114,1985-12-31,1986-09-30,9860.0,9135.162
ID114,1985-12-31,1986-12-31,11204.0,10206.38
ID115,1978-09-30,1978-12-31,89.0,92.84756
ID115,1978-09-30,1979-03-31,99.0,101.88068
ID115,1978-09-30,1979-06-30,91.0,99.1533
ID115,1978-09-30,1979-09-30,100.0,101.215904
ID115,1979-09-30,1979-12-31,92.0,95.87248
ID115,1979-09-30,1980-03-31,101.0,108.16984
ID115,1979-09-30,1980-06-30,100.0,101.9578
ID115,1979-09-30,1980-09-30,107.0,108.20172
ID115,1980-09-30,1980-12-31,101.0,101.13293
ID115,1980-09-30,1981-03-31,111.0,111.99275
ID115,1980-09-30,1981-06-30,108.0,108.722015
ID115,1980-09-30,1981-09-30,112.0,115.014786
ID115,1981-09-30,1981-12-31,107.0,108.70117
ID115,1981-09-30,1982-03-31,116.0,118.25903
ID115,1981-09-30,1982-06-30,110.0,116.440704
ID115,1981-09-30,1982-09-30,116.0,119.3462
ID115,1982-09-30,1982-12-31,109.0,111.8493
ID115,1982-09-30,1983-03-31,115.0,123.184364
ID115,1982-09-30,1983-06-30,121.0,118.90382
ID115,1982-09-30,1983-09-30,124.0,122.76554
ID115,1983-09-30,1983-12-31,120.0,121.84827
ID115,1983-09-30,1984-03-31,134.0,127.95383
ID115,1983-09-30,1984-06-30,126.0,129.72426
ID115,1983-09-30,1984-09-30,133.0,132.0157
ID115,1984-09-30,1984-12-31,127.0,130.42111
ID115,1984-09-30,1985-03-31,148.0,140.85384
ID115,1984-09-30,1985-06-30,145.0,137.71136
ID115,1984-09-30,1985-09-30,150.0,141.5619
ID115,1985-09-30,1985-12-31,133.0,144.76959
ID115,1985-09-30,1986-03-31,163.0,162.77081
ID115,1985-09-30,1986-06-30,155.0,158.62636
ID115,1985-09-30,1986-09-30,159.0,161.96674
ID116,1982-09-30,1982-12-31,456.8,453.49042
ID116,1982-09-30,1983-03-31,461.9,458.81006
ID116,1982-09-30,1983-06-30,469.2,462.67664
ID116,1982-09-30,1983-09-30,474.3,466.45654
ID116,1983-09-30,1983-12-31,486.5,479.55096
ID116,1983-09-30,1984-03-31,451.4,485.90646
ID116,1983-09-30,1984-06-30,500.0,491.00775
ID116,1983-09-30,1984-09-30,508.0,495.04126
ID116,1984-09-30,1984-12-31,511.2,510.623
ID116,1984-09-30,1985-03-31,521.8,504.34286
ID116,1984-09-30,1985-06-30,526.6,529.06464
ID116,1984-09-30,1985-09-30,531.3,533.6807
ID116,1985-09-30,1985-12-31,541.9,535.52014
ID116,1985-09-30,1986-03-31,554.3,541.26013
ID116,1985-09-30,1986-06-30,557.6,548.4782
ID116,1985-09-30,1986-09-30,572.0,552.0426
ID116,1986-09-30,1986-12-31,573.6,579.98334
ID116,1986-09-30,1987-03-31,581.3,589.5669
ID116,1986-09-30,1987-06-30,590.2,596.53625
ID116,1986-09-30,1987-09-30,602.0,603.82874
ID116,1987-09-30,1987-12-31,610.8,607.78094
ID116,1987-09-30,1988-03-31,613.3,615.8678
ID116,1987-09-30,1988-06-30,622.2,622.1664
ID116,1987-09-30,1988-09-30,634.4,628.9322
ID116,1988-09-30,1988-12-31,646.0,640.9488
ID116,1988-09-30,1989-03-31,652.9,648.59644
ID116,1988-09-30,1989-06-30,658.8,655.5394
ID116,1988-09-30,1989-09-30,668.3,662.22003
ID117,1982-09-30,1982-12-31,296.4,293.1016
ID117,1982-09-30,1983-03-31,298.3,296.84015
ID117,1982-09-30,1983-06-30,302.6,299.81
ID117,1982-09-30,1983-09-30,304.6,301.75616
ID117,1983-09-30,1983-12-31,306.3,308.1547
ID117,1983-09-30,1984-03-31,300.6,312.091
ID117,1983-09-30,1984-06-30,318.0,315.15634
ID117,1983-09-30,1984-09-30,328.6,317.32626
ID117,1984-09-30,1984-12-31,327.0,331.96652
ID117,1984-09-30,1985-03-31,333.5,336.10977
ID117,1984-09-30,1985-06-30,338.6,343.43317
ID117,1984-09-30,1985-09-30,335.2,347.8522
ID117,1985-09-30,1985-12-31,339.7,337.0313
ID117,1985-09-30,1986-03-31,345.1,340.14896
ID117,1985-09-30,1986-06-30,349.2,343.18747
ID117,1985-09-30,1986-09-30,358.2,344.25766
ID117,1986-09-30,1986-12-31,361.0,362.97562
ID117,1986-09-30,1987-03-31,365.5,368.5042
ID117,1986-09-30,1987-06-30,371.4,373.41064
ID117,1986-09-30,1987-09-30,378.5,377.0253
ID117,1987-09-30,1987-12-31,384.9,382.88043
ID117,1987-09-30,1988-03-31,386.2,388.23242
ID117,1987-09-30,1988-06-30,395.3,392.9488
ID117,1987-09-30,1988-09-30,398.8,397.18155
ID117,1988-09-30,1988-12-31,407.3,403.14822
ID117,1988-09-30,1989-03-31,411.0,408.26144
ID117,1988-09-30,1989-06-30,411.7,413.38177
ID117,1988-09-30,1989-09-30,424.3,416.6807
ID118,1982-09-30,1982-12-31,126.8,127.57745
ID118,1982-09-30,1983-03-31,127.9,130.12459
ID118,1982-09-30,1983-06-30,129.9,132.35432
ID118,1982-09-30,1983-09-30,131.6,134.19354
ID118,1983-09-30,1983-12-31,138.1,133.783
ID118,1983-09-30,1984-03-31,128.7,135.9011
ID118,1983-09-30,1984-06-30,139.3,137.8836
ID118,1983-09-30,1984-09-30,145.2,139.1304
ID118,1984-09-30,1984-12-31,146.1,148.28494
ID118,1984-09-30,1985-03-31,151.3,148.0198
ID118,1984-09-30,1985-06-30,153.0,153.50122
ID118,1984-09-30,1985-09-30,154.3,156.04587
ID118,1985-09-30,1985-12-31,155.6,156.8537
ID118,1985-09-30,1986-03-31,158.4,159.42319
ID118,1985-09-30,1986-06-30,159.3,161.93951
ID118,1985-09-30,1986-09-30,162.6,163.57741
ID118,1986-09-30,1986-12-31,165.3,164.70395
ID118,1986-09-30,1987-03-31,166.6,167.86661
ID118,1986-09-30,1987-06-30,170.9,169.97447
ID118,1986-09-30,1987-09-30,173.7,171.27156
ID118,1987-09-30,1987-12-31,178.2,176.55399
ID118,1987-09-30,1988-03-31,180.1,179.49301
ID118,1987-09-30,1988-06-30,182.8,182.40808
ID118,1987-09-30,1988-09-30,184.3,184.24782
ID118,1988-09-30,1988-12-31,188.9,187.25505
ID118,1988-09-30,1989-03-31,191.8,190.11552
ID118,1988-09-30,1989-06-30,193.2,192.7537
ID118,1988-09-30,1989-09-30,194.2,194.22044
ID119,1982-09-30,1982-12-31,92.0,95.16575
ID119,1982-09-30,1983-03-31,93.0,98.19375
ID119,1982-09-30,1983-06-30,92.0,98.80786
ID119,1982-09-30,1983-09-30,95.0,100.06271
ID119,1983-09-30,1983-12-31,96.0,96.04086
ID119,1983-09-30,1984-03-31,99.0,97.87078
ID119,1983-09-30,1984-06-30,98.0,98.547356
ID119,1983-09-30,1984-09-30,101.0,99.43506
ID119,1984-09-30,1984-12-31,102.0,103.02371
ID119,1984-09-30,1985-03-31,104.0,105.51192
ID119,1984-09-30,1985-06-30,103.0,106.41752
ID119,1984-09-30,1985-09-30,104.0,107.954155
ID119,1985-09-30,1985-12-31,101.0,105.58013
ID119,1985-09-30,1986-03-31,102.0,107.40988
ID119,1985-09-30,1986-06-30,100.0,107.871506
ID119,1985-09-30,1986-09-30,98.0,108.60875
ID119,1986-09-30,1986-12-31,99.0,97.6564
ID119,1986-09-30,1987-03-31,102.0,99.10547
ID119,1986-09-30,1987-06-30,100.0,99.09171
ID119,1986-09-30,1987-09-30,101.0,98.93459
ID119,1987-09-30,1987-12-31,103.0,102.832924
ID119,1987-09-30,1988-03-31,108.0,105.334
ID119,1987-09-30,1988-06-30,109.0,105.01034
ID119,1987-09-30,1988-09-30,113.0,105.1846
ID119,1988-09-30,1988-12-31,115.0,115.72186
ID119,1988-09-30,1989-03-31,119.0,118.74619
ID119,1988-09-30,1989-06-30,119.0,120.16829
ID119,1988-09-30,1989-09-30,120.0,121.969864
ID12,1984-09-30,1984-12-31,664.0,713.07935
ID12,1984-09-30,1985-03-31,607.0,725.0276
ID12,1984-09-30,1985-06-30,568.0,746.1704
ID12,1984-09-30,1985-09-30,528.0,747.7356
ID12,1985-09-30,1985-12-31,520.0,507.5821
ID12,1985-09-30,1986-03-31,476.0,511.11658
ID12,1985-09-30,1986-06-30,452.0,528.28174
ID12,1985-09-30,1986-09-30,437.0,537.0853
ID12,1986-09-30,1986-12-31,421.0,425.8218
ID12,1986-09-30,1987-03-31,425.0,421.23096
ID12,1986-09-30,1987-06-30,477.0,417.3241
ID12,1986-09-30,1987-09-30,521.0,425.8304
ID12,1987-09-30,1987-12-31,464.0,534.27515
ID12,1987-09-30,1988-03-31,447.0,541.3163
ID12,1987-09-30,1988-06-30,465.0,551.9626
ID12,1987-09-30,1988-09-30,451.0,557.41345
ID12,1988-09-30,1988-12-31,428.0,444.5608
ID12,1988-09-30,1989-03-31,418.0,446.08707
ID12,1988-09-30,1989-06-30,407.0,457.4015
ID12,1988-09-30,1989-09-30,411.0,460.39246
ID12,1989-09-30,1989-12-31,419.0,409.59067
ID12,1989-09-30,1990-03-31,427.0,412.963
ID12,1989-09-30,1990-06-30,442.0,415.69498
ID12,1989-09-30,1990-09-30,434.0,415.97772
ID12,1990-09-30,1990-12-31,424.0,439.4748
ID12,1990-09-30,1991-03-31,413.0,444.4745
ID12,1990-09-30,1991-06-30,423.0,447.71124
ID12,1990-09-30,1991-09-30,427.0,449.37335
ID12,1991-09-30,1991-12-31,434.0,422.6691
ID12,1991-09-30,1992-03-31,429.0,427.13797
ID12,1991-09-30,1992-06-30,428.0,433.35513
ID12,1991-09-30,1992-09-30,436.0,430.24637
ID120,1984-09-30,1984-12-31,115.4,119.118324
ID120,1984-09-30,1985-03-31,112.1,121.598465
ID120,1984-09-30,1985-06-30,115.3,123.538445
ID120,1984-09-30,1985-09-30,117.0,124.3123
ID120,1985-09-30,1985-12-31,122.8,117.37199
ID120,1985-09-30,1986-03-31,124.4,118.42015
ID120,1985-09-30,1986-06-30,123.1,120.121605
ID120,1985-09-30,1986-09-30,127.1,120.35486
ID120,1986-09-30,1986-12-31,136.5,130.24321
ID120,1986-09-30,1987-03-31,141.3,132.44273
ID120,1986-09-30,1987-06-30,143.7,134.12244
ID120,1986-09-30,1987-09-30,145.9,135.82527
ID120,1987-09-30,1987-12-31,147.1,149.49625
ID120,1987-09-30,1988-03-31,147.6,153.05058
ID120,1987-09-30,1988-06-30,151.5,154.56804
ID120,1987-09-30,1988-09-30,155.8,155.94675
ID120,1988-09-30,1988-12-31,164.1,158.36028
ID120,1988-09-30,1989-03-31,169.1,161.03532
ID120,1988-09-30,1989-06-30,180.3,163.92804
ID120,1988-09-30,1989-09-30,185.4,165.7514
ID120,1989-09-30,1989-12-31,195.6,189.8356
ID120,1989-09-30,1990-03-31,199.2,193.39876
ID120,1989-09-30,1990-06-30,196.0,197.36313
ID120,1989-09-30,1990-09-30,197.1,199.82176
ID120,1990-09-30,1990-12-31,193.2,199.38693
ID120,1990-09-30,1991-03-31,194.7,201.49586
ID120,1990-09-30,1991-06-30,190.8,202.18283
ID120,1990-09-30,1991-09-30,189.5,203.10892
ID120,1991-09-30,1991-12-31,194.9,188.90831
ID120,1991-09-30,1992-03-31,197.1,190.6461
ID120,1991-09-30,1992-06-30,198.8,189.93596
ID120,1991-09-30,1992-09-30,203.8,190.23703
ID120,1992-09-30,1992-12-31,222.6,207.4874
ID120,1992-09-30,1993-03-31,224.3,210.5179
ID120,1992-09-30,1993-06-30,227.7,212.67616
ID120,1992-09-30,1993-09-30,235.3,215.06598
ID120,1993-09-30,1993-12-31,252.0,240.77312
ID120,1993-09-30,1994-03-31,255.7,244.79358
ID120,1993-09-30,1994-06-30,259.3,247.8504
ID120,1993-09-30,1994-09-30,266.2,251.15167
ID121,1974-09-30,1974-12-31,14.08,15.359898
ID121,1974-09-30,1975-03-31,14.31,16.424767
ID121,1974-09-30,1975-06-30,14.58,17.399834
ID121,1974-09-30,1975-09-30,14.92,16.103285
ID121,1975-09-30,1975-12-31,15.14,16.754131
ID121,1975-09-30,1976-03-31,15.5,17.809132
ID121,1975-09-30,1976-06-30,15.64,18.842419
ID121,1975-09-30,1976-09-30,16.03,17.519846
ID121,1976-09-30,1976-12-31,17.03,17.738949
ID121,1976-09-30,1977-03-31,17.1,18.892595
ID121,1976-09-30,1977-06-30,17.06,19.835688
ID121,1976-09-30,1977-09-30,16.91,18.689764
ID121,1977-09-30,1977-12-31,17.0,19.361504
ID121,1977-09-30,1978-03-31,16.95,20.360575
ID121,1977-09-30,1978-06-30,17.22,21.146128
ID121,1977-09-30,1978-09-30,17.42,19.536654
ID122,1974-09-30,1974-12-31,617.7,612.33734
ID122,1974-09-30,1975-03-31,628.0,620.56836
ID122,1974-09-30,1975-06-30,638.9,628.1178
ID122,1974-09-30,1975-09-30,645.1,634.32874
ID122,1975-09-30,1975-12-31,662.8,652.75757
ID122,1975-09-30,1976-03-31,675.7,662.28973
ID122,1975-09-30,1976-06-30,691.1,670.5639
ID122,1975-09-30,1976-09-30,710.0,676.60223
ID122,1976-09-30,1976-12-31,729.5,723.02936
ID122,1976-09-30,1977-03-31,743.3,735.4918
ID122,1976-09-30,1977-06-30,755.9,747.2317
ID122,1976-09-30,1977-09-30,770.7,756.6486
ID122,1977-09-30,1977-12-31,774.4,782.6722
ID122,1977-09-30,1978-03-31,784.5,795.4606
ID122,1977-09-30,1978-06-30,800.9,806.7064
ID122,1977-09-30,1978-09-30,815.9,816.6576
ID123,1974-09-30,1974-12-31,110.4,110.91576
ID123,1974-09-30,1975-03-31,112.6,112.1533
ID123,1974-09-30,1975-06-30,111.2,112.98338
ID123,1974-09-30,1975-09-30,110.5,112.483215
ID123,1975-09-30,1975-12-31,111.4,112.11718
ID123,1975-09-30,1976-03-31,113.1,114.02808
ID123,1975-09-30,1976-06-30,115.9,114.51936
ID123,1975-09-30,1976-09-30,118.4,113.5828
ID123,1976-09-30,1976-12-31,121.4,120.75241
ID123,1976-09-30,1977-03-31,124.3,122.81339
ID123,1976-09-30,1977-06-30,128.7,124.7659
ID123,1976-09-30,1977-09-30,131.6,125.95719
ID123,1977-09-30,1977-12-31,137.7,134.78542
ID123,1977-09-30,1978-03-31,140.2,137.57626
ID123,1977-09-30,1978-06-30,140.7,140.53783
ID123,1977-09-30,1978-09-30,142.2,142.18692
ID124,1974-09-30,1974-12-31,37.7,36.208923
ID124,1974-09-30,1975-03-31,38.2,37.503674
ID124,1974-09-30,1975-06-30,39.1,38.656773
ID124,1974-09-30,1975-09-30,38.8,38.904373
ID124,1975-09-30,1975-12-31,44.5,41.129044
ID124,1975-09-30,1976-03-31,45.7,42.20004
ID124,1975-09-30,1976-06-30,46.3,43.238483
ID124,1975-09-30,1976-09-30,49.3,42.339012
ID124,1976-09-30,1976-12-31,49.8,51.232544
ID124,1976-09-30,1977-03-31,50.0,52.349274
ID124,1976-09-30,1977-06-30,50.7,53.22915
ID124,1976-09-30,1977-09-30,49.3,53.629925
ID124,1977-09-30,1977-12-31,45.7,50.57628
ID124,1977-09-30,1978-03-31,45.9,51.371677
ID124,1977-09-30,1978-06-30,46.2,52.003773
ID124,1977-09-30,1978-09-30,48.9,51.513
ID125,1974-09-30,1974-12-31,10.0,11.707311
ID125,1974-09-30,1975-03-31,11.85,13.663057
ID125,1974-09-30,1975-06-30,11.7,14.505058
ID125,1974-09-30,1975-09-30,13.42,14.452478
ID125,1975-09-30,1975-12-31,11.2,13.287041
ID125,1975-09-30,1976-03-31,13.63,15.44017
ID125,1975-09-30,1976-06-30,13.65,16.138784
ID125,1975-09-30,1976-09-30,15.93,16.172895
ID125,1976-09-30,1976-12-31,13.33,15.655268
ID125,1976-09-30,1977-03-31,16.05,17.867357
ID125,1976-09-30,1977-06-30,15.92,18.467085
ID125,1976-09-30,1977-09-30,18.22,18.855587
ID125,1977-09-30,1977-12-31,14.46,17.35632
ID125,1977-09-30,1978-03-31,16.69,20.231733
ID125,1977-09-30,1978-06-30,16.2,20.812128
ID125,1977-09-30,1978-09-30,18.12,21.344065
ID126,1981-09-30,1981-12-31,89.0,91.86366
ID126,1981-09-30,1982-03-31,95.0,97.88307
ID126,1981-09-30,1982-06-30,99.0,100.90806
ID126,1981-09-30,1982-09-30,99.0,100.91094
ID126,1982-09-30,1982-12-31,94.0,96.155266
ID126,1982-09-30,1983-03-31,101.0,102.48217
ID126,1982-09-30,1983-06-30,101.0,106.223595
ID126,1982-09-30,1983-09-30,103.0,105.23529
ID126,1983-09-30,1983-12-31,97.0,100.21773
ID126,1983-09-30,1984-03-31,104.0,106.86677
ID126,1983-09-30,1984-06-30,107.0,108.90394
ID126,1983-09-30,1984-09-30,106.0,108.788795
ID126,1984-09-30,1984-12-31,94.0,102.76603
ID126,1984-09-30,1985-03-31,105.0,109.86503
ID126,1984-09-30,1985-06-30,109.0,112.16674
ID126,1984-09-30,1985-09-30,112.0,111.08954
ID126,1985-09-30,1985-12-31,106.0,104.211876
ID126,1985-09-30,1986-03-31,114.0,114.25593
ID126,1985-09-30,1986-06-30,125.0,117.68683
ID126,1985-09-30,1986-09-30,119.0,118.560326
ID127,1982-09-30,1982-12-31,812.0,806.73004
ID127,1982-09-30,1983-03-31,821.0,814.0863
ID127,1982-09-30,1983-06-30,829.0,819.2491
ID127,1982-09-30,1983-09-30,840.0,824.6531
ID127,1983-09-30,1983-12-31,850.0,847.5956
ID127,1983-09-30,1984-03-31,860.0,857.1882
ID127,1983-09-30,1984-06-30,874.0,864.4442
ID127,1983-09-30,1984-09-30,885.0,871.63525
ID127,1984-09-30,1984-12-31,898.0,893.47534
ID127,1984-09-30,1985-03-31,909.0,904.6067
ID127,1984-09-30,1985-06-30,917.0,913.9575
ID127,1984-09-30,1985-09-30,930.0,921.67303
ID127,1985-09-30,1985-12-31,944.0,938.8474
ID127,1985-09-30,1986-03-31,957.0,949.9617
ID127,1985-09-30,1986-06-30,965.0,958.7456
ID127,1985-09-30,1986-09-30,974.0,966.87317
ID127,1986-09-30,1986-12-31,988.0,982.65356
ID127,1986-09-30,1987-03-31,994.0,994.09
ID127,1986-09-30,1987-06-30,1003.0,1001.8928
ID127,1986-09-30,1987-09-30,1014.0,1009.44586
ID127,1987-09-30,1987-12-31,1029.0,1021.9979
ID127,1987-09-30,1988-03-31,1046.0,1032.2325
ID127,1987-09-30,1988-06-30,1066.0,1039.6705
ID127,1987-09-30,1988-09-30,1090.0,1046.9362
ID128,1982-09-30,1982-12-31,4187.0,4131.774
ID128,1982-09-30,1983-03-31,4299.0,4179.267
ID128,1982-09-30,1983-06-30,4378.0,4221.722
ID128,1982-09-30,1983-09-30,4439.0,4260.384
ID128,1983-09-30,1983-12-31,4521.0,4497.9385
ID128,1983-09-30,1984-03-31,4589.0,4571.875
ID128,1983-09-30,1984-06-30,4665.0,4635.127
ID128,1983-09-30,1984-09-30,4682.0,4685.504
ID128,1984-09-30,1984-12-31,4725.0,4723.915
ID128,1984-09-30,1985-03-31,4773.0,4782.143
ID128,1984-09-30,1985-06-30,4837.0,4829.0005
ID128,1984-09-30,1985-09-30,4841.0,4860.453
ID128,1985-09-30,1985-12-31,5012.0,4863.47
ID128,1985-09-30,1986-03-31,5107.0,4915.284
ID128,1985-09-30,1986-06-30,5172.0,4953.0386
ID128,1985-09-30,1986-09-30,5249.0,4967.0527
ID128,1986-09-30,1986-12-31,5412.0,5323.0693
ID128,1986-09-30,1987-03-31,5544.0,5405.5103
ID128,1986-09-30,1987-06-30,5651.0,5471.2783
ID128,1986-09-30,1987-09-30,5820.0,5524.688
ID128,1987-09-30,1987-12-31,6029.0,5925.7935
ID128,1987-09-30,1988-03-31,6129.0,6030.224
ID128,1987-09-30,1988-06-30,6255.0,6118.1445
ID128,1987-09-30,1988-09-30,6421.0,6201.966
ID129,1982-09-30,1982-12-31,124.8,128.05066
ID129,1982-09-30,1983-03-31,130.6,129.33241
ID129,1982-09-30,1983-06-30,132.0,131.57433
ID129,1982-09-30,1983-09-30,135.9,133.93234
ID129,1983-09-30,1983-12-31,143.3,138.18446
ID129,1983-09-30,1984-03-31,147.3,140.89485
ID129,1983-09-30,1984-06-30,152.4,143.17224
ID129,1983-09-30,1984-09-30,147.0,145.17726
ID129,1984-09-30,1984-12-31,143.3,151.13759
ID129,1984-09-30,1985-03-31,144.3,154.60709
ID129,1984-09-30,1985-06-30,146.0,156.80241
ID129,1984-09-30,1985-09-30,140.2,154.57977
ID129,1985-09-30,1985-12-31,151.7,138.83295
ID129,1985-09-30,1986-03-31,154.5,142.67262
ID129,1985-09-30,1986-06-30,154.9,145.39035
ID129,1985-09-30,1986-09-30,160.7,140.75851
ID129,1986-09-30,1986-12-31,168.9,165.12817
ID129,1986-09-30,1987-03-31,173.7,168.14119
ID129,1986-09-30,1987-06-30,178.3,170.05095
ID129,1986-09-30,1987-09-30,189.3,171.26483
ID129,1987-09-30,1987-12-31,203.2,194.23318
ID129,1987-09-30,1988-03-31,213.1,198.12372
ID129,1987-09-30,1988-06-30,219.1,201.22177
ID129,1987-09-30,1988-09-30,231.8,204.60432
ID13,1983-03-31,1983-06-30,24906.0,25107.668
ID13,1983-03-31,1983-09-30,26025.0,26611.486
ID13,1983-03-31,1983-12-31,27309.0,27299.363
ID13,1983-03-31,1984-03-31,26942.0,27647.754
ID13,1984-03-31,1984-06-30,25325.0,26143.812
ID13,1984-03-31,1984-09-30,25237.0,27121.82
ID13,1984-03-31,1984-12-31,24363.0,27852.104
ID13,1984-03-31,1985-03-31,23927.0,27680.715
ID13,1985-03-31,1985-06-30,23381.0,23583.584
ID13,1985-03-31,1985-09-30,24847.0,23962.71
ID13,1985-03-31,1985-12-31,26533.0,24199.162
ID13,1985-03-31,1986-03-31,27657.0,24152.957
ID130,1982-09-30,1982-12-31,70.8,71.68329
ID130,1982-09-30,1983-03-31,72.3,73.33672
ID130,1982-09-30,1983-06-30,74.7,75.08262
ID130,1982-09-30,1983-09-30,77.3,75.94402
ID130,1983-09-30,1983-12-31,79.0,79.55959
ID130,1983-09-30,1984-03-31,81.0,81.34618
ID130,1983-09-30,1984-06-30,83.7,83.278725
ID130,1983-09-30,1984-09-30,86.3,84.345436
ID130,1984-09-30,1984-12-31,87.7,88.724686
ID130,1984-09-30,1985-03-31,89.4,90.726074
ID130,1984-09-30,1985-06-30,91.8,92.8325
ID130,1984-09-30,1985-09-30,94.3,94.03989
ID130,1985-09-30,1985-12-31,96.1,96.701164
ID130,1985-09-30,1986-03-31,97.5,98.80022
ID130,1985-09-30,1986-06-30,99.6,100.97788
ID130,1985-09-30,1986-09-30,101.9,102.222084
ID130,1986-09-30,1986-12-31,101.1,104.25135
ID130,1986-09-30,1987-03-31,107.5,106.346054
ID130,1986-09-30,1987-06-30,104.8,108.49167
ID130,1986-09-30,1987-09-30,108.1,109.75524
ID130,1987-09-30,1987-12-31,111.7,109.19966
ID130,1987-09-30,1988-03-31,115.8,113.72184
ID130,1987-09-30,1988-06-30,118.8,114.36377
ID130,1987-09-30,1988-09-30,124.3,115.73284
ID131,1982-09-30,1982-12-31,10266.0,10234.27
ID131,1982-09-30,1983-03-31,10361.0,10332.673
ID131,1982-09-30,1983-06-30,10457.0,10400.638
ID131,1982-09-30,1983-09-30,10553.0,10467.985
ID131,1983-09-30,1983-12-31,10657.0,10617.428
ID131,1983-09-30,1984-03-31,10762.0,10719.477
ID131,1983-09-30,1984-06-30,10868.0,10789.735
ID131,1983-09-30,1984-09-30,10976.0,10859.508
ID131,1984-09-30,1984-12-31,11084.0,11048.346
ID131,1984-09-30,1985-03-31,11193.0,11158.144
ID131,1984-09-30,1985-06-30,11303.0,11235.869
ID131,1984-09-30,1985-09-30,11415.0,11312.631
ID131,1985-09-30,1985-12-31,11527.0,11490.238
ID131,1985-09-30,1986-03-31,11641.0,11604.307
ID131,1985-09-30,1986-06-30,11755.0,11685.572
ID131,1985-09-30,1986-09-30,11871.0,11766.003
ID131,1986-09-30,1986-12-31,11988.0,11949.062
ID131,1986-09-30,1987-03-31,12106.0,12067.723
ID131,1986-09-30,1987-06-30,12226.0,12152.068
ID131,1986-09-30,1987-09-30,12346.0,12235.51
ID131,1987-09-30,1987-12-31,12468.0,12427.205
ID131,1987-09-30,1988-03-31,12591.0,12550.735
ID131,1987-09-30,1988-06-30,12715.0,12638.709
ID131,1987-09-30,1988-09-30,12840.0,12725.332
ID132,1974-09-30,1974-12-31,28060.0,28196.31
ID132,1974-09-30,1975-03-31,28780.0,28801.877
ID132,1974-09-30,1975-06-30,29104.0,29114.77
ID132,1974-09-30,1975-09-30,29752.0,29590.184
ID132,1975-09-30,1975-12-31,31152.0,30058.422
ID132,1975-09-30,1976-03-31,30356.0,30540.572
ID132,1975-09-30,1976-06-30,31324.0,30849.646
ID132,1975-09-30,1976-09-30,31768.0,31248.068
ID132,1976-09-30,1976-12-31,32008.0,32183.451
ID132,1976-09-30,1977-03-31,32552.0,32491.678
ID132,1976-09-30,1977-06-30,32944.0,32837.098
ID132,1976-09-30,1977-09-30,32940.0,33169.74
ID132,1977-09-30,1977-12-31,34076.0,33133.98
ID132,1977-09-30,1978-03-31,34412.0,33459.906
ID132,1977-09-30,1978-06-30,34808.0,33732.73
ID132,1977-09-30,1978-09-30,34500.0,33901.312
ID133,1974-09-30,1974-12-31,20628.0,20473.27
ID133,1974-09-30,1975-03-31,20676.0,20804.115
ID133,1974-09-30,1975-06-30,20804.0,20965.508
ID133,1974-09-30,1975-09-30,21024.0,21049.926
ID133,1975-09-30,1975-12-31,21108.0,21131.504
ID133,1975-09-30,1976-03-31,20984.0,21298.863
ID133,1975-09-30,1976-06-30,21268.0,21422.617
ID133,1975-09-30,1976-09-30,21372.0,21526.725
ID133,1976-09-30,1976-12-31,21676.0,21399.135
ID133,1976-09-30,1977-03-31,21844.0,21527.229
ID133,1976-09-30,1977-06-30,21540.0,21622.46
ID133,1976-09-30,1977-09-30,21416.0,21719.695
ID133,1977-09-30,1977-12-31,21604.0,21448.715
ID133,1977-09-30,1978-03-31,21940.0,21532.996
ID133,1977-09-30,1978-06-30,22288.0,21484.629
ID133,1977-09-30,1978-09-30,22464.0,21522.213
ID134,1983-09-30,1983-12-31,477.0,459.22226
ID134,1983-09-30,1984-03-31,674.0,490.6042
ID134,1983-09-30,1984-06-30,753.0,521.20984
ID134,1983-09-30,1984-09-30,634.0,463.6141
ID134,1984-09-30,1984-12-31,317.0,611.4806
ID134,1984-09-30,1985-03-31,119.0,743.1374
ID134,1984-09-30,1985-06-30,89.0,811.24756
ID134,1984-09-30,1985-09-30,166.0,664.6488
ID134,1985-09-30,1985-12-31,423.0,137.51837
ID134,1985-09-30,1986-03-31,707.0,282.0275
ID134,1985-09-30,1986-06-30,535.0,313.46756
ID134,1985-09-30,1986-09-30,587.0,234.72543
ID134,1986-09-30,1986-12-31,813.0,664.8982
ID134,1986-09-30,1987-03-31,1268.0,670.9083
ID134,1986-09-30,1987-06-30,1169.0,658.8325
ID134,1986-09-30,1987-09-30,1154.0,654.7208
ID134,1987-09-30,1987-12-31,984.0,1186.1838
ID134,1987-09-30,1988-03-31,895.0,1335.5704
ID134,1987-09-30,1988-06-30,931.0,1213.5286
ID134,1987-09-30,1988-09-30,403.0,1204.5881
ID134,1988-09-30,1988-12-31,339.0,803.3831
ID134,1988-09-30,1989-03-31,310.0,987.5088
ID134,1988-09-30,1989-06-30,708.0,971.8308
ID134,1988-09-30,1989-09-30,291.0,977.4662
ID134,1989-09-30,1989-12-31,51.0,704.5083
ID134,1989-09-30,1990-03-31,107.0,871.9563
ID134,1989-09-30,1990-06-30,385.0,1030.4476
ID134,1989-09-30,1990-09-30,743.0,1042.5859
ID134,1990-09-30,1990-12-31,1538.0,356.22488
ID134,1990-09-30,1991-03-31,1765.0,346.366
ID134,1990-09-30,1991-06-30,2018.0,569.6953
ID134,1990-09-30,1991-09-30,1387.0,687.1607
ID135,1974-09-30,1974-12-31,270.0,226.66132
ID135,1974-09-30,1975-03-31,268.0,232.03694
ID135,1974-09-30,1975-06-30,260.0,217.8508
ID135,1974-09-30,1975-09-30,251.0,234.75476
ID135,1975-09-30,1975-12-31,285.0,264.34476
ID135,1975-09-30,1976-03-31,287.0,264.83438
ID135,1975-09-30,1976-06-30,302.0,255.45232
ID135,1975-09-30,1976-09-30,298.0,257.16437
ID135,1976-09-30,1976-12-31,315.0,307.98447
ID135,1976-09-30,1977-03-31,302.0,310.5094
ID135,1976-09-30,1977-06-30,307.0,315.36023
ID135,1976-09-30,1977-09-30,358.0,310.7281
ID135,1977-09-30,1977-12-31,363.0,362.03052
ID135,1977-09-30,1978-03-31,361.0,360.70844
ID135,1977-09-30,1978-06-30,337.0,364.5153
ID135,1977-09-30,1978-09-30,375.0,383.4511
ID136,1974-09-30,1974-12-31,104.0,103.97726
ID136,1974-09-30,1975-03-31,108.7,109.51596
ID136,1974-09-30,1975-06-30,106.0,107.70352
ID136,1974-09-30,1975-09-30,110.4,110.937195
ID136,1975-09-30,1975-12-31,115.5,111.7468
ID136,1975-09-30,1976-03-31,120.0,117.347855
ID136,1975-09-30,1976-06-30,116.9,116.204346
ID136,1975-09-30,1976-09-30,124.4,118.91831
ID136,1976-09-30,1976-12-31,128.8,127.307976
ID136,1976-09-30,1977-03-31,133.6,132.29683
ID136,1976-09-30,1977-06-30,130.4,131.56453
ID136,1976-09-30,1977-09-30,136.7,135.00517
ID136,1977-09-30,1977-12-31,131.8,139.65822
ID136,1977-09-30,1978-03-31,132.4,144.50708
ID136,1977-09-30,1978-06-30,127.6,144.00128
ID136,1977-09-30,1978-09-30,134.0,147.54784
ID137,1982-09-30,1982-12-31,85.51,84.36066
ID137,1982-09-30,1983-03-31,86.05,85.6195
ID137,1982-09-30,1983-06-30,85.42,86.80399
ID137,1982-09-30,1983-09-30,89.88,87.16581
ID137,1983-09-30,1983-12-31,90.02,92.18562
ID137,1983-09-30,1984-03-31,89.58,93.930984
ID137,1983-09-30,1984-06-30,90.57,95.56425
ID137,1983-09-30,1984-09-30,88.22,97.05306
ID137,1984-09-30,1984-12-31,83.13,88.94952
ID137,1984-09-30,1985-03-31,83.53,89.60343
ID137,1984-09-30,1985-06-30,81.83,89.84833
ID137,1984-09-30,1985-09-30,79.03,89.74128
ID137,1985-09-30,1985-12-31,86.66,78.38426
ID137,1985-09-30,1986-03-31,84.67,80.18124
ID137,1985-09-30,1986-06-30,85.12,81.1042
ID137,1985-09-30,1986-09-30,87.91,80.51541
ID137,1986-09-30,1986-12-31,92.49,91.615814
ID137,1986-09-30,1987-03-31,94.75,92.46583
ID137,1986-09-30,1987-06-30,97.82,93.30811
ID137,1986-09-30,1987-09-30,103.02,93.66077
ID137,1987-09-30,1987-12-31,110.16,106.077545
ID137,1987-09-30,1988-03-31,108.77,108.18444
ID137,1987-09-30,1988-06-30,106.77,110.04504
ID137,1987-09-30,1988-09-30,107.09,111.860504
ID138,1982-09-30,1982-12-31,24.39,21.909576
ID138,1982-09-30,1983-03-31,22.6,23.323427
ID138,1982-09-30,1983-06-30,23.51,24.443068
ID138,1982-09-30,1983-09-30,25.23,23.463602
ID138,1983-09-30,1983-12-31,25.61,27.609747
ID138,1983-09-30,1984-03-31,27.12,27.6175
ID138,1983-09-30,1984-06-30,26.31,28.886173
ID138,1983-09-30,1984-09-30,24.98,28.515114
ID138,1984-09-30,1984-12-31,23.94,27.347227
ID138,1984-09-30,1985-03-31,21.7,28.452257
ID138,1984-09-30,1985-06-30,21.61,28.820053
ID138,1984-09-30,1985-09-30,22.05,27.348228
ID138,1985-09-30,1985-12-31,22.37,22.542263
ID138,1985-09-30,1986-03-31,23.2,23.30998
ID138,1985-09-30,1986-06-30,22.63,23.861399
ID138,1985-09-30,1986-09-30,24.44,23.692667
ID138,1986-09-30,1986-12-31,25.12,25.709852
ID138,1986-09-30,1987-03-31,26.42,26.429058
ID138,1986-09-30,1987-06-30,27.21,26.98219
ID138,1986-09-30,1987-09-30,28.54,27.327066
ID138,1987-09-30,1987-12-31,30.0,30.004951
ID138,1987-09-30,1988-03-31,31.96,31.129936
ID138,1987-09-30,1988-06-30,32.24,31.93773
ID138,1987-09-30,1988-09-30,35.34,32.107273
ID139,1984-09-30,1984-12-31,43.4,42.142696
ID139,1984-09-30,1985-03-31,44.1,42.2018
ID139,1984-09-30,1985-06-30,43.0,42.388638
ID139,1984-09-30,1985-09-30,42.3,42.62379
ID139,1985-09-30,1985-12-31,42.7,44.479324
ID139,1985-09-30,1986-03-31,40.1,45.307755
ID139,1985-09-30,1986-06-30,38.0,45.067944
ID139,1985-09-30,1986-09-30,33.3,44.2048
ID139,1986-09-30,1986-12-31,32.7,34.487022
ID139,1986-09-30,1987-03-31,36.3,35.65532
ID139,1986-09-30,1987-06-30,38.4,35.251976
ID139,1986-09-30,1987-09-30,41.4,34.826145
ID139,1987-09-30,1987-12-31,41.9,43.10397
ID139,1987-09-30,1988-03-31,42.9,44.16322
ID139,1987-09-30,1988-06-30,42.8,45.03695
ID139,1987-09-30,1988-09-30,43.6,44.877243
ID139,1988-09-30,1988-12-31,45.2,44.73861
ID139,1988-09-30,1989-03-31,44.7,45.714718
ID139,1988-09-30,1989-06-30,42.9,46.479332
ID139,1988-09-30,1989-09-30,40.1,46.828163
ID139,1989-09-30,1989-12-31,40.2,42.211876
ID139,1989-09-30,1990-03-31,38.3,42.88213
ID139,1989-09-30,1990-06-30,39.6,42.604416
ID139,1989-09-30,1990-09-30,43.4,41.33176
ID139,1990-09-30,1990-12-31,46.4,45.34925
ID139,1990-09-30,1991-03-31,51.3,46.263275
ID139,1990-09-30,1991-06-30,54.6,47.34636
ID139,1990-09-30,1991-09-30,56.4,47.615395
ID139,1991-09-30,1991-12-31,60.9,58.251137
ID139,1991-09-30,1992-03-31,61.6,59.235825
ID139,1991-09-30,1992-06-30,61.7,60.61368
ID139,1991-09-30,1992-09-30,63.8,61.218292
ID139,1992-09-30,1992-12-31,64.4,65.49204
ID139,1992-09-30,1993-03-31,62.0,66.780365
ID139,1992-09-30,1993-06-30,58.3,67.77674
ID139,1992-09-30,1993-09-30,54.0,68.40619
ID14,1983-03-31,1983-06-30,128797.0,133955.03
ID14,1983-03-31,1983-09-30,122665.0,129406.89
ID14,1983-03-31,1983-12-31,133925.0,139138.5
ID14,1983-03-31,1984-03-31,130428.0,133702.22
ID14,1984-03-31,1984-06-30,129709.0,130841.086
ID14,1984-03-31,1984-09-30,125517.0,127513.06
ID14,1984-03-31,1984-12-31,134699.0,136878.33
ID14,1984-03-31,1985-03-31,131711.0,132719.53
ID14,1985-03-31,1985-06-30,127676.0,130613.81
ID14,1985-03-31,1985-09-30,120658.0,128432.79
ID14,1985-03-31,1985-12-31,121006.0,137015.03
ID14,1985-03-31,1986-03-31,116420.0,133101.88
ID140,1982-09-30,1982-12-31,103.0,112.20965
ID140,1982-09-30,1983-03-31,102.0,115.060715
ID140,1982-09-30,1983-06-30,73.0,86.50038
ID140,1982-09-30,1983-09-30,96.0,113.420586
ID140,1983-09-30,1983-12-31,100.0,96.77712
ID140,1983-09-30,1984-03-31,93.0,98.341385
ID140,1983-09-30,1984-06-30,76.0,82.11374
ID140,1983-09-30,1984-09-30,110.0,99.39307
ID140,1984-09-30,1984-12-31,112.0,112.15603
ID140,1984-09-30,1985-03-31,115.0,109.73043
ID140,1984-09-30,1985-06-30,80.0,91.380714
ID140,1984-09-30,1985-09-30,108.0,117.731575
ID140,1985-09-30,1985-12-31,110.0,111.56686
ID140,1985-09-30,1986-03-31,109.0,112.189415
ID140,1985-09-30,1986-06-30,75.0,83.623535
ID140,1985-09-30,1986-09-30,107.0,111.41457
ID140,1986-09-30,1986-12-31,111.0,109.79754
ID140,1986-09-30,1987-03-31,116.0,112.06271
ID140,1986-09-30,1987-06-30,83.0,85.99348
ID140,1986-09-30,1987-09-30,117.0,111.1526
ID140,1987-09-30,1987-12-31,121.0,121.52906
ID140,1987-09-30,1988-03-31,127.0,126.688156
ID140,1987-09-30,1988-06-30,87.0,93.836334
ID140,1987-09-30,1988-09-30,123.0,126.57298
ID140,1988-09-30,1988-12-31,122.0,128.79593
ID140,1988-09-30,1989-03-31,123.0,135.33995
ID140,1988-09-30,1989-06-30,86.0,97.61865
ID140,1988-09-30,1989-09-30,116.0,132.0895
ID141,1982-09-30,1982-12-31,85.0,85.39104
ID141,1982-09-30,1983-03-31,89.0,91.07147
ID141,1982-09-30,1983-06-30,73.0,77.06599
ID141,1982-09-30,1983-09-30,89.0,90.89616
ID141,1983-09-30,1983-12-31,90.0,89.04056
ID141,1983-09-30,1984-03-31,80.0,95.75065
ID141,1983-09-30,1984-06-30,78.0,80.19863
ID141,1983-09-30,1984-09-30,96.0,95.47165
ID141,1984-09-30,1984-12-31,96.0,95.767815
ID141,1984-09-30,1985-03-31,101.0,94.34216
ID141,1984-09-30,1985-06-30,83.0,87.607635
ID141,1984-09-30,1985-09-30,102.0,102.526855
ID141,1985-09-30,1985-12-31,101.0,102.974556
ID141,1985-09-30,1986-03-31,107.0,104.76165
ID141,1985-09-30,1986-06-30,89.0,94.17796
ID141,1985-09-30,1986-09-30,103.0,108.727844
ID141,1986-09-30,1986-12-31,104.0,103.150345
ID141,1986-09-30,1987-03-31,110.0,111.48339
ID141,1986-09-30,1987-06-30,91.0,93.315056
ID141,1986-09-30,1987-09-30,109.0,108.527565
ID141,1987-09-30,1987-12-31,111.0,109.210266
ID141,1987-09-30,1988-03-31,113.0,119.09454
ID141,1987-09-30,1988-06-30,97.0,99.41896
ID141,1987-09-30,1988-09-30,117.0,116.84603
ID141,1988-09-30,1988-12-31,121.0,117.13919
ID141,1988-09-30,1989-03-31,124.0,123.86825
ID141,1988-09-30,1989-06-30,104.0,106.45145
ID141,1988-09-30,1989-09-30,121.0,125.72881
ID142,1982-09-30,1982-12-31,87.0,89.849396
ID142,1982-09-30,1983-03-31,89.0,92.7122
ID142,1982-09-30,1983-06-30,91.0,93.765274
ID142,1982-09-30,1983-09-30,91.0,94.09163
ID142,1983-09-30,1983-12-31,90.0,91.362114
ID142,1983-09-30,1984-03-31,95.0,94.12312
ID142,1983-09-30,1984-06-30,95.0,95.8
ID142,1983-09-30,1984-09-30,94.0,95.28927
ID142,1984-09-30,1984-12-31,94.0,94.71652
ID142,1984-09-30,1985-03-31,97.0,99.16101
ID142,1984-09-30,1985-06-30,95.0,100.24754
ID142,1984-09-30,1985-09-30,99.0,98.90213
ID142,1985-09-30,1985-12-31,98.0,99.99244
ID142,1985-09-30,1986-03-31,100.0,103.87646
ID142,1985-09-30,1986-06-30,99.0,104.416595
ID142,1985-09-30,1986-09-30,103.0,105.30419
ID142,1986-09-30,1986-12-31,100.0,104.370575
ID142,1986-09-30,1987-03-31,101.0,106.70666
ID142,1986-09-30,1987-06-30,98.0,107.34527
ID142,1986-09-30,1987-09-30,96.0,109.095665
ID142,1987-09-30,1987-12-31,99.0,95.7688
ID142,1987-09-30,1988-03-31,102.0,96.69384
ID142,1987-09-30,1988-06-30,101.0,96.54818
ID142,1987-09-30,1988-09-30,104.0,96.97861
ID142,1988-09-30,1988-12-31,102.0,106.5899
ID142,1988-09-30,1989-03-31,104.0,109.283714
ID142,1988-09-30,1989-06-30,104.0,109.59947
ID142,1988-09-30,1989-09-30,106.0,110.72958
ID143,1982-09-30,1982-12-31,93.0,97.11926
ID143,1982-09-30,1983-03-31,95.0,100.34595
ID143,1982-09-30,1983-06-30,93.0,100.75881
ID143,1982-09-30,1983-09-30,97.0,102.14953
ID143,1983-09-30,1983-12-31,98.0,97.524895
ID143,1983-09-30,1984-03-31,101.0,100.19757
ID143,1983-09-30,1984-06-30,99.0,100.43231
ID143,1983-09-30,1984-09-30,102.0,101.73496
ID143,1984-09-30,1984-12-31,103.0,103.83679
ID143,1984-09-30,1985-03-31,106.0,106.617134
ID143,1984-09-30,1985-06-30,104.0,106.88545
ID143,1984-09-30,1985-09-30,105.0,108.42704
ID143,1985-09-30,1985-12-31,101.0,106.61045
ID143,1985-09-30,1986-03-31,103.0,109.29001
ID143,1985-09-30,1986-06-30,99.0,109.02732
ID143,1985-09-30,1986-09-30,97.0,109.75974
ID143,1986-09-30,1986-12-31,98.0,96.42207
ID143,1986-09-30,1987-03-31,102.0,98.45896
ID143,1986-09-30,1987-06-30,100.0,98.0231
ID143,1986-09-30,1987-09-30,102.0,98.079475
ID143,1987-09-30,1987-12-31,103.0,104.114456
ID143,1987-09-30,1988-03-31,109.0,107.36313
ID143,1987-09-30,1988-06-30,109.0,106.66002
ID143,1987-09-30,1988-09-30,114.0,107.38409
ID143,1988-09-30,1988-12-31,116.0,116.232925
ID143,1988-09-30,1989-03-31,121.0,120.25273
ID143,1988-09-30,1989-06-30,119.0,121.30074
ID143,1988-09-30,1989-09-30,121.0,123.4875
ID144,1982-09-30,1982-12-31,97.0,107.08927
ID144,1982-09-30,1983-03-31,95.0,114.066315
ID144,1982-09-30,1983-06-30,86.0,105.45203
ID144,1982-09-30,1983-09-30,93.0,103.410034
ID144,1983-09-30,1983-12-31,99.0,94.39282
ID144,1983-09-30,1984-03-31,104.0,95.99466
ID144,1983-09-30,1984-06-30,88.0,94.31103
ID144,1983-09-30,1984-09-30,94.0,95.8443
ID144,1984-09-30,1984-12-31,107.0,102.294975
ID144,1984-09-30,1985-03-31,110.0,107.48966
ID144,1984-09-30,1985-06-30,101.0,94.847015
ID144,1984-09-30,1985-09-30,106.0,99.37752
ID144,1985-09-30,1985-12-31,105.0,116.15114
ID144,1985-09-30,1986-03-31,107.0,122.86148
ID144,1985-09-30,1986-06-30,96.0,111.14374
ID144,1985-09-30,1986-09-30,93.0,114.19922
ID144,1986-09-30,1986-12-31,103.0,92.90644
ID144,1986-09-30,1987-03-31,108.0,95.32404
ID144,1986-09-30,1987-06-30,81.0,91.88058
ID144,1986-09-30,1987-09-30,87.0,93.48176
ID144,1987-09-30,1987-12-31,101.0,97.68911
ID144,1987-09-30,1988-03-31,110.0,103.72625
ID144,1987-09-30,1988-06-30,101.0,89.936646
ID144,1987-09-30,1988-09-30,111.0,91.4516
ID144,1988-09-30,1988-12-31,119.0,118.63704
ID144,1988-09-30,1989-03-31,122.0,126.89893
ID144,1988-09-30,1989-06-30,114.0,113.44751
ID144,1988-09-30,1989-09-30,118.0,118.83221
ID145,1982-09-30,1982-12-31,266.0,262.28995
ID145,1982-09-30,1983-03-31,268.4,265.06964
ID145,1982-09-30,1983-06-30,273.2,266.51227
ID145,1982-09-30,1983-09-30,273.2,266.81537
ID145,1983-09-30,1983-12-31,275.1,276.49588
ID145,1983-09-30,1984-03-31,275.8,280.22147
ID145,1983-09-30,1984-06-30,276.8,282.90903
ID145,1983-09-30,1984-09-30,277.9,283.95508
ID145,1984-09-30,1984-12-31,280.3,279.27893
ID145,1984-09-30,1985-03-31,281.2,281.92346
ID145,1984-09-30,1985-06-30,283.5,283.80777
ID145,1984-09-30,1985-09-30,285.8,284.17297
ID145,1985-09-30,1985-12-31,286.0,287.82028
ID145,1985-09-30,1986-03-31,287.5,290.77783
ID145,1985-09-30,1986-06-30,287.4,292.81665
ID145,1985-09-30,1986-09-30,289.0,294.12866
ID145,1986-09-30,1986-12-31,291.1,290.19815
ID145,1986-09-30,1987-03-31,298.5,292.7179
ID145,1986-09-30,1987-06-30,301.4,294.06296
ID145,1986-09-30,1987-09-30,306.4,294.87354
ID145,1987-09-30,1987-12-31,310.9,310.36093
ID145,1987-09-30,1988-03-31,307.8,315.0167
ID145,1987-09-30,1988-06-30,310.6,318.2909
ID145,1987-09-30,1988-09-30,308.0,321.36145
ID146,1974-09-30,1974-12-31,104.0,103.97726
ID146,1974-09-30,1975-03-31,108.7,109.51596
ID146,1974-09-30,1975-06-30,106.0,107.70352
ID146,1974-09-30,1975-09-30,110.4,110.937195
ID146,1975-09-30,1975-12-31,115.5,111.7468
ID146,1975-09-30,1976-03-31,120.0,117.347855
ID146,1975-09-30,1976-06-30,116.9,116.204346
ID146,1975-09-30,1976-09-30,124.4,118.91831
ID146,1976-09-30,1976-12-31,128.8,127.307976
ID146,1976-09-30,1977-03-31,133.8,132.29683
ID146,1976-09-30,1977-06-30,130.4,131.56453
ID146,1976-09-30,1977-09-30,136.7,135.00517
ID146,1977-09-30,1977-12-31,131.8,139.63963
ID146,1977-09-30,1978-03-31,132.4,144.64726
ID146,1977-09-30,1978-06-30,127.7,143.97244
ID146,1977-09-30,1978-09-30,134.0,147.56532
ID147,1974-09-30,1974-12-31,101.6,103.34076
ID147,1974-09-30,1975-03-31,106.0,107.14489
ID147,1974-09-30,1975-06-30,107.2,108.8868
ID147,1974-09-30,1975-09-30,108.6,108.721176
ID147,1975-09-30,1975-12-31,109.0,109.578186
ID147,1975-09-30,1976-03-31,111.4,113.61179
ID147,1975-09-30,1976-06-30,113.4,115.56552
ID147,1975-09-30,1976-09-30,115.6,115.89363
ID147,1976-09-30,1976-12-31,116.5,117.33268
ID147,1976-09-30,1977-03-31,120.6,120.23814
ID147,1976-09-30,1977-06-30,121.5,122.39299
ID147,1976-09-30,1977-09-30,122.8,123.28443
ID147,1977-09-30,1977-12-31,120.8,124.73961
ID147,1977-09-30,1978-03-31,122.5,127.75876
ID147,1977-09-30,1978-06-30,123.4,129.64465
ID147,1977-09-30,1978-09-30,127.0,130.55627
ID148,1974-09-30,1974-12-31,102.5,104.18641
ID148,1974-09-30,1975-03-31,105.6,106.40108
ID148,1974-09-30,1975-06-30,105.7,108.02475
ID148,1974-09-30,1975-09-30,108.3,108.841965
ID148,1975-09-30,1975-12-31,111.0,110.01552
ID148,1975-09-30,1976-03-31,112.5,112.49593
ID148,1975-09-30,1976-06-30,113.5,114.02416
ID148,1975-09-30,1976-09-30,119.3,115.20918
ID148,1976-09-30,1976-12-31,121.1,122.38878
ID148,1976-09-30,1977-03-31,123.7,124.798065
ID148,1976-09-30,1977-06-30,124.4,126.84966
ID148,1976-09-30,1977-09-30,128.7,128.96347
ID148,1977-09-30,1977-12-31,125.7,131.48817
ID148,1977-09-30,1978-03-31,126.2,133.99243
ID148,1977-09-30,1978-06-30,125.6,136.01746
ID148,1977-09-30,1978-09-30,129.3,138.15096
ID149,1974-09-30,1974-12-31,103.5,103.90306
ID149,1974-09-30,1975-03-31,106.4,105.58361
ID149,1974-09-30,1975-06-30,106.1,106.92571
ID149,1974-09-30,1975-09-30,109.3,107.85274
ID149,1975-09-30,1975-12-31,112.7,111.51764
ID149,1975-09-30,1976-03-31,116.2,113.78165
ID149,1975-09-30,1976-06-30,118.2,115.27919
ID149,1975-09-30,1976-09-30,126.3,116.86074
ID149,1976-09-30,1976-12-31,132.8,129.80647
ID149,1976-09-30,1977-03-31,137.6,132.59172
ID149,1976-09-30,1977-06-30,140.4,134.78342
ID149,1976-09-30,1977-09-30,145.1,137.15617
ID149,1977-09-30,1977-12-31,145.5,148.13737
ID149,1977-09-30,1978-03-31,144.7,151.11919
ID149,1977-09-30,1978-06-30,142.3,153.31804
ID149,1977-09-30,1978-09-30,145.4,155.69035
ID15,1983-03-31,1983-06-30,23124.0,21860.8
ID15,1983-03-31,1983-09-30,26375.0,21318.16
ID15,1983-03-31,1983-12-31,26513.0,19599.645
ID15,1983-03-31,1984-03-31,31874.0,22080.777
ID15,1984-03-31,1984-06-30,36355.0,33116.266
ID15,1984-03-31,1984-09-30,32115.0,32973.824
ID15,1984-03-31,1984-12-31,28230.0,32417.287
ID15,1984-03-31,1985-03-31,18889.0,34037.95
ID15,1985-03-31,1985-06-30,19612.0,20611.875
ID15,1985-03-31,1985-09-30,29231.0,20922.422
ID15,1985-03-31,1985-12-31,34971.0,20416.19
ID15,1985-03-31,1986-03-31,35974.0,20025.53
ID150,1974-09-30,1974-12-31,102.1,104.40642
ID150,1974-09-30,1975-03-31,105.1,106.84157
ID150,1974-09-30,1975-06-30,105.5,108.57017
ID150,1974-09-30,1975-09-30,107.9,109.39584
ID150,1975-09-30,1975-12-31,110.3,109.33413
ID150,1975-09-30,1976-03-31,110.8,111.93869
ID150,1975-09-30,1976-06-30,111.3,113.52792
ID150,1975-09-30,1976-09-30,116.0,114.51375
ID150,1976-09-30,1976-12-31,115.7,118.480965
ID150,1976-09-30,1977-03-31,117.3,120.58629
ID150,1976-09-30,1977-06-30,117.1,122.45233
ID150,1976-09-30,1977-09-30,121.0,124.281944
ID150,1977-09-30,1977-12-31,116.7,122.88547
ID150,1977-09-30,1978-03-31,117.7,124.73751
ID150,1977-09-30,1978-06-30,118.0,126.11471
ID150,1977-09-30,1978-09-30,122.0,127.82134
ID151,1974-09-30,1974-12-31,103.4,103.866135
ID151,1974-09-30,1975-03-31,108.3,109.128235
ID151,1974-09-30,1975-06-30,107.7,108.3129
ID151,1974-09-30,1975-09-30,110.0,109.488205
ID151,1975-09-30,1975-12-31,112.9,111.64647
ID151,1975-09-30,1976-03-31,117.5,116.979576
ID151,1975-09-30,1976-06-30,116.4,117.09112
ID151,1975-09-30,1976-09-30,119.4,118.11715
ID151,1976-09-30,1976-12-31,123.3,121.82136
ID151,1976-09-30,1977-03-31,128.2,125.969284
ID151,1976-09-30,1977-06-30,127.0,126.5543
ID151,1976-09-30,1977-09-30,129.2,128.12988
ID151,1977-09-30,1977-12-31,126.5,131.99107
ID151,1977-09-30,1978-03-31,127.5,136.14778
ID151,1977-09-30,1978-06-30,126.1,136.47704
ID151,1977-09-30,1978-09-30,130.2,137.88803
ID152,1974-09-30,1974-12-31,2.06,4.3729367
ID152,1974-09-30,1975-03-31,2.22,4.980001
ID152,1974-09-30,1975-06-30,2.16,5.065939
ID152,1974-09-30,1975-09-30,2.38,4.1327233
ID152,1975-09-30,1975-12-31,2.47,4.226928
ID152,1975-09-30,1976-03-31,2.48,5.203982
ID152,1975-09-30,1976-06-30,2.27,5.64417
ID152,1975-09-30,1976-09-30,1.92,4.407736
ID152,1976-09-30,1976-12-31,2.32,4.3809834
ID152,1976-09-30,1977-03-31,2.45,5.1341352
ID152,1976-09-30,1977-06-30,2.29,5.5804253
ID152,1976-09-30,1977-09-30,2.27,4.382334
ID152,1977-09-30,1977-12-31,2.23,4.532316
ID152,1977-09-30,1978-03-31,2.13,5.313115
ID152,1977-09-30,1978-06-30,2.1,5.7138696
ID152,1977-09-30,1978-09-30,2.38,4.3664675
ID153,1974-09-30,1974-12-31,3.59,5.6439004
ID153,1974-09-30,1975-03-31,4.5,7.556322
ID153,1974-09-30,1975-06-30,4.04,7.804084
ID153,1974-09-30,1975-09-30,3.8,5.905271
ID153,1975-09-30,1975-12-31,3.53,5.6391115
ID153,1975-09-30,1976-03-31,4.75,7.520814
ID153,1975-09-30,1976-06-30,4.4,7.8626385
ID153,1975-09-30,1976-09-30,3.93,5.8692613
ID153,1976-09-30,1976-12-31,3.93,5.826683
ID153,1976-09-30,1977-03-31,5.03,7.706731
ID153,1976-09-30,1977-06-30,4.41,8.002466
ID153,1976-09-30,1977-09-30,3.59,5.986597
ID153,1977-09-30,1977-12-31,3.52,6.002228
ID153,1977-09-30,1978-03-31,4.97,7.9498663
ID153,1977-09-30,1978-06-30,4.89,8.111334
ID153,1977-09-30,1978-09-30,4.44,5.6658335
ID154,1982-09-30,1982-12-31,83.0,83.78679
ID154,1982-09-30,1983-03-31,85.0,87.818306
ID154,1982-09-30,1983-06-30,78.0,81.598885
ID154,1982-09-30,1983-09-30,89.0,89.87318
ID154,1983-09-30,1983-12-31,86.0,86.688576
ID154,1983-09-30,1984-03-31,90.0,91.00214
ID154,1983-09-30,1984-06-30,83.0,84.77437
ID154,1983-09-30,1984-09-30,95.0,94.32407
ID154,1984-09-30,1984-12-31,94.0,92.70819
ID154,1984-09-30,1985-03-31,101.0,98.25284
ID154,1984-09-30,1985-06-30,91.0,92.14979
ID154,1984-09-30,1985-09-30,102.0,102.50063
ID154,1985-09-30,1985-12-31,99.0,101.393974
ID154,1985-09-30,1986-03-31,103.0,109.299644
ID154,1985-09-30,1986-06-30,94.0,101.1575
ID154,1985-09-30,1986-09-30,105.0,110.56937
ID154,1986-09-30,1986-12-31,103.0,102.10919
ID154,1986-09-30,1987-03-31,103.0,109.509575
ID154,1986-09-30,1987-06-30,94.0,100.46609
ID154,1986-09-30,1987-09-30,107.0,110.84187
ID154,1987-09-30,1987-12-31,107.0,105.04986
ID154,1987-09-30,1988-03-31,113.0,108.53897
ID154,1987-09-30,1988-06-30,100.0,100.758224
ID154,1987-09-30,1988-09-30,118.0,111.713135
ID154,1988-09-30,1988-12-31,116.0,117.35235
ID154,1988-09-30,1989-03-31,119.0,123.86115
ID154,1988-09-30,1989-06-30,107.0,112.65264
ID154,1988-09-30,1989-09-30,122.0,127.93292
ID155,1982-09-30,1982-12-31,72.9,77.686516
ID155,1982-09-30,1983-03-31,79.5,85.60542
ID155,1982-09-30,1983-06-30,72.6,81.20562
ID155,1982-09-30,1983-09-30,82.8,89.35071
ID155,1983-09-30,1983-12-31,76.0,74.52286
ID155,1983-09-30,1984-03-31,85.1,83.26243
ID155,1983-09-30,1984-06-30,80.5,77.04585
ID155,1983-09-30,1984-09-30,89.1,86.65369
ID155,1984-09-30,1984-12-31,84.8,83.79493
ID155,1984-09-30,1985-03-31,94.2,94.19033
ID155,1984-09-30,1985-06-30,89.5,89.35322
ID155,1984-09-30,1985-09-30,99.3,96.83556
ID155,1985-09-30,1985-12-31,93.1,94.89098
ID155,1985-09-30,1986-03-31,103.5,105.75477
ID155,1985-09-30,1986-06-30,96.4,101.51818
ID155,1985-09-30,1986-09-30,107.2,108.49686
ID155,1986-09-30,1986-12-31,101.7,101.26247
ID155,1986-09-30,1987-03-31,109.5,113.67755
ID155,1986-09-30,1987-06-30,101.3,107.65927
ID155,1986-09-30,1987-09-30,112.6,116.178085
ID155,1987-09-30,1987-12-31,105.5,107.19127
ID155,1987-09-30,1988-03-31,115.4,118.22568
ID155,1987-09-30,1988-06-30,108.0,110.64742
ID155,1987-09-30,1988-09-30,129.9,120.31296
ID155,1988-09-30,1988-12-31,112.4,120.951614
ID155,1988-09-30,1989-03-31,123.6,130.62117
ID155,1988-09-30,1989-06-30,114.9,123.36374
ID155,1988-09-30,1989-09-30,131.0,139.62878
ID156,1981-09-30,1981-12-31,89.0,91.86366
ID156,1981-09-30,1982-03-31,95.0,97.88307
ID156,1981-09-30,1982-06-30,99.0,100.90806
ID156,1981-09-30,1982-09-30,99.0,100.91094
ID156,1982-09-30,1982-12-31,94.0,96.155266
ID156,1982-09-30,1983-03-31,101.0,102.48217
ID156,1982-09-30,1983-06-30,101.0,106.223595
ID156,1982-09-30,1983-09-30,103.0,105.23529
ID156,1983-09-30,1983-12-31,97.0,100.21773
ID156,1983-09-30,1984-03-31,104.0,106.86677
ID156,1983-09-30,1984-06-30,107.0,108.90394
ID156,1983-09-30,1984-09-30,106.0,108.788795
ID156,1984-09-30,1984-12-31,94.0,102.76603
ID156,1984-09-30,1985-03-31,105.0,109.86503
ID156,1984-09-30,1985-06-30,109.0,112.16674
ID156,1984-09-30,1985-09-30,112.0,111.08954
ID156,1985-09-30,1985-12-31,106.0,104.211876
ID156,1985-09-30,1986-03-31,114.0,114.25593
ID156,1985-09-30,1986-06-30,125.0,117.68683
ID156,1985-09-30,1986-09-30,119.0,118.560326
ID157,1982-09-30,1982-12-31,453.0,477.89835
ID157,1982-09-30,1983-03-31,466.0,483.22116
ID157,1982-09-30,1983-06-30,461.0,488.795
ID157,1982-09-30,1983-09-30,466.0,491.32642
ID157,1983-09-30,1983-12-31,461.0,465.11923
ID157,1983-09-30,1984-03-31,449.0,469.37344
ID157,1983-09-30,1984-06-30,427.0,470.44107
ID157,1983-09-30,1984-09-30,414.0,474.20215
ID157,1984-09-30,1984-12-31,381.0,406.7154
ID157,1984-09-30,1985-03-31,371.0,406.14307
ID157,1984-09-30,1985-06-30,377.0,405.88254
ID157,1984-09-30,1985-09-30,351.0,410.04742
ID157,1985-09-30,1985-12-31,404.0,347.01447
ID157,1985-09-30,1986-03-31,431.0,350.06296
ID157,1985-09-30,1986-06-30,455.0,352.65765
ID157,1985-09-30,1986-09-30,481.0,353.012
ID157,1986-09-30,1986-12-31,507.0,492.90125
ID157,1986-09-30,1987-03-31,523.0,497.74084
ID157,1986-09-30,1987-06-30,550.0,503.24814
ID157,1986-09-30,1987-09-30,604.0,506.5027
ID157,1987-09-30,1987-12-31,665.0,617.6192
ID157,1987-09-30,1988-03-31,679.0,625.3966
ID157,1987-09-30,1988-06-30,654.0,635.2307
ID157,1987-09-30,1988-09-30,685.0,648.3226
ID158,1982-09-30,1982-12-31,86.4,91.40378
ID158,1982-09-30,1983-03-31,87.8,92.52009
ID158,1982-09-30,1983-06-30,86.3,93.999535
ID158,1982-09-30,1983-09-30,87.0,94.48079
ID158,1983-09-30,1983-12-31,87.6,87.4935
ID158,1983-09-30,1984-03-31,86.6,88.479
ID158,1983-09-30,1984-06-30,83.7,89.02373
ID158,1983-09-30,1984-09-30,81.7,89.45209
ID158,1984-09-30,1984-12-31,77.5,81.60775
ID158,1984-09-30,1985-03-31,76.7,82.12615
ID158,1984-09-30,1985-06-30,77.6,81.60934
ID158,1984-09-30,1985-09-30,74.8,81.73727
ID158,1985-09-30,1985-12-31,80.1,74.69429
ID158,1985-09-30,1986-03-31,83.6,75.758965
ID158,1985-09-30,1986-06-30,86.2,76.342384
ID158,1985-09-30,1986-09-30,89.3,76.085045
ID158,1986-09-30,1986-12-31,92.8,91.76331
ID158,1986-09-30,1987-03-31,97.1,93.54952
ID158,1986-09-30,1987-06-30,98.0,95.073166
ID158,1986-09-30,1987-09-30,103.6,95.87037
ID158,1987-09-30,1987-12-31,109.1,106.29143
ID158,1987-09-30,1988-03-31,110.3,108.78175
ID158,1987-09-30,1988-06-30,106.2,110.68371
ID158,1987-09-30,1988-09-30,108.6,112.533066
ID159,1982-09-30,1982-12-31,832.0,816.89246
ID159,1982-09-30,1983-03-31,851.4,829.3209
ID159,1982-09-30,1983-06-30,872.1,840.5693
ID159,1982-09-30,1983-09-30,887.6,849.1653
ID159,1983-09-30,1983-12-31,904.3,902.82916
ID159,1983-09-30,1984-03-31,918.3,918.9206
ID159,1983-09-30,1984-06-30,935.0,933.39825
ID159,1983-09-30,1984-09-30,947.1,944.5429
ID159,1984-09-30,1984-12-31,961.7,958.3058
ID159,1984-09-30,1985-03-31,972.3,972.13513
ID159,1984-09-30,1985-06-30,986.8,984.85254
ID159,1984-09-30,1985-09-30,993.7,994.1249
ID159,1985-09-30,1985-12-31,1026.5,1002.565
ID159,1985-09-30,1986-03-31,1046.5,1014.39575
ID159,1985-09-30,1986-06-30,1067.6,1024.335
ID159,1985-09-30,1986-09-30,1087.7,1031.3696
ID159,1986-09-30,1986-12-31,1122.3,1105.4636
ID159,1986-09-30,1987-03-31,1146.6,1123.9198
ID159,1986-09-30,1987-06-30,1169.3,1140.4703
ID159,1986-09-30,1987-09-30,1208.6,1153.3489
ID159,1987-09-30,1987-12-31,1253.5,1232.2557
ID159,1987-09-30,1988-03-31,1273.0,1254.1771
ID159,1987-09-30,1988-06-30,1302.1,1273.742
ID159,1987-09-30,1988-09-30,1326.1,1291.7668
ID16,1983-03-31,1983-06-30,550720.0,527563.0
ID16,1983-03-31,1983-09-30,515889.0,531461.25
ID16,1983-03-31,1983-12-31,565356.0,538628.2
ID16,1983-03-31,1984-03-31,568416.0,543047.0
ID16,1984-03-31,1984-06-30,591947.0,580795.1
ID16,1984-03-31,1984-09-30,571253.0,574987.9
ID16,1984-03-31,1984-12-31,625722.0,598454.06
ID16,1984-03-31,1985-03-31,559137.0,602914.7
ID16,1985-03-31,1985-06-30,447298.0,589646.75
ID16,1985-03-31,1985-09-30,400444.0,571481.1
ID16,1985-03-31,1985-12-31,429054.0,615246.44
ID16,1985-03-31,1986-03-31,464296.0,576970.8
ID160,1982-09-30,1982-12-31,85.2,81.32538
ID160,1982-09-30,1983-03-31,86.6,82.8392
ID160,1982-09-30,1983-06-30,90.5,83.767975
ID160,1982-09-30,1983-09-30,90.7,83.51551
ID160,1983-09-30,1983-12-31,92.2,93.979614
ID160,1983-09-30,1984-03-31,92.0,96.285965
ID160,1983-09-30,1984-06-30,91.6,98.30684
ID160,1983-09-30,1984-09-30,91.7,97.645645
ID160,1984-09-30,1984-12-31,89.7,93.11557
ID160,1984-09-30,1985-03-31,90.7,94.16936
ID160,1984-09-30,1985-06-30,90.7,95.11505
ID160,1984-09-30,1985-09-30,84.5,94.7419
ID160,1985-09-30,1985-12-31,93.6,84.68986
ID160,1985-09-30,1986-03-31,96.5,87.037025
ID160,1985-09-30,1986-06-30,98.7,87.47029
ID160,1985-09-30,1986-09-30,103.7,84.95642
ID160,1986-09-30,1986-12-31,106.4,106.38253
ID160,1986-09-30,1987-03-31,109.2,108.39624
ID160,1986-09-30,1987-06-30,111.8,109.66701
ID160,1986-09-30,1987-09-30,117.6,110.425354
ID160,1987-09-30,1987-12-31,124.9,120.84759
ID160,1987-09-30,1988-03-31,123.0,123.42327
ID160,1987-09-30,1988-06-30,121.2,125.78827
ID160,1987-09-30,1988-09-30,118.1,127.82762
ID161,1982-09-30,1982-12-31,119.8,118.18655
ID161,1982-09-30,1983-03-31,121.4,120.19561
ID161,1982-09-30,1983-06-30,124.3,121.996475
ID161,1982-09-30,1983-09-30,129.8,123.32336
ID161,1983-09-30,1983-12-31,135.3,133.24236
ID161,1983-09-30,1984-03-31,136.5,135.96948
ID161,1983-09-30,1984-06-30,138.6,138.53098
ID161,1983-09-30,1984-09-30,137.0,140.67517
ID161,1984-09-30,1984-12-31,136.0,139.41498
ID161,1984-09-30,1985-03-31,136.2,141.32288
ID161,1984-09-30,1985-06-30,137.5,142.70338
ID161,1984-09-30,1985-09-30,138.4,143.1512
ID161,1985-09-30,1985-12-31,145.2,138.98682
ID161,1985-09-30,1986-03-31,151.2,140.93802
ID161,1985-09-30,1986-06-30,156.2,142.48195
ID161,1985-09-30,1986-09-30,161.9,142.10016
ID161,1986-09-30,1986-12-31,171.9,165.89435
ID161,1986-09-30,1987-03-31,174.8,169.26503
ID161,1986-09-30,1987-06-30,178.8,172.15442
ID161,1986-09-30,1987-09-30,189.7,174.40219
ID161,1987-09-30,1987-12-31,198.8,194.43382
ID161,1987-09-30,1988-03-31,202.6,198.17744
ID161,1987-09-30,1988-06-30,204.6,201.4555
ID161,1987-09-30,1988-09-30,202.5,204.758
ID162,1974-09-30,1974-12-31,112.0,107.73044
ID162,1974-09-30,1975-03-31,115.0,114.15145
ID162,1974-09-30,1975-06-30,94.0,95.42763
ID162,1974-09-30,1975-09-30,122.0,118.94565
ID162,1975-09-30,1975-12-31,123.0,121.47589
ID162,1975-09-30,1976-03-31,125.0,127.2081
ID162,1975-09-30,1976-06-30,99.0,106.75607
ID162,1975-09-30,1976-09-30,129.0,132.23451
ID162,1976-09-30,1976-12-31,129.0,129.42123
ID162,1976-09-30,1977-03-31,130.0,133.79762
ID162,1976-09-30,1977-06-30,101.0,109.51635
ID162,1976-09-30,1977-09-30,134.0,137.8311
ID162,1977-09-30,1977-12-31,132.0,133.36371
ID162,1977-09-30,1978-03-31,136.0,137.80473
ID162,1977-09-30,1978-06-30,106.0,110.1881
ID162,1977-09-30,1978-09-30,139.0,141.58028
ID163,1974-09-30,1974-12-31,113.0,107.61556
ID163,1974-09-30,1975-03-31,116.0,109.41132
ID163,1974-09-30,1975-06-30,90.0,91.20588
ID163,1974-09-30,1975-09-30,122.0,117.27039
ID163,1975-09-30,1975-12-31,128.0,122.36163
ID163,1975-09-30,1976-03-31,126.0,126.37645
ID163,1975-09-30,1976-06-30,98.0,102.88013
ID163,1975-09-30,1976-09-30,135.0,131.97516
ID163,1976-09-30,1976-12-31,139.0,138.61948
ID163,1976-09-30,1977-03-31,138.0,140.12103
ID163,1976-09-30,1977-06-30,102.0,111.530075
ID163,1976-09-30,1977-09-30,142.0,145.97656
ID163,1977-09-30,1977-12-31,138.0,145.82037
ID163,1977-09-30,1978-03-31,141.0,146.71138
ID163,1977-09-30,1978-06-30,105.0,111.80698
ID163,1977-09-30,1978-09-30,145.0,150.63219
ID164,1981-09-30,1981-12-31,75.0,77.03
ID164,1981-09-30,1982-03-31,73.0,76.94956
ID164,1981-09-30,1982-06-30,75.0,81.93465
ID164,1981-09-30,1982-09-30,76.0,81.10415
ID164,1982-09-30,1982-12-31,86.0,76.96458
ID164,1982-09-30,1983-03-31,91.0,77.05964
ID164,1982-09-30,1983-06-30,95.0,78.29669
ID164,1982-09-30,1983-09-30,90.0,78.72729
ID164,1983-09-30,1983-12-31,90.0,95.203896
ID164,1983-09-30,1984-03-31,99.0,97.594246
ID164,1983-09-30,1984-06-30,115.0,99.72701
ID164,1983-09-30,1984-09-30,157.0,95.077156
ID164,1984-09-30,1984-12-31,175.0,156.13147
ID164,1984-09-30,1985-03-31,177.0,155.76704
ID164,1984-09-30,1985-06-30,177.0,158.28879
ID164,1984-09-30,1985-09-30,191.0,167.91156
ID164,1985-09-30,1985-12-31,164.0,194.94545
ID164,1985-09-30,1986-03-31,162.0,195.94049
ID164,1985-09-30,1986-06-30,142.0,197.9713
ID164,1985-09-30,1986-09-30,99.0,201.02312
ID165,1979-09-30,1979-12-31,108.0,97.635544
ID165,1979-09-30,1980-03-31,114.0,99.39233
ID165,1979-09-30,1980-06-30,127.0,101.671425
ID165,1979-09-30,1980-09-30,143.0,102.99189
ID165,1980-09-30,1980-12-31,143.0,147.62054
ID165,1980-09-30,1981-03-31,154.0,148.24422
ID165,1980-09-30,1981-06-30,143.0,151.58711
ID165,1980-09-30,1981-09-30,129.0,154.77213
ID165,1981-09-30,1981-12-31,119.0,126.635735
ID165,1981-09-30,1982-03-31,115.0,127.78671
ID165,1981-09-30,1982-06-30,110.0,125.98616
ID165,1981-09-30,1982-09-30,114.0,125.751175
ID165,1982-09-30,1982-12-31,127.0,116.22014
ID165,1982-09-30,1983-03-31,140.0,118.47268
ID165,1982-09-30,1983-06-30,153.0,118.50977
ID165,1982-09-30,1983-09-30,164.0,118.43001
ID165,1983-09-30,1983-12-31,164.0,170.21623
ID165,1983-09-30,1984-03-31,168.0,171.00873
ID165,1983-09-30,1984-06-30,183.0,173.82527
ID165,1983-09-30,1984-09-30,188.0,175.85342
ID166,1982-09-30,1982-12-31,15.0,15.203003
ID166,1982-09-30,1983-03-31,16.0,16.472849
ID166,1982-09-30,1983-06-30,18.0,18.130386
ID166,1982-09-30,1983-09-30,20.0,16.17874
ID166,1983-09-30,1983-12-31,28.0,21.362904
ID166,1983-09-30,1984-03-31,32.0,21.998968
ID166,1983-09-30,1984-06-30,35.0,23.348211
ID166,1983-09-30,1984-09-30,36.0,22.927502
ID166,1984-09-30,1984-12-31,36.0,37.11434
ID166,1984-09-30,1985-03-31,39.0,37.760197
ID166,1984-09-30,1985-06-30,45.0,40.365665
ID166,1984-09-30,1985-09-30,54.0,39.064617
ID166,1985-09-30,1985-12-31,60.0,55.41355
ID166,1985-09-30,1986-03-31,64.0,56.0664
ID166,1985-09-30,1986-06-30,69.0,57.91094
ID166,1985-09-30,1986-09-30,71.0,59.539604
ID166,1986-09-30,1986-12-31,64.0,71.66511
ID166,1986-09-30,1987-03-31,68.0,72.74327
ID166,1986-09-30,1987-06-30,60.0,74.32325
ID166,1986-09-30,1987-09-30,53.0,74.50412
ID167,1982-09-30,1982-12-31,104.0,96.48477
ID167,1982-09-30,1983-03-31,115.0,98.47459
ID167,1982-09-30,1983-06-30,122.0,99.95366
ID167,1982-09-30,1983-09-30,133.0,98.25521
ID167,1983-09-30,1983-12-31,145.0,138.22014
ID167,1983-09-30,1984-03-31,152.0,139.18642
ID167,1983-09-30,1984-06-30,161.0,141.26529
ID167,1983-09-30,1984-09-30,173.0,143.17216
ID167,1984-09-30,1984-12-31,180.0,176.72263
ID167,1984-09-30,1985-03-31,190.0,178.8653
ID167,1984-09-30,1985-06-30,200.0,181.66771
ID167,1984-09-30,1985-09-30,202.0,184.7475
ID167,1985-09-30,1985-12-31,200.0,204.895
ID167,1985-09-30,1986-03-31,208.0,208.47101
ID167,1985-09-30,1986-06-30,223.0,211.80556
ID167,1985-09-30,1986-09-30,231.0,214.16716
ID167,1986-09-30,1986-12-31,239.0,230.25526
ID167,1986-09-30,1987-03-31,248.0,237.87776
ID167,1986-09-30,1987-06-30,273.0,246.13571
ID167,1986-09-30,1987-09-30,323.0,248.30348
ID168,1983-09-30,1983-12-31,5.6,7.4675093
ID168,1983-09-30,1984-03-31,5.59,8.246284
ID168,1983-09-30,1984-06-30,5.57,9.054185
ID168,1983-09-30,1984-09-30,5.53,7.679482
ID168,1984-09-30,1984-12-31,5.5,7.459811
ID168,1984-09-30,1985-03-31,5.48,8.248932
ID168,1984-09-30,1985-06-30,5.44,9.045287
ID168,1984-09-30,1985-09-30,5.45,7.6287374
ID168,1985-09-30,1985-12-31,5.49,7.3157444
ID168,1985-09-30,1986-03-31,5.54,8.092313
ID168,1985-09-30,1986-06-30,5.58,8.843536
ID168,1985-09-30,1986-09-30,5.63,7.5218754
ID168,1986-09-30,1986-12-31,5.68,7.501572
ID168,1986-09-30,1987-03-31,5.69,8.2902775
ID168,1986-09-30,1987-06-30,5.71,9.088306
ID168,1986-09-30,1987-09-30,5.72,7.7094254
ID168,1987-09-30,1987-12-31,5.73,7.6514764
ID168,1987-09-30,1988-03-31,5.74,8.452951
ID168,1987-09-30,1988-06-30,5.77,9.27652
ID168,1987-09-30,1988-09-30,5.79,7.8437433
ID168,1988-09-30,1988-12-31,5.78,7.661659
ID168,1988-09-30,1989-03-31,5.78,8.449844
ID168,1988-09-30,1989-06-30,5.81,9.265198
ID168,1988-09-30,1989-09-30,5.83,7.882447
ID168,1989-09-30,1989-12-31,5.86,7.6841784
ID168,1989-09-30,1990-03-31,5.9,8.468906
ID168,1989-09-30,1990-06-30,5.91,9.288382
ID168,1989-09-30,1990-09-30,5.94,7.9205704
ID17,1983-03-31,1983-06-30,128768.0,149090.89
ID17,1983-03-31,1983-09-30,128042.0,149089.55
ID17,1983-03-31,1983-12-31,128009.0,144359.67
ID17,1983-03-31,1984-03-31,132537.0,155181.95
ID17,1984-03-31,1984-06-30,124437.0,127686.52
ID17,1984-03-31,1984-09-30,109391.0,129483.195
ID17,1984-03-31,1984-12-31,119149.0,128101.07
ID17,1984-03-31,1985-03-31,119151.0,136255.81
ID17,1985-03-31,1985-06-30,108886.0,117147.5
ID17,1985-03-31,1985-09-30,114693.0,117617.805
ID17,1985-03-31,1985-12-31,123091.0,120464.875
ID17,1985-03-31,1986-03-31,131362.0,120886.39
ID173,1981-06-30,1981-09-30,167.0,151.17839
ID173,1981-06-30,1981-12-31,185.0,155.63805
ID173,1981-06-30,1982-03-31,197.0,160.44858
ID173,1981-06-30,1982-06-30,223.0,162.91422
ID173,1982-06-30,1982-09-30,245.0,231.75735
ID173,1982-06-30,1982-12-31,256.0,232.52835
ID173,1982-06-30,1983-03-31,268.0,236.05475
ID173,1982-06-30,1983-06-30,249.0,241.08488
ID173,1983-06-30,1983-09-30,238.0,249.81786
ID173,1983-06-30,1983-12-31,227.0,251.99254
ID173,1983-06-30,1984-03-31,218.0,252.83484
ID173,1983-06-30,1984-06-30,211.0,250.89073
ID173,1984-06-30,1984-09-30,226.0,207.06169
ID173,1984-06-30,1984-12-31,250.0,211.07886
ID173,1984-06-30,1985-03-31,271.0,214.29561
ID173,1984-06-30,1985-06-30,289.0,213.22713
ID173,1985-06-30,1985-09-30,309.0,297.87772
ID173,1985-06-30,1985-12-31,324.0,300.45013
ID173,1985-06-30,1986-03-31,342.0,303.46112
ID173,1985-06-30,1986-06-30,358.0,306.0515
ID173,1986-06-30,1986-09-30,369.0,363.16818
ID173,1986-06-30,1986-12-31,383.0,368.06104
ID173,1986-06-30,1987-03-31,383.0,373.42014
ID173,1986-06-30,1987-06-30,382.0,378.55167
ID174,1982-06-30,1982-09-30,90.0,101.099945
ID174,1982-06-30,1982-12-31,85.0,105.632195
ID174,1982-06-30,1983-03-31,84.0,104.857765
ID174,1982-06-30,1983-06-30,86.0,98.79639
ID174,1983-06-30,1983-09-30,94.0,87.04731
ID174,1983-06-30,1983-12-31,102.0,89.91094
ID174,1983-06-30,1984-03-31,109.0,91.4173
ID174,1983-06-30,1984-06-30,117.0,89.439735
ID174,1984-06-30,1984-09-30,121.0,121.371086
ID174,1984-06-30,1984-12-31,125.0,122.2889
ID174,1984-06-30,1985-03-31,133.0,124.08005
ID174,1984-06-30,1985-06-30,140.0,125.59729
ID174,1985-06-30,1985-09-30,141.0,142.7545
ID174,1985-06-30,1985-12-31,131.0,145.48053
ID174,1985-06-30,1986-03-31,129.0,148.42264
ID174,1985-06-30,1986-06-30,127.0,150.8517
ID174,1986-06-30,1986-09-30,125.0,126.00948
ID174,1986-06-30,1986-12-31,129.0,125.2331
ID174,1986-06-30,1987-03-31,130.0,126.11996
ID174,1986-06-30,1987-06-30,138.0,127.4583
ID175,1967-09-30,1967-12-31,58.0,48.175076
ID175,1967-09-30,1968-03-31,64.0,49.262608
ID175,1967-09-30,1968-06-30,66.0,50.194565
ID175,1967-09-30,1968-09-30,62.0,50.118595
ID175,1968-09-30,1968-12-31,61.0,63.224403
ID175,1968-09-30,1969-03-31,66.0,65.44153
ID175,1968-09-30,1969-06-30,67.0,67.66998
ID175,1968-09-30,1969-09-30,58.0,63.326996
ID175,1969-09-30,1969-12-31,54.0,60.078495
ID175,1969-09-30,1970-03-31,55.0,67.39381
ID175,1969-09-30,1970-06-30,53.0,70.07147
ID175,1969-09-30,1970-09-30,47.0,61.698612
ID175,1970-09-30,1970-12-31,40.0,45.65621
ID175,1970-09-30,1971-03-31,34.0,50.70423
ID175,1970-09-30,1971-06-30,30.0,51.653072
ID175,1970-09-30,1971-09-30,24.0,48.046368
ID175,1971-09-30,1971-12-31,21.0,20.323885
ID175,1971-09-30,1972-03-31,18.0,24.561186
ID175,1971-09-30,1972-06-30,18.0,26.691212
ID175,1971-09-30,1972-09-30,17.0,27.824715
ID175,1972-09-30,1972-12-31,17.0,16.46984
ID175,1972-09-30,1973-03-31,18.0,17.704891
ID175,1972-09-30,1973-06-30,19.0,18.169737
ID175,1972-09-30,1973-09-30,23.0,18.427422
ID176,1982-09-30,1982-12-31,48.0,39.966377
ID176,1982-09-30,1983-03-31,62.0,39.704777
ID176,1982-09-30,1983-06-30,69.0,39.43602
ID176,1982-09-30,1983-09-30,76.0,42.3232
ID176,1983-09-30,1983-12-31,77.0,77.809425
ID176,1983-09-30,1984-03-31,72.0,77.99002
ID176,1983-09-30,1984-06-30,75.0,82.7467
ID176,1983-09-30,1984-09-30,77.0,82.20261
ID176,1984-09-30,1984-12-31,86.0,78.685616
ID176,1984-09-30,1985-03-31,91.0,77.64578
ID176,1984-09-30,1985-06-30,94.0,79.451164
ID176,1984-09-30,1985-09-30,92.0,80.08981
ID176,1985-09-30,1985-12-31,90.0,95.8857
ID176,1985-09-30,1986-03-31,98.0,97.614586
ID176,1985-09-30,1986-06-30,120.0,99.69633
ID176,1985-09-30,1986-09-30,160.0,97.53859
ID176,1986-09-30,1986-12-31,172.0,159.45018
ID176,1986-09-30,1987-03-31,175.0,159.02199
ID176,1986-09-30,1987-06-30,182.0,162.83194
ID176,1986-09-30,1987-09-30,193.0,171.82306
ID176,1987-09-30,1987-12-31,159.0,195.88962
ID176,1987-09-30,1988-03-31,160.0,197.29558
ID176,1987-09-30,1988-06-30,147.0,201.08385
ID176,1987-09-30,1988-09-30,100.0,203.4413
ID177,1982-06-30,1982-09-30,129.0,152.55956
ID177,1982-06-30,1982-12-31,119.0,139.09427
ID177,1982-06-30,1983-03-31,115.0,158.38834
ID177,1982-06-30,1983-06-30,110.0,151.7882
ID177,1983-06-30,1983-09-30,114.0,106.60429
ID177,1983-06-30,1983-12-31,127.0,107.4383
ID177,1983-06-30,1984-03-31,140.0,112.7751
ID177,1983-06-30,1984-06-30,153.0,113.79136
ID177,1984-06-30,1984-09-30,164.0,158.4602
ID177,1984-06-30,1984-12-31,164.0,159.81586
ID177,1984-06-30,1985-03-31,168.0,161.48598
ID177,1984-06-30,1985-06-30,183.0,162.9987
ID177,1985-06-30,1985-09-30,188.0,185.92238
ID177,1985-06-30,1985-12-31,183.0,188.23296
ID177,1985-06-30,1986-03-31,182.0,190.9514
ID177,1985-06-30,1986-06-30,179.0,195.03107
ID177,1986-06-30,1986-09-30,164.0,178.89783
ID177,1986-06-30,1986-12-31,160.0,178.724
ID177,1986-06-30,1987-03-31,171.0,178.06009
ID177,1986-06-30,1987-06-30,184.0,178.68427
ID178,1974-09-30,1974-12-31,16.91,18.647629
ID178,1974-09-30,1975-03-31,17.15,19.876429
ID178,1974-09-30,1975-06-30,17.5,20.898773
ID178,1974-09-30,1975-09-30,17.54,19.591068
ID178,1975-09-30,1975-12-31,17.52,19.03863
ID178,1975-09-30,1976-03-31,17.87,20.231256
ID178,1975-09-30,1976-06-30,18.31,21.287144
ID178,1975-09-30,1976-09-30,18.55,20.028843
ID178,1976-09-30,1976-12-31,18.6,20.145792
ID178,1976-09-30,1977-03-31,19.11,21.325827
ID178,1976-09-30,1977-06-30,19.49,22.445887
ID178,1976-09-30,1977-09-30,19.66,21.268717
ID178,1977-09-30,1977-12-31,19.36,21.305082
ID178,1977-09-30,1978-03-31,19.33,22.650465
ID178,1977-09-30,1978-06-30,19.46,23.772717
ID178,1977-09-30,1978-09-30,19.61,22.493305
ID179,1974-09-30,1974-12-31,4.4,6.787977
ID179,1974-09-30,1975-03-31,3.94,7.0701327
ID179,1974-09-30,1975-06-30,3.5,7.400672
ID179,1974-09-30,1975-09-30,3.31,6.0465436
ID179,1975-09-30,1975-12-31,3.94,6.304256
ID179,1975-09-30,1976-03-31,3.59,6.679647
ID179,1975-09-30,1976-06-30,3.15,6.8524127
ID179,1975-09-30,1976-09-30,2.79,5.899796
ID179,1976-09-30,1976-12-31,3.11,5.8189287
ID179,1976-09-30,1977-03-31,3.04,6.227198
ID179,1976-09-30,1977-06-30,2.79,6.3349614
ID179,1976-09-30,1977-09-30,2.57,5.5578756
ID179,1977-09-30,1977-12-31,3.1,5.0601583
ID179,1977-09-30,1978-03-31,2.92,5.6341496
ID179,1977-09-30,1978-06-30,3.03,5.8407183
ID179,1977-09-30,1978-09-30,2.86,4.9727087
ID18,1983-03-31,1983-06-30,29855.0,29626.576
ID18,1983-03-31,1983-09-30,31806.0,26509.316
ID18,1983-03-31,1983-12-31,32348.0,19335.977
ID18,1983-03-31,1984-03-31,36848.0,26460.748
ID18,1984-03-31,1984-06-30,38480.0,38920.664
ID18,1984-03-31,1984-09-30,36019.0,37937.84
ID18,1984-03-31,1984-12-31,19567.0,36841.69
ID18,1984-03-31,1985-03-31,16091.0,38772.098
ID18,1985-03-31,1985-06-30,23917.0,16188.4795
ID18,1985-03-31,1985-09-30,32648.0,17259.34
ID18,1985-03-31,1985-12-31,33882.0,15395.323
ID18,1985-03-31,1986-03-31,37526.0,18138.229
ID180,1974-09-30,1974-12-31,231.0,224.18068
ID180,1974-09-30,1975-03-31,237.0,226.68979
ID180,1974-09-30,1975-06-30,242.0,227.80275
ID180,1974-09-30,1975-09-30,255.0,227.62749
ID180,1975-09-30,1975-12-31,266.0,261.28928
ID180,1975-09-30,1976-03-31,283.0,266.13565
ID180,1975-09-30,1976-06-30,316.0,270.68118
ID180,1975-09-30,1976-09-30,357.0,274.68033
ID180,1976-09-30,1976-12-31,403.0,368.3242
ID180,1976-09-30,1977-03-31,428.0,369.97772
ID180,1976-09-30,1977-06-30,428.0,376.43893
ID180,1976-09-30,1977-09-30,415.0,384.90356
ID180,1977-09-30,1977-12-31,380.0,416.0224
ID180,1977-09-30,1978-03-31,352.0,421.66592
ID180,1977-09-30,1978-06-30,355.0,417.2722
ID180,1977-09-30,1978-09-30,353.0,415.90768
ID181,1974-09-30,1974-12-31,2.2,3.5991993
ID181,1974-09-30,1975-03-31,1.3,3.83952
ID181,1974-09-30,1975-06-30,1.1,4.432129
ID181,1974-09-30,1975-09-30,1.5,4.109407
ID181,1975-09-30,1975-12-31,1.8,4.0179796
ID181,1975-09-30,1976-03-31,1.8,4.111862
ID181,1975-09-30,1976-06-30,1.1,4.4243774
ID181,1975-09-30,1976-09-30,1.5,4.330366
ID181,1976-09-30,1976-12-31,2.3,4.26256
ID181,1976-09-30,1977-03-31,1.4,4.5303164
ID181,1976-09-30,1977-06-30,1.0,4.6183157
ID181,1976-09-30,1977-09-30,1.6,4.153281
ID181,1977-09-30,1977-12-31,2.9,4.259604
ID181,1977-09-30,1978-03-31,2.2,4.4324327
ID181,1977-09-30,1978-06-30,2.4,4.652272
ID181,1977-09-30,1978-09-30,3.9,4.160769
ID182,1974-09-30,1974-12-31,7695.0,7710.398
ID182,1974-09-30,1975-03-31,7791.0,7770.78
ID182,1974-09-30,1975-06-30,7841.0,7777.473
ID182,1974-09-30,1975-09-30,7890.0,7771.6606
ID182,1975-09-30,1975-12-31,7896.0,7899.955
ID182,1975-09-30,1976-03-31,8002.0,7973.5254
ID182,1975-09-30,1976-06-30,8024.0,8004.611
ID182,1975-09-30,1976-09-30,8023.0,8028.7607
ID182,1976-09-30,1976-12-31,7966.0,8037.472
ID182,1976-09-30,1977-03-31,8017.0,8110.381
ID182,1976-09-30,1977-06-30,7985.0,8138.771
ID182,1976-09-30,1977-09-30,7830.0,8151.5244
ID182,1977-09-30,1977-12-31,7573.0,7781.9956
ID182,1977-09-30,1978-03-31,7443.0,7833.7656
ID182,1977-09-30,1978-06-30,7429.0,7820.6914
ID182,1977-09-30,1978-09-30,7414.0,7793.1787
ID183,1974-09-30,1974-12-31,1.13,3.5297127
ID183,1974-09-30,1975-03-31,1.13,4.23648
ID183,1974-09-30,1975-06-30,1.15,4.6654882
ID183,1974-09-30,1975-09-30,1.15,3.6598856
ID183,1975-09-30,1975-12-31,1.14,3.533957
ID183,1975-09-30,1976-03-31,1.14,4.2428975
ID183,1975-09-30,1976-06-30,1.15,4.6708665
ID183,1975-09-30,1976-09-30,1.15,3.6676927
ID183,1976-09-30,1976-12-31,1.14,3.5349362
ID183,1976-09-30,1977-03-31,1.13,4.242613
ID183,1976-09-30,1977-06-30,1.14,4.661149
ID183,1976-09-30,1977-09-30,1.13,3.6557615
ID183,1977-09-30,1977-12-31,1.1,3.5544872
ID183,1977-09-30,1978-03-31,1.09,4.256734
ID183,1977-09-30,1978-06-30,1.09,4.664263
ID183,1977-09-30,1978-09-30,1.08,3.6667428
ID184,1974-09-30,1974-12-31,27.0,28.85972
ID184,1974-09-30,1975-03-31,13.0,18.334099
ID184,1974-09-30,1975-06-30,17.0,20.61671
ID184,1974-09-30,1975-09-30,26.0,25.765242
ID184,1975-09-30,1975-12-31,34.0,30.177937
ID184,1975-09-30,1976-03-31,17.0,16.294186
ID184,1975-09-30,1976-06-30,20.0,19.70708
ID184,1975-09-30,1976-09-30,30.0,28.374254
ID184,1976-09-30,1976-12-31,41.0,39.05772
ID184,1976-09-30,1977-03-31,20.0,21.72085
ID184,1976-09-30,1977-06-30,26.0,25.430222
ID184,1976-09-30,1977-09-30,55.0,34.319565
ID184,1977-09-30,1977-12-31,90.0,54.73102
ID184,1977-09-30,1978-03-31,62.0,36.036343
ID184,1977-09-30,1978-06-30,64.0,40.969776
ID184,1977-09-30,1978-09-30,84.0,56.57502
ID185,1974-09-30,1974-12-31,114.0,111.82041
ID185,1974-09-30,1975-03-31,137.0,136.58939
ID185,1974-09-30,1975-06-30,148.0,147.13145
ID185,1974-09-30,1975-09-30,125.0,124.80508
ID185,1975-09-30,1975-12-31,118.0,119.3467
ID185,1975-09-30,1976-03-31,135.0,147.25117
ID185,1975-09-30,1976-06-30,142.0,161.94345
ID185,1975-09-30,1976-09-30,122.0,133.8643
ID185,1976-09-30,1976-12-31,115.0,116.19536
ID185,1976-09-30,1977-03-31,131.0,140.22372
ID185,1976-09-30,1977-06-30,127.0,153.47687
ID185,1976-09-30,1977-09-30,87.0,129.15138
ID185,1977-09-30,1977-12-31,65.0,96.53617
ID185,1977-09-30,1978-03-31,75.0,117.23785
ID185,1977-09-30,1978-06-30,75.0,117.63479
ID185,1977-09-30,1978-09-30,59.0,94.126686
ID186,1974-09-30,1974-12-31,342.0,343.71793
ID186,1974-09-30,1975-03-31,349.0,348.83057
ID186,1974-09-30,1975-06-30,351.0,350.47043
ID186,1974-09-30,1975-09-30,349.0,349.08142
ID186,1975-09-30,1975-12-31,348.0,349.307
ID186,1975-09-30,1976-03-31,354.0,355.3429
ID186,1975-09-30,1976-06-30,357.0,357.46176
ID186,1975-09-30,1976-09-30,355.0,356.15164
ID186,1976-09-30,1976-12-31,355.0,355.59784
ID186,1976-09-30,1977-03-31,360.0,361.38724
ID186,1976-09-30,1977-06-30,363.0,363.88544
ID186,1976-09-30,1977-09-30,362.0,362.59158
ID186,1977-09-30,1977-12-31,360.0,363.038
ID186,1977-09-30,1978-03-31,364.0,368.2646
ID186,1977-09-30,1978-06-30,366.0,370.95392
ID186,1977-09-30,1978-09-30,363.0,370.11972
ID187,1974-09-30,1974-12-31,26.6,31.146976
ID187,1974-09-30,1975-03-31,10.1,14.446608
ID187,1974-09-30,1975-06-30,7.2,10.094475
ID187,1974-09-30,1975-09-30,18.2,22.820515
ID187,1975-09-30,1975-12-31,23.1,26.341927
ID187,1975-09-30,1976-03-31,8.7,11.643608
ID187,1975-09-30,1976-06-30,5.3,9.3390875
ID187,1975-09-30,1976-09-30,16.3,19.670218
ID187,1976-09-30,1976-12-31,24.3,23.546825
ID187,1976-09-30,1977-03-31,7.9,10.463196
ID187,1976-09-30,1977-06-30,4.0,8.291779
ID187,1976-09-30,1977-09-30,11.6,17.51684
ID187,1977-09-30,1977-12-31,17.6,17.537132
ID187,1977-09-30,1978-03-31,7.5,9.950049
ID187,1977-09-30,1978-06-30,5.4,7.601316
ID187,1977-09-30,1978-09-30,15.2,14.826171
ID188,1974-09-30,1974-12-31,3.5,5.421691
ID188,1974-09-30,1975-03-31,6.3,8.355502
ID188,1974-09-30,1975-06-30,4.8,7.1251636
ID188,1974-09-30,1975-09-30,3.8,4.3856993
ID188,1975-09-30,1975-12-31,4.6,6.591516
ID188,1975-09-30,1976-03-31,7.6,10.316093
ID188,1975-09-30,1976-06-30,5.9,9.05619
ID188,1975-09-30,1976-09-30,5.2,5.974418
ID188,1976-09-30,1976-12-31,6.0,7.7460394
ID188,1976-09-30,1977-03-31,10.1,11.934475
ID188,1976-09-30,1977-06-30,8.0,10.580549
ID188,1976-09-30,1977-09-30,6.2,7.5222225
ID188,1977-09-30,1977-12-31,6.1,9.288389
ID188,1977-09-30,1978-03-31,10.1,14.370047
ID188,1977-09-30,1978-06-30,7.6,12.68292
ID188,1977-09-30,1978-09-30,4.9,8.699791
ID189,1974-09-30,1974-12-31,48.0,48.058323
ID189,1974-09-30,1975-03-31,50.3,51.080753
ID189,1974-09-30,1975-06-30,50.6,52.18837
ID189,1974-09-30,1975-09-30,53.6,52.17805
ID189,1975-09-30,1975-12-31,53.6,54.99125
ID189,1975-09-30,1976-03-31,56.4,57.115387
ID189,1975-09-30,1976-06-30,57.0,58.265354
ID189,1975-09-30,1976-09-30,58.8,59.0763
ID189,1976-09-30,1976-12-31,58.4,60.237175
ID189,1976-09-30,1977-03-31,60.2,62.453526
ID189,1976-09-30,1977-06-30,60.8,63.68591
ID189,1976-09-30,1977-09-30,61.9,64.55159
ID189,1977-09-30,1977-12-31,60.6,63.04378
ID189,1977-09-30,1978-03-31,61.9,65.159
ID189,1977-09-30,1978-06-30,62.0,66.463394
ID189,1977-09-30,1978-09-30,63.8,66.8282
ID19,1983-03-31,1983-06-30,623090.0,643134.94
ID19,1983-03-31,1983-09-30,565099.0,635232.0
ID19,1983-03-31,1983-12-31,604281.0,622850.6
ID19,1983-03-31,1984-03-31,746148.0,659723.06
ID19,1984-03-31,1984-06-30,743764.0,710958.8
ID19,1984-03-31,1984-09-30,668457.0,685274.8
ID19,1984-03-31,1984-12-31,489723.0,696599.9
ID19,1984-03-31,1985-03-31,406548.0,792165.5
ID19,1985-03-31,1985-06-30,385888.0,386636.78
ID19,1985-03-31,1985-09-30,408257.0,374778.0
ID19,1985-03-31,1985-12-31,426349.0,379329.34
ID19,1985-03-31,1986-03-31,522348.0,421077.78
ID192,1982-09-30,1982-12-31,104.0,105.87047
ID192,1982-09-30,1983-03-31,101.0,107.94391
ID192,1982-09-30,1983-06-30,88.0,99.454895
ID192,1982-09-30,1983-09-30,102.0,110.25298
ID192,1983-09-30,1983-12-31,100.0,101.479095
ID192,1983-09-30,1984-03-31,98.0,102.15118
ID192,1983-09-30,1984-06-30,87.0,95.66799
ID192,1983-09-30,1984-09-30,103.0,104.99502
ID192,1984-09-30,1984-12-31,101.0,102.24369
ID192,1984-09-30,1985-03-31,102.0,102.98575
ID192,1984-09-30,1985-06-30,91.0,94.48318
ID192,1984-09-30,1985-09-30,106.0,107.04354
ID192,1985-09-30,1985-12-31,102.0,104.89774
ID192,1985-09-30,1986-03-31,103.0,107.536674
ID192,1985-09-30,1986-06-30,90.0,97.095245
ID192,1985-09-30,1986-09-30,104.0,111.270676
ID192,1986-09-30,1986-12-31,102.0,101.850044
ID192,1986-09-30,1987-03-31,100.0,105.01632
ID192,1986-09-30,1987-06-30,89.0,94.8118
ID192,1986-09-30,1987-09-30,99.0,107.459984
ID192,1987-09-30,1987-12-31,100.0,99.088005
ID192,1987-09-30,1988-03-31,96.0,100.05303
ID192,1987-09-30,1988-06-30,81.0,93.346664
ID192,1987-09-30,1988-09-30,98.0,101.45049
ID192,1988-09-30,1988-12-31,95.0,98.92093
ID192,1988-09-30,1989-03-31,92.0,98.738014
ID192,1988-09-30,1989-06-30,79.0,90.18732
ID192,1988-09-30,1989-09-30,94.0,101.26334
ID193,1981-09-30,1981-12-31,478.0,439.86746
ID193,1981-09-30,1982-03-31,399.0,364.41107
ID193,1981-09-30,1982-06-30,317.0,296.62875
ID193,1981-09-30,1982-09-30,333.0,335.67435
ID193,1982-09-30,1982-12-31,463.0,489.31567
ID193,1982-09-30,1983-03-31,400.0,422.26074
ID193,1982-09-30,1983-06-30,315.0,334.3499
ID193,1982-09-30,1983-09-30,350.0,372.97946
ID193,1983-09-30,1983-12-31,518.0,468.49124
ID193,1983-09-30,1984-03-31,529.0,421.5925
ID193,1983-09-30,1984-06-30,455.0,341.2661
ID193,1983-09-30,1984-09-30,478.0,372.5885
ID193,1984-09-30,1984-12-31,664.0,587.8435
ID193,1984-09-30,1985-03-31,584.0,577.687
ID193,1984-09-30,1985-06-30,468.0,491.36462
ID193,1984-09-30,1985-09-30,493.0,513.00476
ID193,1985-09-30,1985-12-31,645.0,621.8513
ID193,1985-09-30,1986-03-31,571.0,581.8144
ID193,1985-09-30,1986-06-30,502.0,487.65613
ID193,1985-09-30,1986-09-30,530.0,525.78015
ID193,1986-09-30,1986-12-31,650.0,657.12805
ID193,1986-09-30,1987-03-31,522.0,607.7906
ID193,1986-09-30,1987-06-30,438.0,528.97253
ID193,1986-09-30,1987-09-30,470.0,553.12695
ID194,1980-09-30,1980-12-31,99.8,100.732704
ID194,1980-09-30,1981-03-31,102.8,103.172066
ID194,1980-09-30,1981-06-30,103.2,105.143234
ID194,1980-09-30,1981-09-30,102.2,103.5686
ID194,1981-09-30,1981-12-31,99.8,103.19698
ID194,1981-09-30,1982-03-31,100.6,106.20349
ID194,1981-09-30,1982-06-30,101.0,107.6066
ID194,1981-09-30,1982-09-30,98.5,106.13893
ID194,1982-09-30,1982-12-31,96.8,98.20265
ID194,1982-09-30,1983-03-31,99.5,100.42493
ID194,1982-09-30,1983-06-30,100.7,101.194725
ID194,1982-09-30,1983-09-30,99.2,99.70935
ID194,1983-09-30,1983-12-31,97.9,99.87995
ID194,1983-09-30,1984-03-31,100.9,102.23656
ID194,1983-09-30,1984-06-30,102.5,103.491196
ID194,1983-09-30,1984-09-30,101.8,102.04974
ID194,1984-09-30,1984-12-31,101.7,102.44654
ID194,1984-09-30,1985-03-31,105.9,105.81208
ID194,1984-09-30,1985-06-30,107.8,107.69883
ID194,1984-09-30,1985-09-30,107.7,106.21254
ID195,1980-09-30,1980-12-31,40.4,41.413845
ID195,1980-09-30,1981-03-31,40.1,42.566963
ID195,1980-09-30,1981-06-30,40.1,43.249413
ID195,1980-09-30,1981-09-30,39.6,42.428967
ID195,1981-09-30,1981-12-31,39.8,40.977833
ID195,1981-09-30,1982-03-31,39.8,42.051243
ID195,1981-09-30,1982-06-30,39.6,42.725365
ID195,1981-09-30,1982-09-30,39.6,41.574265
ID195,1982-09-30,1982-12-31,39.3,40.91524
ID195,1982-09-30,1983-03-31,39.5,41.88682
ID195,1982-09-30,1983-06-30,39.7,42.49251
ID195,1982-09-30,1983-09-30,40.0,41.798004
ID195,1983-09-30,1983-12-31,39.8,41.19278
ID195,1983-09-30,1984-03-31,40.0,42.20185
ID195,1983-09-30,1984-06-30,40.0,42.945393
ID195,1983-09-30,1984-09-30,40.1,42.5624
ID195,1984-09-30,1984-12-31,40.1,41.406017
ID195,1984-09-30,1985-03-31,39.7,42.590374
ID195,1984-09-30,1985-06-30,39.3,43.38558
ID195,1984-09-30,1985-09-30,39.5,42.57508
ID196,1980-09-30,1980-12-31,407.0,1411.8372
ID196,1980-09-30,1981-03-31,2334.0,1489.5371
ID196,1980-09-30,1981-06-30,3426.0,1660.4019
ID196,1980-09-30,1981-09-30,1585.0,997.4763
ID196,1981-09-30,1981-12-31,388.0,1416.8793
ID196,1981-09-30,1982-03-31,2178.0,2210.9321
ID196,1981-09-30,1982-06-30,2083.0,2811.2754
ID196,1981-09-30,1982-09-30,1892.0,1930.1742
ID196,1982-09-30,1982-12-31,622.0,643.77747
ID196,1982-09-30,1983-03-31,675.0,1839.3617
ID196,1982-09-30,1983-06-30,1073.0,2091.9707
ID196,1982-09-30,1983-09-30,724.0,1472.6064
ID196,1983-09-30,1983-12-31,735.0,603.59644
ID196,1983-09-30,1984-03-31,4049.0,2000.9753
ID196,1983-09-30,1984-06-30,2277.0,2112.4045
ID196,1983-09-30,1984-09-30,943.0,942.0447
ID196,1984-09-30,1984-12-31,566.0,854.0066
ID196,1984-09-30,1985-03-31,1475.0,1705.0181
ID196,1984-09-30,1985-06-30,2571.0,2611.4639
ID196,1984-09-30,1985-09-30,1158.0,1260.9932
ID197,1981-09-30,1981-12-31,83.0,84.302605
ID197,1981-09-30,1982-03-31,85.0,86.134926
ID197,1981-09-30,1982-06-30,87.0,87.93445
ID197,1981-09-30,1982-09-30,88.0,88.315956
ID197,1982-09-30,1982-12-31,90.0,90.04357
ID197,1982-09-30,1983-03-31,92.0,92.25645
ID197,1982-09-30,1983-06-30,93.0,94.29893
ID197,1982-09-30,1983-09-30,95.0,94.59659
ID197,1983-09-30,1983-12-31,97.0,97.25836
ID197,1983-09-30,1984-03-31,99.0,99.41408
ID197,1983-09-30,1984-06-30,101.0,101.24752
ID197,1983-09-30,1984-09-30,103.0,102.15214
ID197,1984-09-30,1984-12-31,106.0,105.41443
ID197,1984-09-30,1985-03-31,108.0,107.651886
ID197,1984-09-30,1985-06-30,110.0,109.65548
ID197,1984-09-30,1985-09-30,112.0,110.83018
ID197,1985-09-30,1985-12-31,114.0,114.66775
ID197,1985-09-30,1986-03-31,116.0,117.00056
ID197,1985-09-30,1986-06-30,119.0,119.14609
ID197,1985-09-30,1986-09-30,121.0,120.40649
ID197,1986-09-30,1986-12-31,124.0,123.53524
ID197,1986-09-30,1987-03-31,127.0,126.05585
ID197,1986-09-30,1987-06-30,129.0,128.52089
ID197,1986-09-30,1987-09-30,133.0,129.7427
ID198,1980-09-30,1980-12-31,1334.0,1327.3513
ID198,1980-09-30,1981-03-31,1343.0,1336.6261
ID198,1980-09-30,1981-06-30,1351.0,1340.3997
ID198,1980-09-30,1981-09-30,1361.0,1346.9514
ID198,1981-09-30,1981-12-31,1375.0,1368.0247
ID198,1981-09-30,1982-03-31,1380.0,1379.8085
ID198,1981-09-30,1982-06-30,1374.0,1386.3774
ID198,1981-09-30,1982-09-30,1384.0,1393.7645
ID198,1982-09-30,1982-12-31,1394.0,1389.4459
ID198,1982-09-30,1983-03-31,1363.0,1397.727
ID198,1982-09-30,1983-06-30,1294.0,1399.8298
ID198,1982-09-30,1983-09-30,1297.0,1406.2694
ID198,1983-09-30,1983-12-31,1288.0,1283.2067
ID198,1983-09-30,1984-03-31,1278.0,1278.784
ID198,1983-09-30,1984-06-30,1269.0,1269.1
ID198,1983-09-30,1984-09-30,1281.0,1279.3691
ID198,1984-09-30,1984-12-31,1290.0,1282.476
ID198,1984-09-30,1985-03-31,1288.0,1283.2367
ID198,1984-09-30,1985-06-30,1304.0,1277.1866
ID198,1984-09-30,1985-09-30,1323.0,1285.7399
ID199,1980-09-30,1980-12-31,74.6,79.57832
ID199,1980-09-30,1981-03-31,56.7,69.2347
ID199,1980-09-30,1981-06-30,45.2,61.85089
ID199,1980-09-30,1981-09-30,58.0,68.561356
ID199,1981-09-30,1981-12-31,64.2,68.94119
ID199,1981-09-30,1982-03-31,49.9,58.532127
ID199,1981-09-30,1982-06-30,48.5,52.519398
ID199,1981-09-30,1982-09-30,62.8,61.06287
ID199,1982-09-30,1982-12-31,76.7,70.231
ID199,1982-09-30,1983-03-31,64.9,58.06821
ID199,1982-09-30,1983-06-30,63.3,54.748917
ID199,1982-09-30,1983-09-30,89.5,66.53149
ID199,1983-09-30,1983-12-31,114.4,101.31471
ID199,1983-09-30,1984-03-31,96.4,86.77491
ID199,1983-09-30,1984-06-30,95.0,84.66488
ID199,1983-09-30,1984-09-30,110.0,98.58177
ID199,1984-09-30,1984-12-31,108.0,126.16495
ID199,1984-09-30,1985-03-31,80.9,109.12251
ID199,1984-09-30,1985-06-30,68.9,107.31474
ID199,1984-09-30,1985-09-30,78.6,118.489426
ID2,1981-09-30,1981-12-31,136.0,175.23755
ID2,1981-09-30,1982-03-31,201.0,188.42822
ID2,1981-09-30,1982-06-30,214.0,188.04941
ID2,1981-09-30,1982-09-30,221.0,192.86307
ID2,1982-09-30,1982-12-31,153.0,163.55075
ID2,1982-09-30,1983-03-31,232.0,223.20543
ID2,1982-09-30,1983-06-30,240.0,230.46619
ID2,1982-09-30,1983-09-30,226.0,237.15468
ID2,1983-09-30,1983-12-31,176.0,167.15225
ID2,1983-09-30,1984-03-31,256.0,237.96072
ID2,1983-09-30,1984-06-30,271.0,245.31494
ID2,1983-09-30,1984-09-30,265.0,237.12926
ID2,1984-09-30,1984-12-31,180.0,208.337
ID2,1984-09-30,1985-03-31,282.0,277.86914
ID2,1984-09-30,1985-06-30,294.0,290.73492
ID2,1984-09-30,1985-09-30,268.0,278.03693
ID2,1985-09-30,1985-12-31,208.0,196.71219
ID2,1985-09-30,1986-03-31,297.0,290.66125
ID2,1985-09-30,1986-06-30,286.0,304.99777
ID2,1985-09-30,1986-09-30,275.0,284.08926
ID2,1986-09-30,1986-12-31,190.0,216.79138
ID2,1986-09-30,1987-03-31,264.0,307.73923
ID2,1986-09-30,1987-06-30,247.0,306.8244
ID2,1986-09-30,1987-09-30,258.0,283.7678
ID20,1977-09-30,1977-12-31,117781.0,121437.11
ID20,1977-09-30,1978-03-31,122794.0,121279.12
ID20,1977-09-30,1978-06-30,126610.0,123118.13
ID20,1977-09-30,1978-09-30,127598.0,123213.414
ID20,1978-09-30,1978-12-31,125112.0,127235.04
ID20,1978-09-30,1979-03-31,125328.0,129518.53
ID20,1978-09-30,1979-06-30,114609.0,131639.47
ID20,1978-09-30,1979-09-30,115452.0,131954.6
ID200,1980-09-30,1980-12-31,41.9,44.391514
ID200,1980-09-30,1981-03-31,35.3,36.232674
ID200,1980-09-30,1981-06-30,42.5,39.55956
ID200,1980-09-30,1981-09-30,57.3,47.53598
ID200,1981-09-30,1981-12-31,59.2,54.05294
ID200,1981-09-30,1982-03-31,44.6,47.384174
ID200,1981-09-30,1982-06-30,43.3,53.78267
ID200,1981-09-30,1982-09-30,56.6,62.397118
ID200,1982-09-30,1982-12-31,51.6,60.953728
ID200,1982-09-30,1983-03-31,34.2,48.384327
ID200,1982-09-30,1983-06-30,34.6,49.216244
ID200,1982-09-30,1983-09-30,43.0,59.478073
ID200,1983-09-30,1983-12-31,35.3,42.379707
ID200,1983-09-30,1984-03-31,26.1,37.326244
ID200,1983-09-30,1984-06-30,28.8,38.206173
ID200,1983-09-30,1984-09-30,39.6,45.177402
ID200,1984-09-30,1984-12-31,52.9,38.177555
ID200,1984-09-30,1985-03-31,52.1,33.785275
ID200,1984-09-30,1985-06-30,69.1,36.563652
ID200,1984-09-30,1985-09-30,81.9,42.24812
ID201,1980-09-30,1980-12-31,737.0,725.2502
ID201,1980-09-30,1981-03-31,736.0,728.26324
ID201,1980-09-30,1981-06-30,734.0,727.11536
ID201,1980-09-30,1981-09-30,747.0,731.7451
ID201,1981-09-30,1981-12-31,761.0,752.7228
ID201,1981-09-30,1982-03-31,764.0,758.40753
ID201,1981-09-30,1982-06-30,759.0,760.6902
ID201,1981-09-30,1982-09-30,773.0,767.4388
ID201,1982-09-30,1982-12-31,785.0,779.2254
ID201,1982-09-30,1983-03-31,780.0,785.74774
ID201,1982-09-30,1983-06-30,771.0,788.003
ID201,1982-09-30,1983-09-30,780.0,795.2541
ID201,1983-09-30,1983-12-31,790.0,783.199
ID201,1983-09-30,1984-03-31,787.0,786.3889
ID201,1983-09-30,1984-06-30,781.0,784.93994
ID201,1983-09-30,1984-09-30,794.0,789.7065
ID201,1984-09-30,1984-12-31,810.0,797.81195
ID201,1984-09-30,1985-03-31,814.0,802.107
ID201,1984-09-30,1985-06-30,808.0,802.1554
ID201,1984-09-30,1985-09-30,813.0,808.14795
ID202,1980-09-30,1980-12-31,3.58,5.4484377
ID202,1980-09-30,1981-03-31,3.61,6.5336375
ID202,1980-09-30,1981-06-30,3.73,7.4017973
ID202,1980-09-30,1981-09-30,5.74,8.089579
ID202,1981-09-30,1981-12-31,5.44,6.866149
ID202,1981-09-30,1982-03-31,5.03,7.1434574
ID202,1981-09-30,1982-06-30,4.87,7.9690785
ID202,1981-09-30,1982-09-30,5.65,7.9563828
ID202,1982-09-30,1982-12-31,4.7,7.024415
ID202,1982-09-30,1983-03-31,2.5,7.35887
ID202,1982-09-30,1983-06-30,2.25,8.218817
ID202,1982-09-30,1983-09-30,2.69,7.7087846
ID202,1983-09-30,1983-12-31,2.14,4.517951
ID202,1983-09-30,1984-03-31,2.42,5.267001
ID202,1983-09-30,1984-06-30,3.34,5.8701873
ID202,1983-09-30,1984-09-30,2.85,6.402891
ID202,1984-09-30,1984-12-31,3.18,4.9074554
ID202,1984-09-30,1985-03-31,3.88,5.602846
ID202,1984-09-30,1985-06-30,4.24,6.2360086
ID202,1984-09-30,1985-09-30,4.2,6.2215705
ID21,1983-03-31,1983-06-30,139013.0,141372.55
ID21,1983-03-31,1983-09-30,139253.0,143909.72
ID21,1983-03-31,1983-12-31,127343.0,146266.19
ID21,1983-03-31,1984-03-31,128280.0,146616.47
ID21,1984-03-31,1984-06-30,132334.0,126859.85
ID21,1984-03-31,1984-09-30,129097.0,126875.69
ID21,1984-03-31,1984-12-31,134017.0,126380.336
ID21,1984-03-31,1985-03-31,135847.0,127902.17
ID21,1985-03-31,1985-06-30,136255.0,137452.92
ID21,1985-03-31,1985-09-30,137240.0,138288.22
ID21,1985-03-31,1985-12-31,138232.0,138332.23
ID21,1985-03-31,1986-03-31,146270.0,139703.03
ID21,1986-03-31,1986-06-30,148904.0,147560.52
ID21,1986-03-31,1986-09-30,147056.0,149151.97
ID21,1986-03-31,1986-12-31,150830.0,151040.56
ID21,1986-03-31,1987-03-31,155579.0,154195.98
ID21,1987-03-31,1987-06-30,146115.0,157208.97
ID21,1987-03-31,1987-09-30,134412.0,158886.75
ID21,1987-03-31,1987-12-31,119038.0,160493.1
ID21,1987-03-31,1988-03-31,138651.0,163124.27
ID22,1989-06-30,1989-09-30,159.94,160.56339
ID22,1989-06-30,1989-12-31,159.94,162.22438
ID22,1989-06-30,1990-03-31,159.94,162.94899
ID22,1989-06-30,1990-06-30,159.54,162.81775
ID22,1990-06-30,1990-09-30,159.14,160.07767
ID22,1990-06-30,1990-12-31,159.14,161.74158
ID22,1990-06-30,1991-03-31,159.14,162.41817
ID22,1990-06-30,1991-06-30,159.14,162.1928
ID22,1991-06-30,1991-09-30,159.14,159.61777
ID22,1991-06-30,1991-12-31,159.14,161.28116
ID22,1991-06-30,1992-03-31,161.13,161.97166
ID22,1991-06-30,1992-06-30,161.13,161.81975
ID22,1992-06-30,1992-09-30,166.32,162.04022
ID22,1992-06-30,1992-12-31,166.32,163.88911
ID22,1992-06-30,1993-03-31,166.32,165.14906
ID22,1992-06-30,1993-06-30,166.32,165.09494
ID22,1993-06-30,1993-09-30,166.32,169.08945
ID22,1993-06-30,1993-12-31,171.1,170.9448
ID22,1993-06-30,1994-03-31,171.1,172.03073
ID22,1993-06-30,1994-06-30,171.1,171.95908
ID22,1994-06-30,1994-09-30,172.1,172.70888
ID22,1994-06-30,1994-12-31,174.3,175.67192
ID22,1994-06-30,1995-03-31,174.3,176.83945
ID22,1994-06-30,1995-06-30,174.3,177.06921
ID22,1995-06-30,1995-09-30,174.3,175.55656
ID22,1995-06-30,1995-12-31,174.3,178.2492
ID22,1995-06-30,1996-03-31,174.3,179.29411
ID22,1995-06-30,1996-06-30,174.3,179.04462
ID22,1996-06-30,1996-09-30,174.3,174.89218
ID22,1996-06-30,1996-12-31,174.3,176.76865
ID22,1996-06-30,1997-03-31,174.3,177.55846
ID22,1996-06-30,1997-06-30,174.89,177.29315
ID22,1997-06-30,1997-09-30,176.49,175.62212
ID22,1997-06-30,1997-12-31,176.49,177.36786
ID22,1997-06-30,1998-03-31,182.87,178.1603
ID22,1997-06-30,1998-06-30,182.87,178.2016
ID22,1998-06-30,1998-09-30,182.87,185.14534
ID22,1998-06-30,1998-12-31,182.87,187.48294
ID22,1998-06-30,1999-03-31,201.82,190.18521
ID22,1998-06-30,1999-06-30,201.82,190.79189
ID22,1999-06-30,1999-09-30,195.04,203.37177
ID22,1999-06-30,1999-12-31,198.63,206.57376
ID22,1999-06-30,2000-03-31,198.63,214.73784
ID22,1999-06-30,2000-06-30,198.63,215.44942
ID22,2000-06-30,2000-09-30,198.63,197.54967
ID22,2000-06-30,2000-12-31,198.63,200.08826
ID22,2000-06-30,2001-03-31,198.63,202.84563
ID22,2000-06-30,2001-06-30,202.21,202.07458
ID22,2001-06-30,2001-09-30,209.0,203.44429
ID22,2001-06-30,2001-12-31,215.98,205.50737
ID22,2001-06-30,2002-03-31,221.96,206.71587
ID22,2001-06-30,2002-06-30,228.74,207.63051
ID22,2002-06-30,2002-09-30,263.44,234.00952
ID22,2002-06-30,2002-12-31,308.51,238.5776
ID22,2002-06-30,2003-03-31,349.99,242.49591
ID22,2002-06-30,2003-06-30,371.13,245.8893
ID23,1982-09-30,1982-12-31,1717.0,1462.9607
ID23,1982-09-30,1983-03-31,1435.0,1452.423
ID23,1982-09-30,1983-06-30,1028.0,1254.1835
ID23,1982-09-30,1983-09-30,1114.0,1335.175
ID23,1983-09-30,1983-12-31,1202.0,1371.3691
ID23,1983-09-30,1984-03-31,1376.0,1289.9087
ID23,1983-09-30,1984-06-30,1121.0,1064.1842
ID23,1983-09-30,1984-09-30,1272.0,1157.0072
ID23,1984-09-30,1984-12-31,1388.0,1378.5347
ID23,1984-09-30,1985-03-31,1482.0,1396.9335
ID23,1984-09-30,1985-06-30,1154.0,1213.7816
ID23,1984-09-30,1985-09-30,1321.0,1299.7517
ID23,1985-09-30,1985-12-31,1736.0,1410.2268
ID23,1985-09-30,1986-03-31,1544.0,1542.872
ID23,1985-09-30,1986-06-30,1190.0,1219.9236
ID23,1985-09-30,1986-09-30,1540.0,1390.13
ID23,1986-09-30,1986-12-31,1657.0,1829.5906
ID23,1986-09-30,1987-03-31,1623.0,1747.4039
ID23,1986-09-30,1987-06-30,1316.0,1314.6818
ID23,1986-09-30,1987-09-30,978.0,1653.9513
ID24,1982-09-30,1982-12-31,1529.0,1200.7064
ID24,1982-09-30,1983-03-31,1328.0,1180.5509
ID24,1982-09-30,1983-06-30,934.0,1051.3368
ID24,1982-09-30,1983-09-30,1018.0,1134.3041
ID24,1983-09-30,1983-12-31,1305.0,1339.8918
ID24,1983-09-30,1984-03-31,1229.0,1290.2087
ID24,1983-09-30,1984-06-30,1073.0,982.0817
ID24,1983-09-30,1984-09-30,1262.0,1085.0431
ID24,1984-09-30,1984-12-31,1413.0,1446.1841
ID24,1984-09-30,1985-03-31,1346.0,1382.7103
ID24,1984-09-30,1985-06-30,1085.0,1190.4788
ID24,1984-09-30,1985-09-30,1488.0,1310.6528
ID24,1985-09-30,1985-12-31,1773.0,1562.2545
ID24,1985-09-30,1986-03-31,1392.0,1507.698
ID24,1985-09-30,1986-06-30,1150.0,1254.8799
ID24,1985-09-30,1986-09-30,1589.0,1577.5736
ID24,1986-09-30,1986-12-31,1784.0,1801.5251
ID24,1986-09-30,1987-03-31,1503.0,1485.646
ID24,1986-09-30,1987-06-30,1321.0,1154.9807
ID24,1986-09-30,1987-09-30,1181.0,1636.2799
ID25,1982-09-30,1982-12-31,1529.0,1127.2098
ID25,1982-09-30,1983-03-31,1328.0,1109.6764
ID25,1982-09-30,1983-06-30,934.0,1035.618
ID25,1982-09-30,1983-09-30,1018.0,1126.5066
ID25,1983-09-30,1983-12-31,1305.0,1339.8918
ID25,1983-09-30,1984-03-31,1229.0,1290.2087
ID25,1983-09-30,1984-06-30,1073.0,982.0817
ID25,1983-09-30,1984-09-30,1262.0,1085.0431
ID25,1984-09-30,1984-12-31,1413.0,1446.1841
ID25,1984-09-30,1985-03-31,1346.0,1382.7103
ID25,1984-09-30,1985-06-30,1085.0,1190.4788
ID25,1984-09-30,1985-09-30,1488.0,1310.6528
ID25,1985-09-30,1985-12-31,1773.0,1562.2545
ID25,1985-09-30,1986-03-31,1392.0,1507.698
ID25,1985-09-30,1986-06-30,1150.0,1254.8799
ID25,1985-09-30,1986-09-30,1589.0,1577.5736
ID25,1986-09-30,1986-12-31,1784.0,1801.5251
ID25,1986-09-30,1987-03-31,1503.0,1485.646
ID25,1986-09-30,1987-06-30,1321.0,1154.9807
ID25,1986-09-30,1987-09-30,1181.0,1636.2799
ID26,1981-09-30,1981-12-31,271.35,271.26773
ID26,1981-09-30,1982-03-31,275.9,280.1032
ID26,1981-09-30,1982-06-30,268.95,278.86893
ID26,1981-09-30,1982-09-30,277.5,294.95117
ID26,1982-09-30,1982-12-31,279.1,278.6797
ID26,1982-09-30,1983-03-31,295.3,281.01157
ID26,1982-09-30,1983-06-30,286.4,279.89236
ID26,1982-09-30,1983-09-30,218.2,284.53152
ID26,1983-09-30,1983-12-31,213.5,237.1688
ID26,1983-09-30,1984-03-31,227.95,252.182
ID26,1983-09-30,1984-06-30,205.95,242.98573
ID26,1983-09-30,1984-09-30,263.79,219.85146
ID28,1981-09-30,1981-12-31,57260.0,57924.406
ID28,1981-09-30,1982-03-31,59652.0,64625.934
ID28,1981-09-30,1982-06-30,98673.0,76706.64
ID28,1981-09-30,1982-09-30,52494.0,56232.76
ID28,1982-09-30,1982-12-31,64333.0,57841.258
ID28,1982-09-30,1983-03-31,66193.0,65018.75
ID28,1982-09-30,1983-06-30,85145.0,92988.266
ID28,1982-09-30,1983-09-30,74521.0,59355.44
ID28,1983-09-30,1983-12-31,119120.0,72018.164
ID28,1983-09-30,1984-03-31,62881.0,72291.77
ID28,1983-09-30,1984-06-30,84724.0,92898.57
ID28,1983-09-30,1984-09-30,89273.0,75930.086
ID29,1981-09-30,1981-12-31,1060.0,711.06616
ID29,1981-09-30,1982-03-31,768.0,1033.8137
ID29,1981-09-30,1982-06-30,601.0,1028.0958
ID29,1981-09-30,1982-09-30,591.0,469.03326
ID29,1982-09-30,1982-12-31,450.0,510.96213
ID29,1982-09-30,1983-03-31,1396.0,435.47388
ID29,1982-09-30,1983-06-30,1014.0,434.42676
ID29,1982-09-30,1983-09-30,933.0,428.82318
ID29,1983-09-30,1983-12-31,719.0,1117.2894
ID29,1983-09-30,1984-03-31,853.0,1251.1737
ID29,1983-09-30,1984-06-30,885.0,993.85925
ID29,1983-09-30,1984-09-30,1173.0,999.5292
ID3,1988-03-31,1988-06-30,20317.8,20001.623
ID3,1988-03-31,1988-09-30,19812.3,20611.957
ID3,1988-03-31,1988-12-31,16222.1,16392.451
ID3,1988-03-31,1989-03-31,19191.6,20697.72
ID3,1989-03-31,1989-06-30,20628.3,19621.95
ID3,1989-03-31,1989-09-30,20508.9,19777.463
ID3,1989-03-31,1989-12-31,16181.2,16072.192
ID3,1989-03-31,1990-03-31,20499.4,19452.652
ID3,1990-03-31,1990-06-30,21530.3,21345.646
ID3,1990-03-31,1990-09-30,22276.0,21549.941
ID3,1990-03-31,1990-12-31,17643.2,17238.426
ID3,1990-03-31,1991-03-31,22506.7,21463.766
ID3,1991-03-31,1991-06-30,22890.9,23037.277
ID3,1991-03-31,1991-09-30,24256.2,23859.457
ID3,1991-03-31,1991-12-31,18269.2,19073.82
ID3,1991-03-31,1992-03-31,22598.0,23965.633
ID3,1992-03-31,1992-06-30,23733.5,23000.56
ID3,1992-03-31,1992-09-30,24178.2,24352.332
ID3,1992-03-31,1992-12-31,19211.6,18725.96
ID3,1992-03-31,1993-03-31,25221.8,23358.94
ID3,1993-03-31,1993-06-30,27155.5,25204.77
ID3,1993-03-31,1993-09-30,26496.1,26525.705
ID3,1993-03-31,1993-12-31,20915.6,21047.527
ID3,1993-03-31,1994-03-31,27048.1,26801.012
ID3,1994-03-31,1994-06-30,27691.0,28149.047
ID3,1994-03-31,1994-09-30,27894.0,28121.008
ID3,1994-03-31,1994-12-31,21713.3,22157.121
ID3,1994-03-31,1995-03-31,27750.4,28432.412
ID3,1995-03-31,1995-06-30,29485.0,28087.115
ID3,1995-03-31,1995-09-30,28389.8,28437.564
ID3,1995-03-31,1995-12-31,23969.7,22218.121
ID3,1995-03-31,1996-03-31,32013.0,28602.703
ID3,1996-03-31,1996-06-30,35079.5,32384.682
ID3,1996-03-31,1996-09-30,34953.1,32125.01
ID3,1996-03-31,1996-12-31,26864.7,26897.926
ID3,1996-03-31,1997-03-31,36303.2,34033.72
ID3,1997-03-31,1997-06-30,36730.4,37840.383
ID3,1997-03-31,1997-09-30,38244.0,37451.438
ID3,1997-03-31,1997-12-31,28665.7,29743.977
ID3,1997-03-31,1998-03-31,35077.2,38502.742
ID3,1998-03-31,1998-06-30,37575.5,35729.12
ID3,1998-03-31,1998-09-30,37161.7,36990.645
ID3,1998-03-31,1998-12-31,29322.4,28187.664
ID3,1998-03-31,1999-03-31,38075.9,35726.168
ID3,1999-03-31,1999-06-30,41196.4,38984.496
ID3,1999-03-31,1999-09-30,40492.3,40111.59
ID3,1999-03-31,1999-12-31,32633.8,31387.766
ID3,1999-03-31,2000-03-31,42812.1,40044.22
ID3,2000-03-31,2000-06-30,44151.9,44343.4
ID3,2000-03-31,2000-09-30,44190.6,44331.086
ID3,2000-03-31,2000-12-31,33306.4,35745.54
ID3,2000-03-31,2001-03-31,45653.7,45649.758
ID3,2001-03-31,2001-06-30,48416.7,46088.293
ID3,2001-03-31,2001-09-30,48614.3,46414.6
ID3,2001-03-31,2001-12-31,39717.5,36057.96
ID3,2001-03-31,2002-03-31,45665.1,47943.035
ID30,1985-09-30,1985-12-31,120.0,156.74771
ID30,1985-09-30,1986-03-31,207.0,162.54236
ID30,1985-09-30,1986-06-30,188.0,150.53171
ID30,1985-09-30,1986-09-30,237.0,128.41405
ID30,1986-09-30,1986-12-31,162.0,237.79173
ID30,1986-09-30,1987-03-31,224.0,242.57948
ID30,1986-09-30,1987-06-30,176.0,233.0307
ID30,1986-09-30,1987-09-30,197.0,249.0105
ID30,1987-09-30,1987-12-31,180.0,171.11081
ID30,1987-09-30,1988-03-31,229.0,221.70514
ID30,1987-09-30,1988-06-30,208.0,190.31758
ID30,1987-09-30,1988-09-30,99.0,209.73166
ID30,1988-09-30,1988-12-31,196.0,163.32895
ID30,1988-09-30,1989-03-31,226.0,208.9064
ID30,1988-09-30,1989-06-30,155.0,174.99466
ID30,1988-09-30,1989-09-30,215.0,134.93126
ID30,1989-09-30,1989-12-31,185.0,195.78671
ID30,1989-09-30,1990-03-31,266.0,220.25288
ID30,1989-09-30,1990-06-30,311.0,170.87212
ID30,1989-09-30,1990-09-30,225.0,202.04547
ID30,1990-09-30,1990-12-31,278.0,225.01855
ID30,1990-09-30,1991-03-31,343.0,263.69275
ID30,1990-09-30,1991-06-30,269.0,275.81052
ID30,1990-09-30,1991-09-30,276.0,240.44803
ID30,1991-09-30,1991-12-31,198.0,286.42136
ID30,1991-09-30,1992-03-31,312.0,335.75378
ID30,1991-09-30,1992-06-30,278.0,297.27573
ID30,1991-09-30,1992-09-30,381.0,283.4365
ID30,1992-09-30,1992-12-31,367.0,313.61075
ID30,1992-09-30,1993-03-31,359.0,348.83704
ID30,1992-09-30,1993-06-30,393.0,318.5668
ID30,1992-09-30,1993-09-30,371.0,372.12247
ID31,1981-09-30,1981-12-31,496.92,438.4805
ID31,1981-09-30,1982-03-31,495.99,453.1132
ID31,1981-09-30,1982-06-30,456.85,406.83368
ID31,1981-09-30,1982-09-30,504.33,485.56653
ID31,1982-09-30,1982-12-31,492.02,520.8058
ID31,1982-09-30,1983-03-31,469.83,520.6956
ID31,1982-09-30,1983-06-30,328.54,485.3018
ID31,1982-09-30,1983-09-30,301.13,527.0395
ID31,1983-09-30,1983-12-31,351.11,291.06302
ID31,1983-09-30,1984-03-31,413.74,291.8674
ID31,1983-09-30,1984-06-30,351.89,282.00818
ID31,1983-09-30,1984-09-30,452.03,304.77975
ID32,1981-09-30,1981-12-31,132365.0,103809.0
ID32,1981-09-30,1982-03-31,155102.0,103255.39
ID32,1981-09-30,1982-06-30,62847.0,133233.84
ID32,1981-09-30,1982-09-30,112943.0,141226.25
ID32,1982-09-30,1982-12-31,57202.0,114113.61
ID32,1982-09-30,1983-03-31,156416.0,118217.086
ID32,1982-09-30,1983-06-30,94855.0,100956.336
ID32,1982-09-30,1983-09-30,133040.0,118344.05
ID32,1983-09-30,1983-12-31,101827.0,126741.11
ID32,1983-09-30,1984-03-31,108454.0,167523.4
ID32,1983-09-30,1984-06-30,95242.0,117851.76
ID32,1983-09-30,1984-09-30,85832.0,142291.83
ID33,1983-03-31,1983-06-30,882.0,886.1264
ID33,1983-03-31,1983-09-30,892.0,900.60284
ID33,1983-03-31,1983-12-31,881.0,903.1251
ID33,1983-03-31,1984-03-31,889.0,904.2294
ID33,1984-03-31,1984-06-30,867.0,889.9898
ID33,1984-03-31,1984-09-30,847.0,897.3735
ID33,1984-03-31,1984-12-31,890.0,896.5855
ID33,1984-03-31,1985-03-31,979.0,899.77563
ID33,1985-03-31,1985-06-30,934.0,969.1651
ID33,1985-03-31,1985-09-30,927.0,976.8619
ID33,1985-03-31,1985-12-31,918.0,993.73804
ID33,1985-03-31,1986-03-31,889.0,1036.4694
ID34,1983-03-31,1983-06-30,1234.0,1439.8612
ID34,1983-03-31,1983-09-30,1078.0,1330.6584
ID34,1983-03-31,1983-12-31,1128.0,1312.0406
ID34,1983-03-31,1984-03-31,1067.0,1274.1218
ID34,1984-03-31,1984-06-30,1424.0,1031.9551
ID34,1984-03-31,1984-09-30,2216.0,1031.4175
ID34,1984-03-31,1984-12-31,2217.0,1043.3446
ID34,1984-03-31,1985-03-31,1095.0,1047.1705
ID34,1985-03-31,1985-06-30,634.0,1692.2584
ID34,1985-03-31,1985-09-30,734.0,2150.5178
ID34,1985-03-31,1985-12-31,359.0,2182.0007
ID34,1985-03-31,1986-03-31,523.0,1253.7797
ID35,1910-12-31,1911-03-31,5388.0,5456.614
ID35,1910-12-31,1911-06-30,6130.0,5720.668
ID35,1910-12-31,1911-09-30,6365.0,5657.464
ID35,1910-12-31,1911-12-31,6527.0,5792.23
ID35,1911-12-31,1912-03-31,5757.0,6372.0166
ID35,1911-12-31,1912-06-30,7830.0,6760.192
ID35,1911-12-31,1912-09-30,7092.0,6813.927
ID35,1911-12-31,1912-12-31,7376.0,6941.165
ID35,1912-12-31,1913-03-31,6518.0,6600.1387
ID35,1912-12-31,1913-06-30,7113.0,8056.619
ID35,1912-12-31,1913-09-30,7265.0,7475.5347
ID35,1912-12-31,1913-12-31,7312.0,7715.2197
ID35,1913-12-31,1914-03-31,6669.0,6492.151
ID35,1913-12-31,1914-06-30,7350.0,7413.432
ID35,1913-12-31,1914-09-30,7730.0,7297.8335
ID35,1913-12-31,1914-12-31,8181.0,7338.607
ID35,1914-12-31,1915-03-31,7295.0,7543.416
ID35,1914-12-31,1915-06-30,8353.0,8180.6094
ID35,1914-12-31,1915-09-30,8532.0,8366.168
ID35,1914-12-31,1915-12-31,9124.0,8670.847
ID35,1915-12-31,1916-03-31,8438.0,8137.3384
ID35,1915-12-31,1916-06-30,9047.0,9086.564
ID35,1915-12-31,1916-09-30,9831.0,9250.524
ID35,1915-12-31,1916-12-31,10462.0,9702.422
ID35,1916-12-31,1917-03-31,9632.0,9561.19
ID35,1916-12-31,1917-06-30,10446.0,10305.738
ID35,1916-12-31,1917-09-30,10930.0,10682.026
ID35,1916-12-31,1917-12-31,11131.0,11156.908
ID35,1917-12-31,1918-03-31,10012.0,10435.447
ID35,1917-12-31,1918-06-30,11241.0,11052.703
ID35,1917-12-31,1918-09-30,11655.0,11403.524
ID35,1917-12-31,1918-12-31,11841.0,11615.668
ID35,1918-12-31,1919-03-31,11392.0,10741.275
ID35,1918-12-31,1919-06-30,13012.0,11890.733
ID35,1918-12-31,1919-09-30,13424.0,12225.326
ID35,1918-12-31,1919-12-31,14258.0,12387.037
ID35,1919-12-31,1920-03-31,13692.0,13706.207
ID35,1919-12-31,1920-06-30,18577.0,14660.679
ID35,1919-12-31,1920-09-30,18753.0,14757.96
ID35,1919-12-31,1920-12-31,18041.0,15109.978
ID35,1920-12-31,1921-03-31,17580.0,17246.424
ID35,1920-12-31,1921-06-30,19558.0,18829.496
ID35,1920-12-31,1921-09-30,19693.0,18499.703
ID35,1920-12-31,1921-12-31,19846.0,18344.033
ID35,1921-12-31,1922-03-31,18919.0,18681.654
ID35,1921-12-31,1922-06-30,20851.0,20810.508
ID35,1921-12-31,1922-09-30,21589.0,20952.578
ID35,1921-12-31,1922-12-31,21843.0,20701.697
ID36,1909-12-31,1910-03-31,187.0,181.26556
ID36,1909-12-31,1910-06-30,212.0,210.19449
ID36,1909-12-31,1910-09-30,175.0,186.10596
ID36,1909-12-31,1910-12-31,231.0,177.04384
ID36,1910-12-31,1911-03-31,219.0,231.17313
ID36,1910-12-31,1911-06-30,179.0,241.59729
ID36,1910-12-31,1911-09-30,159.0,221.70135
ID36,1910-12-31,1911-12-31,204.0,240.92314
ID36,1911-12-31,1912-03-31,160.0,198.77264
ID36,1911-12-31,1912-06-30,172.0,192.73293
ID36,1911-12-31,1912-09-30,220.0,177.90096
ID36,1911-12-31,1912-12-31,167.0,209.63907
ID36,1912-12-31,1913-03-31,160.0,162.18169
ID36,1912-12-31,1913-06-30,210.0,166.11902
ID36,1912-12-31,1913-09-30,161.0,172.00423
ID36,1912-12-31,1913-12-31,175.0,174.6156
ID36,1913-12-31,1914-03-31,214.0,166.85126
ID36,1913-12-31,1914-06-30,176.0,198.94214
ID36,1913-12-31,1914-09-30,196.0,185.82565
ID36,1913-12-31,1914-12-31,227.0,179.73517
ID36,1914-12-31,1915-03-31,147.0,237.53545
ID36,1914-12-31,1915-06-30,199.0,230.76416
ID36,1914-12-31,1915-09-30,267.0,224.80135
ID36,1914-12-31,1915-12-31,194.0,238.38812
ID36,1915-12-31,1916-03-31,200.0,172.55835
ID36,1915-12-31,1916-06-30,179.0,185.90298
ID36,1915-12-31,1916-09-30,170.0,214.11125
ID36,1915-12-31,1916-12-31,208.0,208.22754
ID36,1916-12-31,1917-03-31,183.0,199.85324
ID36,1916-12-31,1917-06-30,313.0,195.44136
ID36,1916-12-31,1917-09-30,246.0,207.8215
ID36,1916-12-31,1917-12-31,190.0,210.3581
ID36,1917-12-31,1918-03-31,300.0,188.5888
ID36,1917-12-31,1918-06-30,242.0,269.91318
ID36,1917-12-31,1918-09-30,268.0,224.69203
ID36,1917-12-31,1918-12-31,265.0,196.92009
ID36,1918-12-31,1919-03-31,242.0,286.35925
ID36,1918-12-31,1919-06-30,230.0,276.72058
ID36,1918-12-31,1919-09-30,206.0,270.27405
ID36,1918-12-31,1919-12-31,329.0,262.1057
ID36,1919-12-31,1920-03-31,160.0,303.59778
ID36,1919-12-31,1920-06-30,238.0,286.47748
ID36,1919-12-31,1920-09-30,243.0,285.35278
ID36,1919-12-31,1920-12-31,189.0,338.8827
ID36,1920-12-31,1921-03-31,235.0,173.13728
ID36,1920-12-31,1921-06-30,289.0,209.61824
ID36,1920-12-31,1921-09-30,246.0,206.2519
ID36,1920-12-31,1921-12-31,235.0,204.75389
ID37,1983-03-31,1983-06-30,14190.0,14615.8125
ID37,1983-03-31,1983-09-30,8213.0,16978.25
ID37,1983-03-31,1983-12-31,11881.0,20955.945
ID37,1983-03-31,1984-03-31,7550.0,19303.426
ID37,1984-03-31,1984-06-30,7821.0,11125.271
ID37,1984-03-31,1984-09-30,7000.0,11687.947
ID37,1984-03-31,1984-12-31,9408.0,12952.914
ID37,1984-03-31,1985-03-31,7629.0,13069.016
ID37,1985-03-31,1985-06-30,20670.0,7627.128
ID37,1985-03-31,1985-09-30,27839.0,7937.6694
ID37,1985-03-31,1985-12-31,29489.0,9231.231
ID37,1985-03-31,1986-03-31,12785.0,8531.56
ID38,1983-03-31,1983-06-30,12203.0,10654.506
ID38,1983-03-31,1983-09-30,10882.0,10661.199
ID38,1983-03-31,1983-12-31,11246.0,11671.497
ID38,1983-03-31,1984-03-31,9756.0,11314.666
ID38,1984-03-31,1984-06-30,9617.0,10448.819
ID38,1984-03-31,1984-09-30,7076.0,9721.24
ID38,1984-03-31,1984-12-31,12625.0,10361.726
ID38,1984-03-31,1985-03-31,14519.0,9713.878
ID38,1985-03-31,1985-06-30,7190.0,14127.392
ID38,1985-03-31,1985-09-30,7912.0,12813.592
ID38,1985-03-31,1985-12-31,9118.0,14540.553
ID38,1985-03-31,1986-03-31,7766.0,15213.481
ID39,1983-03-31,1983-06-30,110157.0,100547.484
ID39,1983-03-31,1983-09-30,108929.0,105190.63
ID39,1983-03-31,1983-12-31,127569.0,107420.734
ID39,1983-03-31,1984-03-31,85123.0,105880.28
ID39,1984-03-31,1984-06-30,79777.0,99092.64
ID39,1984-03-31,1984-09-30,73372.0,98298.59
ID39,1984-03-31,1984-12-31,84774.0,105489.24
ID39,1984-03-31,1985-03-31,123756.0,91534.05
ID39,1985-03-31,1985-06-30,193766.0,114085.805
ID39,1985-03-31,1985-09-30,208411.0,109599.5
ID39,1985-03-31,1985-12-31,196094.0,118303.58
ID39,1985-03-31,1986-03-31,169968.0,125616.11
ID4,1983-03-31,1983-06-30,652228.0,673195.2
ID4,1983-03-31,1983-09-30,664460.0,683825.06
ID4,1983-03-31,1983-12-31,716446.0,698150.1
ID4,1983-03-31,1984-03-31,692346.0,703942.5
ID4,1984-03-31,1984-06-30,690205.0,673869.5
ID4,1984-03-31,1984-09-30,727698.0,692043.0
ID4,1984-03-31,1984-12-31,624318.0,724741.3
ID4,1984-03-31,1985-03-31,499190.0,707018.75
ID4,1985-03-31,1985-06-30,538455.0,488572.47
ID4,1985-03-31,1985-09-30,582417.0,520509.0
ID4,1985-03-31,1985-12-31,634526.0,490141.72
ID4,1985-03-31,1986-03-31,711326.0,484733.22
ID40,1983-03-31,1983-06-30,23728.0,19166.791
ID40,1983-03-31,1983-09-30,25261.0,18479.338
ID40,1983-03-31,1983-12-31,19467.0,18828.012
ID40,1983-03-31,1984-03-31,17795.0,22302.98
ID40,1984-03-31,1984-06-30,15252.0,17792.684
ID40,1984-03-31,1984-09-30,14203.0,19742.012
ID40,1984-03-31,1984-12-31,14023.0,17568.258
ID40,1984-03-31,1985-03-31,16119.0,18000.299
ID40,1985-03-31,1985-06-30,10193.0,16949.016
ID40,1985-03-31,1985-09-30,11243.0,17026.574
ID40,1985-03-31,1985-12-31,7412.0,17168.613
ID40,1985-03-31,1986-03-31,14995.0,17087.758
ID41,1906-12-31,1907-03-31,11476.0,21007.895
ID41,1906-12-31,1907-06-30,8481.0,19195.557
ID41,1906-12-31,1907-09-30,11525.0,22036.098
ID41,1906-12-31,1907-12-31,6662.0,19152.11
ID41,1907-12-31,1908-03-31,10201.0,7370.834
ID41,1907-12-31,1908-06-30,14141.0,9723.116
ID41,1907-12-31,1908-09-30,9377.0,11837.654
ID41,1907-12-31,1908-12-31,6049.0,14933.59
ID41,1908-12-31,1909-03-31,38224.0,10013.535
ID41,1908-12-31,1909-06-30,53675.0,11960.334
ID41,1908-12-31,1909-09-30,16078.0,9256.627
ID41,1908-12-31,1909-12-31,10299.0,6286.359
ID41,1909-12-31,1910-03-31,11127.0,26496.854
ID41,1909-12-31,1910-06-30,9666.0,30802.32
ID41,1909-12-31,1910-09-30,9189.0,17353.047
ID41,1909-12-31,1910-12-31,17798.0,16315.148
ID41,1910-12-31,1911-03-31,8000.0,21057.482
ID41,1910-12-31,1911-06-30,2067.0,21661.303
ID41,1910-12-31,1911-09-30,30917.0,22073.67
ID41,1910-12-31,1911-12-31,27472.0,28430.705
ID41,1911-12-31,1912-03-31,17313.0,17507.777
ID41,1911-12-31,1912-06-30,14418.0,10889.683
ID41,1911-12-31,1912-09-30,13506.0,23313.074
ID41,1911-12-31,1912-12-31,10687.0,29622.158
ID42,1982-09-30,1982-12-31,1722.0,1686.8215
ID42,1982-09-30,1983-03-31,1583.0,1710.93
ID42,1982-09-30,1983-06-30,1467.0,1496.4656
ID42,1982-09-30,1983-09-30,1779.0,1737.8585
ID42,1983-09-30,1983-12-31,1857.0,1756.1877
ID42,1983-09-30,1984-03-31,1395.0,1720.1926
ID42,1983-09-30,1984-06-30,1577.0,1563.8488
ID42,1983-09-30,1984-09-30,1969.0,1832.8292
ID42,1984-09-30,1984-12-31,1943.0,1972.5688
ID42,1984-09-30,1985-03-31,1950.0,1641.515
ID42,1984-09-30,1985-06-30,1615.0,1731.8168
ID42,1984-09-30,1985-09-30,1996.0,2072.8845
ID42,1985-09-30,1985-12-31,2097.0,1985.913
ID42,1985-09-30,1986-03-31,2073.0,1893.459
ID42,1985-09-30,1986-06-30,1747.0,1734.2922
ID42,1985-09-30,1986-09-30,2003.0,2028.4105
ID42,1986-09-30,1986-12-31,2063.0,2066.2517
ID42,1986-09-30,1987-03-31,1855.0,2078.5999
ID42,1986-09-30,1987-06-30,1664.0,1754.029
ID42,1986-09-30,1987-09-30,2038.0,2044.4463
ID42,1987-09-30,1987-12-31,2066.0,2039.1056
ID42,1987-09-30,1988-03-31,2071.0,1984.8013
ID42,1987-09-30,1988-06-30,1763.0,1813.7943
ID42,1987-09-30,1988-09-30,2164.0,2073.5042
ID42,1988-09-30,1988-12-31,2219.0,2171.6086
ID42,1988-09-30,1989-03-31,2154.0,2147.349
ID42,1988-09-30,1989-06-30,1787.0,1874.5863
ID42,1988-09-30,1989-09-30,2259.0,2249.2634
ID43,1982-09-30,1982-12-31,77.0,75.87466
ID43,1982-09-30,1983-03-31,78.0,79.62147
ID43,1982-09-30,1983-06-30,69.0,70.248436
ID43,1982-09-30,1983-09-30,81.0,81.52425
ID43,1983-09-30,1983-12-31,86.0,82.0731
ID43,1983-09-30,1984-03-31,73.0,85.60057
ID43,1983-09-30,1984-06-30,76.0,76.57242
ID43,1983-09-30,1984-09-30,92.0,87.50747
ID43,1984-09-30,1984-12-31,94.0,94.86976
ID43,1984-09-30,1985-03-31,95.0,88.99418
ID43,1984-09-30,1985-06-30,83.0,87.776855
ID43,1984-09-30,1985-09-30,98.0,99.34587
ID43,1985-09-30,1985-12-31,103.0,100.68471
ID43,1985-09-30,1986-03-31,98.0,99.74361
ID43,1985-09-30,1986-06-30,90.0,94.71536
ID43,1985-09-30,1986-09-30,109.0,104.27809
ID43,1986-09-30,1986-12-31,110.0,111.79762
ID43,1986-09-30,1987-03-31,107.0,111.54892
ID43,1986-09-30,1987-06-30,96.0,102.59049
ID43,1986-09-30,1987-09-30,116.0,117.54766
ID43,1987-09-30,1987-12-31,119.0,117.00423
ID43,1987-09-30,1988-03-31,114.0,116.3021
ID43,1987-09-30,1988-06-30,106.0,106.581856
ID43,1987-09-30,1988-09-30,128.0,123.48317
ID43,1988-09-30,1988-12-31,132.0,129.75949
ID43,1988-09-30,1989-03-31,131.0,128.8084
ID43,1988-09-30,1989-06-30,120.0,119.84648
ID43,1988-09-30,1989-09-30,137.0,137.44815
ID44,1975-09-30,1975-12-31,57.0,58.775208
ID44,1975-09-30,1976-03-31,68.0,64.204124
ID44,1975-09-30,1976-06-30,66.0,65.35696
ID44,1975-09-30,1976-09-30,82.0,73.35905
ID44,1976-09-30,1976-12-31,65.0,71.05706
ID44,1976-09-30,1977-03-31,82.0,79.212616
ID44,1976-09-30,1977-06-30,80.0,78.97659
ID44,1976-09-30,1977-09-30,99.0,89.325775
ID44,1977-09-30,1977-12-31,78.0,81.458824
ID44,1977-09-30,1978-03-31,82.0,94.33759
ID44,1977-09-30,1978-06-30,71.0,93.653145
ID44,1977-09-30,1978-09-30,75.0,106.460495
ID44,1978-09-30,1978-12-31,65.0,73.78788
ID44,1978-09-30,1979-03-31,76.0,78.06426
ID44,1978-09-30,1979-06-30,66.0,75.74577
ID44,1978-09-30,1979-09-30,77.0,80.907616
ID45,1975-09-30,1975-12-31,0.92,2.9606118
ID45,1975-09-30,1976-03-31,1.02,3.9718468
ID45,1975-09-30,1976-06-30,1.2,4.8396745
ID45,1975-09-30,1976-09-30,1.29,3.5075765
ID45,1976-09-30,1976-12-31,1.44,2.9182804
ID45,1976-09-30,1977-03-31,1.56,3.8829613
ID45,1976-09-30,1977-06-30,1.62,4.822594
ID45,1976-09-30,1977-09-30,1.78,3.5382414
ID45,1977-09-30,1977-12-31,1.72,3.4777036
ID45,1977-09-30,1978-03-31,1.69,4.2793274
ID45,1977-09-30,1978-06-30,1.69,5.088236
ID45,1977-09-30,1978-09-30,1.7,3.843301
ID45,1978-09-30,1978-12-31,1.76,3.5787802
ID45,1978-09-30,1979-03-31,1.78,4.382397
ID45,1978-09-30,1979-06-30,1.79,4.9439354
ID45,1978-09-30,1979-09-30,1.78,3.819016
ID46,1982-09-30,1982-12-31,83.0,80.97388
ID46,1982-09-30,1983-03-31,97.0,98.58653
ID46,1982-09-30,1983-06-30,86.0,92.49038
ID46,1982-09-30,1983-09-30,89.0,92.79577
ID46,1983-09-30,1983-12-31,75.0,87.378204
ID46,1983-09-30,1984-03-31,85.0,102.14716
ID46,1983-09-30,1984-06-30,85.0,93.80944
ID46,1983-09-30,1984-09-30,89.0,95.03399
ID46,1984-09-30,1984-12-31,75.0,83.87433
ID46,1984-09-30,1985-03-31,96.0,92.483795
ID46,1984-09-30,1985-06-30,89.0,91.09926
ID46,1984-09-30,1985-09-30,87.0,92.1934
ID46,1985-09-30,1985-12-31,88.0,78.60949
ID46,1985-09-30,1986-03-31,107.0,96.600624
ID46,1985-09-30,1986-06-30,99.0,92.41002
ID46,1985-09-30,1986-09-30,111.0,91.4239
ID46,1986-09-30,1986-12-31,87.0,106.850174
ID46,1986-09-30,1987-03-31,113.0,122.43312
ID46,1986-09-30,1987-06-30,95.0,113.87289
ID46,1986-09-30,1987-09-30,107.0,118.42031
ID46,1987-09-30,1987-12-31,93.0,89.86046
ID46,1987-09-30,1988-03-31,109.0,115.04472
ID46,1987-09-30,1988-06-30,88.0,99.73344
ID46,1987-09-30,1988-09-30,105.0,110.37243
ID46,1988-09-30,1988-12-31,92.0,91.517914
ID46,1988-09-30,1989-03-31,101.0,111.42346
ID46,1988-09-30,1989-06-30,85.0,93.99379
ID46,1988-09-30,1989-09-30,94.0,107.29512
ID47,1969-09-30,1969-12-31,103.0,102.874115
ID47,1969-09-30,1970-03-31,105.0,108.951744
ID47,1969-09-30,1970-06-30,83.0,94.03438
ID47,1969-09-30,1970-09-30,109.0,112.30932
ID47,1970-09-30,1970-12-31,106.0,107.38064
ID47,1970-09-30,1971-03-31,110.0,112.12213
ID47,1970-09-30,1971-06-30,85.0,91.77167
ID47,1970-09-30,1971-09-30,110.0,115.79471
ID47,1971-09-30,1971-12-31,110.0,108.32953
ID47,1971-09-30,1972-03-31,110.0,114.079094
ID47,1971-09-30,1972-06-30,88.0,90.8833
ID47,1971-09-30,1972-09-30,113.0,115.29515
ID48,1969-09-30,1969-12-31,90.0,100.68697
ID48,1969-09-30,1970-03-31,105.0,113.72292
ID48,1969-09-30,1970-06-30,99.0,106.773994
ID48,1969-09-30,1970-09-30,105.0,111.80573
ID48,1970-09-30,1970-12-31,100.0,93.32958
ID48,1970-09-30,1971-03-31,111.0,110.905304
ID48,1970-09-30,1971-06-30,105.0,104.18398
ID48,1970-09-30,1971-09-30,108.0,109.979126
ID48,1971-09-30,1971-12-31,102.0,104.88991
ID48,1971-09-30,1972-03-31,118.0,117.10225
ID48,1971-09-30,1972-06-30,111.0,112.03443
ID48,1971-09-30,1972-09-30,117.0,114.339424
ID49,1969-09-30,1969-12-31,20.1,20.56044
ID49,1969-09-30,1970-03-31,20.9,21.694283
ID49,1969-09-30,1970-06-30,16.1,19.285902
ID49,1969-09-30,1970-09-30,20.7,22.987534
ID49,1970-09-30,1970-12-31,20.7,22.392874
ID49,1970-09-30,1971-03-31,18.6,23.906317
ID49,1970-09-30,1971-06-30,13.8,20.192612
ID49,1970-09-30,1971-09-30,19.3,23.781548
ID49,1971-09-30,1971-12-31,20.0,20.768171
ID49,1971-09-30,1972-03-31,19.7,20.7666
ID49,1971-09-30,1972-06-30,14.7,18.637966
ID49,1971-09-30,1972-09-30,22.1,21.537472
ID5,1983-03-31,1983-06-30,623.09,644.379
ID5,1983-03-31,1983-09-30,565.1,637.20337
ID5,1983-03-31,1983-12-31,604.28,626.04584
ID5,1983-03-31,1984-03-31,746.15,661.6138
ID5,1984-03-31,1984-06-30,743.76,713.3774
ID5,1984-03-31,1984-09-30,668.46,688.4832
ID5,1984-03-31,1984-12-31,489.72,700.4453
ID5,1984-03-31,1985-03-31,406.55,794.329
ID5,1985-03-31,1985-06-30,385.89,387.41788
ID5,1985-03-31,1985-09-30,408.27,376.33884
ID5,1985-03-31,1985-12-31,426.35,380.8304
ID5,1985-03-31,1986-03-31,522.35,422.92303
ID50,1967-09-30,1967-12-31,157.0,144.04626
ID50,1967-09-30,1968-03-31,166.0,151.24634
ID50,1967-09-30,1968-06-30,164.0,152.26608
ID50,1967-09-30,1968-09-30,154.0,142.06181
ID50,1968-09-30,1968-12-31,155.0,171.53036
ID50,1968-09-30,1969-03-31,155.0,182.12851
ID50,1968-09-30,1969-06-30,164.0,180.86589
ID50,1968-09-30,1969-09-30,160.0,161.59482
ID50,1969-09-30,1969-12-31,164.0,161.3371
ID50,1969-09-30,1970-03-31,167.0,165.03601
ID50,1969-09-30,1970-06-30,156.0,169.08649
ID50,1969-09-30,1970-09-30,129.0,164.38876
ID50,1970-09-30,1970-12-31,159.0,133.6503
ID50,1970-09-30,1971-03-31,172.0,137.54826
ID50,1970-09-30,1971-06-30,180.0,134.1474
ID50,1970-09-30,1971-09-30,180.0,127.625374
ID50,1971-09-30,1971-12-31,183.0,182.4886
ID50,1971-09-30,1972-03-31,185.0,187.00606
ID50,1971-09-30,1972-06-30,190.0,186.83894
ID50,1971-09-30,1972-09-30,197.0,184.19626
ID51,1973-09-30,1973-12-31,15.0,17.621696
ID51,1973-09-30,1974-03-31,18.0,19.358791
ID51,1973-09-30,1974-06-30,15.0,19.385443
ID51,1973-09-30,1974-09-30,17.0,19.837107
ID51,1974-09-30,1974-12-31,14.0,17.135124
ID51,1974-09-30,1975-03-31,18.0,20.871708
ID51,1974-09-30,1975-06-30,20.0,19.303976
ID51,1974-09-30,1975-09-30,25.0,19.978672
ID51,1975-09-30,1975-12-31,20.0,25.576313
ID51,1975-09-30,1976-03-31,22.0,26.592287
ID51,1975-09-30,1976-06-30,26.0,26.988203
ID51,1975-09-30,1976-09-30,30.0,28.220966
ID51,1976-09-30,1976-12-31,27.0,25.711468
ID51,1976-09-30,1977-03-31,32.0,28.814339
ID51,1976-09-30,1977-06-30,28.0,31.992243
ID51,1976-09-30,1977-09-30,26.0,34.19919
ID52,1973-09-30,1973-12-31,14.0,20.00896
ID52,1973-09-30,1974-03-31,18.0,22.044527
ID52,1973-09-30,1974-06-30,19.0,22.459942
ID52,1973-09-30,1974-09-30,21.0,23.166964
ID52,1974-09-30,1974-12-31,18.0,18.010067
ID52,1974-09-30,1975-03-31,22.0,22.02967
ID52,1974-09-30,1975-06-30,24.0,23.274668
ID52,1974-09-30,1975-09-30,30.0,24.119968
ID52,1975-09-30,1975-12-31,22.0,28.85036
ID52,1975-09-30,1976-03-31,26.0,30.898624
ID52,1975-09-30,1976-06-30,30.0,31.9818
ID52,1975-09-30,1976-09-30,33.0,33.625603
ID52,1976-09-30,1976-12-31,30.0,26.45092
ID52,1976-09-30,1977-03-31,37.0,31.415798
ID52,1976-09-30,1977-06-30,39.0,34.824577
ID52,1976-09-30,1977-09-30,45.0,37.24067
ID53,1973-09-30,1973-12-31,36.0,38.811974
ID53,1973-09-30,1974-03-31,40.0,43.373253
ID53,1973-09-30,1974-06-30,39.0,41.92934
ID53,1973-09-30,1974-09-30,47.0,45.8122
ID53,1974-09-30,1974-12-31,37.0,41.92511
ID53,1974-09-30,1975-03-31,47.0,46.212223
ID53,1974-09-30,1975-06-30,50.0,45.49167
ID53,1974-09-30,1975-09-30,63.0,51.404037
ID53,1975-09-30,1975-12-31,55.0,56.032337
ID53,1975-09-30,1976-03-31,64.0,61.213634
ID53,1975-09-30,1976-06-30,63.0,62.07967
ID53,1975-09-30,1976-09-30,77.0,68.55853
ID53,1976-09-30,1976-12-31,61.0,68.81932
ID53,1976-09-30,1977-03-31,75.0,75.42068
ID53,1976-09-30,1977-06-30,74.0,75.43366
ID53,1976-09-30,1977-09-30,88.0,83.89444
ID54,1973-09-30,1973-12-31,59.0,64.65017
ID54,1973-09-30,1974-03-31,70.0,75.19748
ID54,1973-09-30,1974-06-30,76.0,80.10869
ID54,1973-09-30,1974-09-30,87.0,85.00935
ID54,1974-09-30,1974-12-31,70.0,67.83847
ID54,1974-09-30,1975-03-31,84.0,78.78457
ID54,1974-09-30,1975-06-30,84.0,85.512825
ID54,1974-09-30,1975-09-30,99.0,93.381035
ID54,1975-09-30,1975-12-31,79.0,81.38211
ID54,1975-09-30,1976-03-31,92.0,94.02915
ID54,1975-09-30,1976-06-30,97.0,96.46641
ID54,1975-09-30,1976-09-30,114.0,106.98341
ID54,1976-09-30,1976-12-31,94.0,92.65282
ID54,1976-09-30,1977-03-31,108.0,106.28886
ID54,1976-09-30,1977-06-30,112.0,110.15817
ID54,1976-09-30,1977-09-30,128.0,123.25557
ID55,1978-09-30,1978-12-31,518.0,500.53186
ID55,1978-09-30,1979-03-31,544.0,505.85318
ID55,1978-09-30,1979-06-30,569.0,496.85666
ID55,1978-09-30,1979-09-30,538.0,488.04828
ID55,1979-09-30,1979-12-31,583.0,553.9447
ID55,1979-09-30,1980-03-31,646.0,590.6857
ID55,1979-09-30,1980-06-30,613.0,600.5841
ID55,1979-09-30,1980-09-30,634.0,564.47406
ID55,1980-09-30,1980-12-31,671.0,642.64166
ID55,1980-09-30,1981-03-31,702.0,682.3776
ID55,1980-09-30,1981-06-30,683.0,664.68616
ID55,1980-09-30,1981-09-30,706.0,667.11365
ID55,1981-09-30,1981-12-31,729.0,717.8825
ID55,1981-09-30,1982-03-31,768.0,756.05176
ID55,1981-09-30,1982-06-30,769.0,737.8629
ID55,1981-09-30,1982-09-30,767.0,752.4922
ID55,1982-09-30,1982-12-31,780.0,778.22076
ID55,1982-09-30,1983-03-31,799.0,804.81726
ID55,1982-09-30,1983-06-30,743.0,802.3344
ID55,1982-09-30,1983-09-30,703.0,808.2748
ID55,1983-09-30,1983-12-31,710.0,695.824
ID55,1983-09-30,1984-03-31,775.0,707.0936
ID55,1983-09-30,1984-06-30,717.0,689.8622
ID55,1983-09-30,1984-09-30,729.0,688.7617
ID55,1984-09-30,1984-12-31,832.0,750.4681
ID55,1984-09-30,1985-03-31,873.0,784.1306
ID55,1984-09-30,1985-06-30,806.0,750.062
ID55,1984-09-30,1985-09-30,892.0,749.38525
ID55,1985-09-30,1985-12-31,891.0,931.9972
ID55,1985-09-30,1986-03-31,921.0,982.31494
ID55,1985-09-30,1986-06-30,536.0,906.84753
ID55,1985-09-30,1986-09-30,769.0,953.5587
ID56,1984-12-31,1985-03-31,88.1,84.41168
ID56,1984-12-31,1985-06-30,91.5,91.24981
ID56,1984-12-31,1985-09-30,93.4,92.96434
ID56,1984-12-31,1985-12-31,105.9,106.188614
ID56,1985-12-31,1986-03-31,93.5,95.81974
ID56,1985-12-31,1986-06-30,98.8,101.16745
ID56,1985-12-31,1986-09-30,98.1,103.403534
ID56,1985-12-31,1986-12-31,109.4,113.98234
ID56,1986-12-31,1987-03-31,96.2,99.05736
ID56,1986-12-31,1987-06-30,96.4,104.860916
ID56,1986-12-31,1987-09-30,95.9,106.10334
ID56,1986-12-31,1987-12-31,109.6,116.22289
ID56,1987-12-31,1988-03-31,98.1,98.644905
ID56,1987-12-31,1988-06-30,100.9,102.2247
ID56,1987-12-31,1988-09-30,101.6,103.20957
ID56,1987-12-31,1988-12-31,116.1,114.78113
ID56,1988-12-31,1989-03-31,105.6,105.89829
ID56,1988-12-31,1989-06-30,104.6,109.838806
ID56,1988-12-31,1989-09-30,104.7,110.973785
ID56,1988-12-31,1989-12-31,115.4,123.9054
ID56,1989-12-31,1990-03-31,104.5,109.22925
ID56,1989-12-31,1990-06-30,105.2,111.02535
ID56,1989-12-31,1990-09-30,101.6,112.02501
ID56,1989-12-31,1990-12-31,107.7,120.967255
ID56,1990-12-31,1991-03-31,94.3,106.72524
ID56,1990-12-31,1991-06-30,95.5,108.30285
ID56,1990-12-31,1991-09-30,94.5,107.96261
ID56,1990-12-31,1991-12-31,104.3,112.27001
ID57,1983-03-31,1983-06-30,4189.12,4013.7412
ID57,1983-03-31,1983-09-30,3924.17,4043.8533
ID57,1983-03-31,1983-12-31,4300.45,4098.985
ID57,1983-03-31,1984-03-31,4323.72,4132.1514
ID57,1984-03-31,1984-06-30,4502.72,4419.7417
ID57,1984-03-31,1984-09-30,4345.38,4376.1763
ID57,1984-03-31,1984-12-31,4759.63,4555.4326
ID57,1984-03-31,1985-03-31,4253.14,4588.4326
ID57,1985-03-31,1985-06-30,3402.43,4487.036
ID57,1985-03-31,1985-09-30,3046.03,4349.5234
ID57,1985-03-31,1985-12-31,3263.65,4683.5996
ID57,1985-03-31,1986-03-31,3531.72,4391.317
ID58,1981-12-31,1982-03-31,766.57,755.5148
ID58,1981-12-31,1982-06-30,757.05,777.2225
ID58,1981-12-31,1982-09-30,640.4,648.8844
ID58,1981-12-31,1982-12-31,818.95,808.84607
ID58,1982-12-31,1983-03-31,826.09,794.61346
ID58,1982-12-31,1983-06-30,809.42,806.03577
ID58,1982-12-31,1983-09-30,678.49,681.8219
ID58,1982-12-31,1983-12-31,876.08,856.0398
ID58,1983-12-31,1984-03-31,909.41,865.38116
ID58,1983-12-31,1984-06-30,876.08,863.64056
ID58,1983-12-31,1984-09-30,733.24,732.12213
ID58,1983-12-31,1984-12-31,928.46,920.74023
ID58,1984-12-31,1985-03-31,933.22,942.404
ID58,1984-12-31,1985-06-30,918.93,927.00586
ID58,1984-12-31,1985-09-30,771.33,777.0788
ID58,1984-12-31,1985-12-31,895.13,969.7227
ID59,1982-06-30,1982-09-30,139013.0,141372.5
ID59,1982-06-30,1982-12-31,139253.0,143909.42
ID59,1982-06-30,1983-03-31,127343.0,146266.12
ID59,1982-06-30,1983-06-30,128280.0,146616.38
ID59,1983-06-30,1983-09-30,132334.0,126859.82
ID59,1983-06-30,1983-12-31,129097.0,126875.55
ID59,1983-06-30,1984-03-31,134017.0,126380.34
ID59,1983-06-30,1984-06-30,135847.0,127902.19
ID59,1984-06-30,1984-09-30,136255.0,137452.92
ID59,1984-06-30,1984-12-31,137240.0,138288.22
ID59,1984-06-30,1985-03-31,138232.0,138332.23
ID59,1984-06-30,1985-06-30,146270.0,139703.03
ID59,1985-06-30,1985-09-30,148904.0,147560.52
ID59,1985-06-30,1985-12-31,147056.0,149151.97
ID59,1985-06-30,1986-03-31,150830.0,151040.56
ID59,1985-06-30,1986-06-30,155579.0,154195.98
ID59,1986-06-30,1986-09-30,146115.0,157208.97
ID59,1986-06-30,1986-12-31,134412.0,158886.75
ID59,1986-06-30,1987-03-31,119038.0,160493.1
ID59,1986-06-30,1987-06-30,138651.0,163124.27
ID60,1983-09-30,1983-12-31,113.0,119.307495
ID60,1983-09-30,1984-03-31,106.0,120.92792
ID60,1983-09-30,1984-06-30,101.0,129.5334
ID60,1983-09-30,1984-09-30,98.0,122.58819
ID60,1984-09-30,1984-12-31,100.0,96.2043
ID60,1984-09-30,1985-03-31,106.0,96.94937
ID60,1984-09-30,1985-06-30,113.0,99.05227
ID60,1984-09-30,1985-09-30,119.0,99.85899
ID60,1985-09-30,1985-12-31,124.0,122.25545
ID60,1985-09-30,1986-03-31,125.0,124.332275
ID60,1985-09-30,1986-06-30,127.0,125.84957
ID60,1985-09-30,1986-09-30,133.0,126.73491
ID60,1986-09-30,1986-12-31,138.0,136.21112
ID60,1986-09-30,1987-03-31,144.0,138.62263
ID60,1986-09-30,1987-06-30,142.0,140.94511
ID60,1986-09-30,1987-09-30,141.0,143.06818
ID60,1987-09-30,1987-12-31,136.0,143.06563
ID60,1987-09-30,1988-03-31,134.0,145.97104
ID60,1987-09-30,1988-06-30,138.0,145.96815
ID60,1987-09-30,1988-09-30,137.0,146.74527
ID60,1988-09-30,1988-12-31,137.0,136.29941
ID60,1988-09-30,1989-03-31,144.0,138.92992
ID60,1988-09-30,1989-06-30,161.0,140.38974
ID60,1988-09-30,1989-09-30,191.0,138.88263
ID61,1983-09-30,1983-12-31,95.0,95.24084
ID61,1983-09-30,1984-03-31,97.0,97.22267
ID61,1983-09-30,1984-06-30,97.0,99.0303
ID61,1983-09-30,1984-09-30,97.0,100.310875
ID61,1984-09-30,1984-12-31,100.0,98.85624
ID61,1984-09-30,1985-03-31,100.0,100.61305
ID61,1984-09-30,1985-06-30,100.0,101.665985
ID61,1984-09-30,1985-09-30,100.0,101.90557
ID61,1985-09-30,1985-12-31,101.0,102.21388
ID61,1985-09-30,1986-03-31,102.0,103.82553
ID61,1985-09-30,1986-06-30,102.0,104.57011
ID61,1985-09-30,1986-09-30,101.0,104.06596
ID61,1986-09-30,1986-12-31,103.0,102.59892
ID61,1986-09-30,1987-03-31,106.0,104.3823
ID61,1986-09-30,1987-06-30,106.0,105.058365
ID61,1986-09-30,1987-09-30,110.0,103.99914
ID61,1987-09-30,1987-12-31,112.0,112.60352
ID61,1987-09-30,1988-03-31,114.0,114.878456
ID61,1987-09-30,1988-06-30,115.0,116.51544
ID61,1987-09-30,1988-09-30,116.0,118.05038
ID61,1988-09-30,1988-12-31,116.0,118.05513
ID61,1988-09-30,1989-03-31,118.0,120.091774
ID61,1988-09-30,1989-06-30,117.0,121.44239
ID61,1988-09-30,1989-09-30,112.0,122.569305
ID62,1983-09-30,1983-12-31,93.0,97.2311
ID62,1983-09-30,1984-03-31,92.0,96.720634
ID62,1983-09-30,1984-06-30,92.0,98.824
ID62,1983-09-30,1984-09-30,97.0,96.61841
ID62,1984-09-30,1984-12-31,102.0,98.39813
ID62,1984-09-30,1985-03-31,100.0,99.35582
ID62,1984-09-30,1985-06-30,100.0,101.08995
ID62,1984-09-30,1985-09-30,99.0,100.984535
ID62,1985-09-30,1985-12-31,106.0,101.09924
ID62,1985-09-30,1986-03-31,104.0,101.52114
ID62,1985-09-30,1986-06-30,107.0,101.851295
ID62,1985-09-30,1986-09-30,105.0,102.16594
ID62,1986-09-30,1986-12-31,101.0,110.23985
ID62,1986-09-30,1987-03-31,107.0,110.611336
ID62,1986-09-30,1987-06-30,105.0,112.76236
ID62,1986-09-30,1987-09-30,105.0,110.6364
ID62,1987-09-30,1987-12-31,106.0,105.03821
ID62,1987-09-30,1988-03-31,106.0,108.139336
ID62,1987-09-30,1988-06-30,104.0,108.99366
ID62,1987-09-30,1988-09-30,102.0,108.3365
ID62,1988-09-30,1988-12-31,95.0,102.333916
ID62,1988-09-30,1989-03-31,90.0,103.64604
ID62,1988-09-30,1989-06-30,91.0,103.04278
ID62,1988-09-30,1989-09-30,97.0,102.59065
ID63,1982-09-30,1982-12-31,17.2,18.506706
ID63,1982-09-30,1983-03-31,17.3,19.952232
ID63,1982-09-30,1983-06-30,17.4,20.78703
ID63,1982-09-30,1983-09-30,17.2,19.283659
ID63,1983-09-30,1983-12-31,17.4,19.198977
ID63,1983-09-30,1984-03-31,17.1,20.448135
ID63,1983-09-30,1984-06-30,17.7,21.24144
ID63,1983-09-30,1984-09-30,17.7,19.620234
ID63,1984-09-30,1984-12-31,17.7,19.427216
ID63,1984-09-30,1985-03-31,17.8,20.2856
ID63,1984-09-30,1985-06-30,17.5,21.434448
ID63,1984-09-30,1985-09-30,17.6,20.148548
ID63,1985-09-30,1985-12-31,17.4,19.397297
ID63,1985-09-30,1986-03-31,17.4,20.367245
ID63,1985-09-30,1986-06-30,17.8,21.261915
ID63,1985-09-30,1986-09-30,17.4,19.958908
ID63,1986-09-30,1986-12-31,18.2,18.903345
ID63,1986-09-30,1987-03-31,18.3,19.96998
ID63,1986-09-30,1987-06-30,17.7,20.8915
ID63,1986-09-30,1987-09-30,17.5,19.544737
ID64,1982-09-30,1982-12-31,92.0,93.04233
ID64,1982-09-30,1983-03-31,96.0,88.61854
ID64,1982-09-30,1983-06-30,95.0,97.187836
ID64,1982-09-30,1983-09-30,96.0,98.84942
ID64,1983-09-30,1983-12-31,98.0,97.571045
ID64,1983-09-30,1984-03-31,100.0,98.74106
ID64,1983-09-30,1984-06-30,100.0,100.358116
ID64,1983-09-30,1984-09-30,102.0,100.98625
ID64,1984-09-30,1984-12-31,104.0,104.00936
ID64,1984-09-30,1985-03-31,105.0,106.65336
ID64,1984-09-30,1985-06-30,107.0,107.62142
ID64,1984-09-30,1985-09-30,110.0,108.465096
ID64,1985-09-30,1985-12-31,110.0,112.43364
ID64,1985-09-30,1986-03-31,112.0,114.535484
ID64,1985-09-30,1986-06-30,113.0,116.51926
ID64,1985-09-30,1986-09-30,115.0,117.97575
ID64,1986-09-30,1986-12-31,121.0,116.73295
ID64,1986-09-30,1987-03-31,119.0,118.76176
ID64,1986-09-30,1987-06-30,121.0,120.48407
ID64,1986-09-30,1987-09-30,122.0,121.5227
ID64,1987-09-30,1987-12-31,125.0,125.006615
ID64,1987-09-30,1988-03-31,125.0,126.597015
ID64,1987-09-30,1988-06-30,125.0,128.17397
ID64,1987-09-30,1988-09-30,118.0,128.73474
ID7,1983-03-31,1983-06-30,74.95,80.835175
ID7,1983-03-31,1983-09-30,92.65,89.39993
ID7,1983-03-31,1983-12-31,78.07,91.60943
ID7,1983-03-31,1984-03-31,106.18,89.95644
ID7,1984-03-31,1984-06-30,80.16,87.39532
ID7,1984-03-31,1984-09-30,131.16,101.86691
ID7,1984-03-31,1984-12-31,100.98,94.658875
ID7,1984-03-31,1985-03-31,120.75,109.986534
ID7,1985-03-31,1985-06-30,99.94,103.01857
ID7,1985-03-31,1985-09-30,150.94,141.15793
ID7,1985-03-31,1985-12-31,116.59,114.00235
ID7,1985-03-31,1986-03-31,151.99,130.68335
ID7,1986-03-31,1986-06-30,128.04,124.99812
ID7,1986-03-31,1986-09-30,167.6,168.08353
ID7,1986-03-31,1986-12-31,174.89,136.91025
ID7,1986-03-31,1987-03-31,168.64,158.90872
ID7,1987-03-31,1987-06-30,143.66,153.59537
ID7,1987-03-31,1987-09-30,174.89,188.24602
ID7,1987-03-31,1987-12-31,175.93,180.79808
ID7,1987-03-31,1988-03-31,189.46,182.85683
ID7,1988-03-31,1988-06-30,158.23,157.9174
ID7,1988-03-31,1988-09-30,137.41,190.35384
ID7,1988-03-31,1988-12-31,138.45,194.7224
ID7,1988-03-31,1989-03-31,148.86,199.78625
ID71,1981-12-31,1982-03-31,120.0,118.663895
ID71,1981-12-31,1982-06-30,112.0,121.414116
ID71,1981-12-31,1982-09-30,124.0,123.357315
ID71,1981-12-31,1982-12-31,127.0,123.832054
ID71,1982-12-31,1983-03-31,127.0,128.85866
ID71,1982-12-31,1983-06-30,131.0,128.61159
ID71,1982-12-31,1983-09-30,132.0,134.89168
ID71,1982-12-31,1983-12-31,132.0,135.99039
ID71,1983-12-31,1984-03-31,135.0,133.85132
ID71,1983-12-31,1984-06-30,138.0,135.57597
ID71,1983-12-31,1984-09-30,138.0,137.6411
ID71,1983-12-31,1984-12-31,142.0,138.30586
ID71,1984-12-31,1985-03-31,142.0,144.66241
ID71,1984-12-31,1985-06-30,144.0,147.79144
ID71,1984-12-31,1985-09-30,147.0,149.6588
ID71,1984-12-31,1985-12-31,150.0,151.25716
ID71,1985-12-31,1986-03-31,152.0,152.17928
ID71,1985-12-31,1986-06-30,152.0,154.81999
ID71,1985-12-31,1986-09-30,155.0,157.08694
ID71,1985-12-31,1986-12-31,158.0,158.73227
ID71,1986-12-31,1987-03-31,161.0,160.31099
ID71,1986-12-31,1987-06-30,163.0,162.59761
ID71,1986-12-31,1987-09-30,164.0,165.09534
ID71,1986-12-31,1987-12-31,166.0,166.6819
ID77,1978-09-30,1978-12-31,6776.0,6753.3223
ID77,1978-09-30,1979-03-31,6740.0,6776.716
ID77,1978-09-30,1979-06-30,7060.0,6782.502
ID77,1978-09-30,1979-09-30,7004.0,6810.8647
ID77,1979-09-30,1979-12-31,6924.0,6993.6465
ID77,1979-09-30,1980-03-31,7120.0,7067.3457
ID77,1979-09-30,1980-06-30,7344.0,7216.6924
ID77,1979-09-30,1980-09-30,7740.0,7182.0586
ID77,1980-09-30,1980-12-31,8196.0,7823.63
ID77,1980-09-30,1981-03-31,8292.0,7946.383
ID77,1980-09-30,1981-06-30,8456.0,8107.329
ID77,1980-09-30,1981-09-30,9148.0,8236.612
ID77,1981-09-30,1981-12-31,8880.0,9346.621
ID77,1981-09-30,1982-03-31,9184.0,9482.304
ID77,1981-09-30,1982-06-30,9764.0,9607.768
ID77,1981-09-30,1982-09-30,10168.0,9810.633
ID77,1982-09-30,1982-12-31,10384.0,10123.631
ID77,1982-09-30,1983-03-31,10672.0,10350.063
ID77,1982-09-30,1983-06-30,10524.0,10587.54
ID77,1982-09-30,1983-09-30,10588.0,10849.854
ID77,1983-09-30,1983-12-31,10624.0,10631.374
ID77,1983-09-30,1984-03-31,10584.0,10708.857
ID77,1983-09-30,1984-06-30,10400.0,10717.511
ID77,1983-09-30,1984-09-30,10060.0,10775.258
ID77,1984-09-30,1984-12-31,10324.0,9953.252
ID77,1984-09-30,1985-03-31,10316.0,9968.178
ID77,1984-09-30,1985-06-30,10368.0,9886.255
ID77,1984-09-30,1985-09-30,10652.0,9882.938
ID77,1985-09-30,1985-12-31,10888.0,10765.962
ID77,1985-09-30,1986-03-31,11016.0,10850.714
ID77,1985-09-30,1986-06-30,11176.0,10897.081
ID77,1985-09-30,1986-09-30,11324.0,10995.114
ID78,1978-09-30,1978-12-31,8332.0,8279.718
ID78,1978-09-30,1979-03-31,8388.0,8406.8545
ID78,1978-09-30,1979-06-30,8264.0,8581.574
ID78,1978-09-30,1979-09-30,8336.0,8603.559
ID78,1979-09-30,1979-12-31,8480.0,8393.196
ID78,1979-09-30,1980-03-31,8356.0,8445.512
ID78,1979-09-30,1980-06-30,8408.0,8456.8
ID78,1979-09-30,1980-09-30,8504.0,8500.126
ID78,1980-09-30,1980-12-31,8724.0,8538.89
ID78,1980-09-30,1981-03-31,8608.0,8578.863
ID78,1980-09-30,1981-06-30,8636.0,8586.134
ID78,1980-09-30,1981-09-30,9032.0,8640.532
ID78,1981-09-30,1981-12-31,9216.0,9134.015
ID78,1981-09-30,1982-03-31,9280.0,9198.013
ID78,1981-09-30,1982-06-30,9376.0,9255.43
ID78,1981-09-30,1982-09-30,9572.0,9417.757
ID78,1982-09-30,1982-12-31,9852.0,9673.823
ID78,1982-09-30,1983-03-31,10104.0,9785.278
ID78,1982-09-30,1983-06-30,10336.0,9863.813
ID78,1982-09-30,1983-09-30,10692.0,9996.118
ID78,1983-09-30,1983-12-31,10608.0,10907.4375
ID78,1983-09-30,1984-03-31,11020.0,11095.869
ID78,1983-09-30,1984-06-30,10928.0,11260.238
ID78,1983-09-30,1984-09-30,10960.0,11425.566
ID78,1984-09-30,1984-12-31,11248.0,11001.358
ID78,1984-09-30,1985-03-31,11372.0,11120.773
ID78,1984-09-30,1985-06-30,11628.0,11153.618
ID78,1984-09-30,1985-09-30,11920.0,11221.774
ID78,1985-09-30,1985-12-31,11464.0,12089.866
ID78,1985-09-30,1986-03-31,11688.0,12275.924
ID78,1985-09-30,1986-06-30,11696.0,12429.131
ID78,1985-09-30,1986-09-30,12040.0,12580.694
ID79,1978-09-30,1978-12-31,42280.0,41244.734
ID79,1978-09-30,1979-03-31,42116.0,41763.777
ID79,1978-09-30,1979-06-30,43240.0,42179.832
ID79,1978-09-30,1979-09-30,44072.0,42610.06
ID79,1979-09-30,1979-12-31,44656.0,44661.336
ID79,1979-09-30,1980-03-31,45284.0,45258.516
ID79,1979-09-30,1980-06-30,45992.0,45868.945
ID79,1979-09-30,1980-09-30,47980.0,46400.285
ID79,1980-09-30,1980-12-31,49016.0,48699.902
ID79,1980-09-30,1981-03-31,49604.0,49420.562
ID79,1980-09-30,1981-06-30,50812.0,50108.203
ID79,1980-09-30,1981-09-30,51688.0,50920.395
ID79,1981-09-30,1981-12-31,53404.0,52365.62
ID79,1981-09-30,1982-03-31,54416.0,53135.207
ID79,1981-09-30,1982-06-30,56064.0,53820.73
ID79,1981-09-30,1982-09-30,57572.0,54512.844
ID79,1982-09-30,1982-12-31,60192.0,58655.086
ID79,1982-09-30,1983-03-31,61492.0,59680.54
ID79,1982-09-30,1983-06-30,62308.0,60667.9
ID79,1982-09-30,1983-09-30,63320.0,61458.832
ID79,1983-09-30,1983-12-31,64776.0,64338.906
ID79,1983-09-30,1984-03-31,66432.0,65383.168
ID79,1983-09-30,1984-06-30,66536.0,66193.016
ID79,1983-09-30,1984-09-30,67892.0,67003.01
ID79,1984-09-30,1984-12-31,69596.0,68704.84
ID79,1984-09-30,1985-03-31,71652.0,69732.414
ID79,1984-09-30,1985-06-30,73528.0,70389.1
ID79,1984-09-30,1985-09-30,75568.0,71204.164
ID79,1985-09-30,1985-12-31,77616.0,76967.01
ID79,1985-09-30,1986-03-31,78624.0,78369.555
ID79,1985-09-30,1986-06-30,80256.0,79510.18
ID79,1985-09-30,1986-09-30,82500.0,80610.3
ID8,1982-09-30,1982-12-31,3812.0,2994.8281
ID8,1982-09-30,1983-03-31,2945.0,3456.374
ID8,1982-09-30,1983-06-30,2537.0,3025.6917
ID8,1982-09-30,1983-09-30,2904.0,3868.7385
ID8,1983-09-30,1983-12-31,2386.0,2948.5325
ID8,1983-09-30,1984-03-31,3229.0,2709.7407
ID8,1983-09-30,1984-06-30,2091.0,2553.5752
ID8,1983-09-30,1984-09-30,3880.0,3063.8015
ID8,1984-09-30,1984-12-31,2355.0,3694.817
ID8,1984-09-30,1985-03-31,3923.0,3699.224
ID8,1984-09-30,1985-06-30,1787.0,3289.789
ID8,1984-09-30,1985-09-30,4282.0,4001.0405
ID80,1978-09-30,1978-12-31,13476.0,13318.656
ID80,1978-09-30,1979-03-31,13868.0,13524.207
ID80,1978-09-30,1979-06-30,14027.0,13695.14
ID80,1978-09-30,1979-09-30,14416.0,13886.905
ID80,1979-09-30,1979-12-31,14710.0,14649.335
ID80,1979-09-30,1980-03-31,15058.0,14911.296
ID80,1979-09-30,1980-06-30,15574.0,15107.68
ID80,1979-09-30,1980-09-30,15930.0,15323.449
ID80,1980-09-30,1980-12-31,16497.0,16210.592
ID80,1980-09-30,1981-03-31,17050.0,16502.75
ID80,1980-09-30,1981-06-30,17278.0,16768.889
ID80,1980-09-30,1981-09-30,17627.0,16983.934
ID80,1981-09-30,1981-12-31,17696.0,17922.451
ID80,1981-09-30,1982-03-31,17924.0,18239.357
ID80,1981-09-30,1982-06-30,18316.0,18497.309
ID80,1981-09-30,1982-09-30,18421.0,18730.94
ID80,1982-09-30,1982-12-31,19019.0,18537.305
ID80,1982-09-30,1983-03-31,19161.0,18761.383
ID80,1982-09-30,1983-06-30,19646.0,18943.588
ID80,1982-09-30,1983-09-30,20396.0,19062.775
ID80,1983-09-30,1983-12-31,20725.0,20767.83
ID80,1983-09-30,1984-03-31,21324.0,21094.604
ID80,1983-09-30,1984-06-30,21855.0,21422.533
ID80,1983-09-30,1984-09-30,22300.0,21727.68
ID80,1984-09-30,1984-12-31,22864.0,22654.588
ID80,1984-09-30,1985-03-31,23536.0,23049.588
ID80,1984-09-30,1985-06-30,24036.0,23401.896
ID80,1984-09-30,1985-09-30,24435.0,23707.457
ID80,1985-09-30,1985-12-31,25025.0,24806.508
ID80,1985-09-30,1986-03-31,25703.0,25248.182
ID80,1985-09-30,1986-06-30,26199.0,25630.686
ID80,1985-09-30,1986-09-30,26860.0,25933.047
ID81,1978-09-30,1978-12-31,4190.0,4079.5889
ID81,1978-09-30,1979-03-31,4388.0,4150.4966
ID81,1978-09-30,1979-06-30,4632.0,4207.858
ID81,1978-09-30,1979-09-30,4734.0,4274.6665
ID81,1979-09-30,1979-12-31,4869.0,4817.883
ID81,1979-09-30,1980-03-31,4927.0,4908.57
ID81,1979-09-30,1980-06-30,4994.0,4995.885
ID81,1979-09-30,1980-09-30,5172.0,5058.0137
ID81,1980-09-30,1980-12-31,5264.0,5254.2334
ID81,1980-09-30,1981-03-31,5281.0,5333.98
ID81,1980-09-30,1981-06-30,5406.0,5409.2505
ID81,1980-09-30,1981-09-30,5519.0,5484.164
ID81,1981-09-30,1981-12-31,5676.0,5580.3423
ID81,1981-09-30,1982-03-31,5764.0,5654.95
ID81,1981-09-30,1982-06-30,5916.0,5723.609
ID81,1981-09-30,1982-09-30,6143.0,5795.8667
ID81,1982-09-30,1982-12-31,6365.0,6262.364
ID81,1982-09-30,1983-03-31,6715.0,6368.2407
ID81,1982-09-30,1983-06-30,6654.0,6468.688
ID81,1982-09-30,1983-09-30,6443.0,6566.343
ID81,1983-09-30,1983-12-31,6561.0,6469.165
ID81,1983-09-30,1984-03-31,6761.0,6563.9443
ID81,1983-09-30,1984-06-30,7241.0,6528.93
ID81,1983-09-30,1984-09-30,7193.0,6521.1597
ID81,1984-09-30,1984-12-31,7398.0,7283.0044
ID81,1984-09-30,1985-03-31,7401.0,7439.4673
ID81,1984-09-30,1985-06-30,7639.0,7597.6753
ID81,1984-09-30,1985-09-30,8199.0,7604.4185
ID81,1985-09-30,1985-12-31,8058.0,8289.078
ID81,1985-09-30,1986-03-31,8089.0,8398.758
ID81,1985-09-30,1986-06-30,8049.0,8598.181
ID81,1985-09-30,1986-09-30,8641.0,8764.25
ID82,1978-09-30,1978-12-31,20658.0,21117.754
ID82,1978-09-30,1979-03-31,21088.0,21360.541
ID82,1978-09-30,1979-06-30,21274.0,21612.424
ID82,1978-09-30,1979-09-30,21566.0,22003.49
ID82,1979-09-30,1979-12-31,22617.0,21700.732
ID82,1979-09-30,1980-03-31,23708.0,21919.44
ID82,1979-09-30,1980-06-30,24896.0,22035.74
ID82,1979-09-30,1980-09-30,26254.0,22268.604
ID82,1980-09-30,1980-12-31,27410.0,26882.844
ID82,1980-09-30,1981-03-31,28347.0,27292.299
ID82,1980-09-30,1981-06-30,29420.0,27672.723
ID82,1980-09-30,1981-09-30,30150.0,28083.387
ID82,1981-09-30,1981-12-31,30565.0,30646.92
ID82,1981-09-30,1982-03-31,31567.0,31144.965
ID82,1981-09-30,1982-06-30,32350.0,31599.752
ID82,1981-09-30,1982-09-30,32959.0,32023.12
ID82,1982-09-30,1982-12-31,34270.0,33437.543
ID82,1982-09-30,1983-03-31,36149.0,34051.69
ID82,1982-09-30,1983-06-30,37711.0,34592.223
ID82,1982-09-30,1983-09-30,38815.0,34995.91
ID82,1983-09-30,1983-12-31,41105.0,39490.85
ID82,1983-09-30,1984-03-31,42034.0,40267.51
ID82,1983-09-30,1984-06-30,44261.0,40928.75
ID82,1983-09-30,1984-09-30,46084.0,41456.76
ID82,1984-09-30,1984-12-31,48548.0,47007.824
ID82,1984-09-30,1985-03-31,50175.0,47793.55
ID82,1984-09-30,1985-06-30,52165.0,48603.637
ID82,1984-09-30,1985-09-30,55212.0,49289.59
ID82,1985-09-30,1985-12-31,55737.0,56350.81
ID82,1985-09-30,1986-03-31,58866.0,57253.254
ID82,1985-09-30,1986-06-30,60869.0,58112.34
ID82,1985-09-30,1986-09-30,64887.0,59065.215
ID83,1978-09-30,1978-12-31,5222.0,5386.9595
ID83,1978-09-30,1979-03-31,5357.0,5445.8594
ID83,1978-09-30,1979-06-30,5338.0,5496.6396
ID83,1978-09-30,1979-09-30,5354.0,5559.663
ID83,1979-09-30,1979-12-31,5305.0,5347.4023
ID83,1979-09-30,1980-03-31,5580.0,5390.0522
ID83,1979-09-30,1980-06-30,5756.0,5406.1787
ID83,1979-09-30,1980-09-30,6272.0,5425.5083
ID83,1980-09-30,1980-12-31,6622.0,6299.544
ID83,1980-09-30,1981-03-31,6847.0,6443.298
ID83,1980-09-30,1981-06-30,7162.0,6492.6143
ID83,1980-09-30,1981-09-30,7237.0,6703.317
ID83,1981-09-30,1981-12-31,7109.0,7327.859
ID83,1981-09-30,1982-03-31,6872.0,7434.7827
ID83,1981-09-30,1982-06-30,6875.0,7521.239
ID83,1981-09-30,1982-09-30,6761.0,7615.9395
ID83,1982-09-30,1982-12-31,6954.0,6692.6753
ID83,1982-09-30,1983-03-31,7515.0,6699.672
ID83,1982-09-30,1983-06-30,7901.0,6724.829
ID83,1982-09-30,1983-09-30,8093.0,6743.626
ID83,1983-09-30,1983-12-31,8733.0,8271.08
ID83,1983-09-30,1984-03-31,9119.0,8382.421
ID83,1983-09-30,1984-06-30,9589.0,8489.281
ID83,1983-09-30,1984-09-30,10335.0,8581.837
ID83,1984-09-30,1984-12-31,11192.0,10591.98
ID83,1984-09-30,1985-03-31,11470.0,10711.727
ID83,1984-09-30,1985-06-30,11766.0,10857.459
ID83,1984-09-30,1985-09-30,12754.0,11034.315
ID83,1985-09-30,1985-12-31,12620.0,13004.807
ID83,1985-09-30,1986-03-31,13866.0,13137.067
ID83,1985-09-30,1986-06-30,14691.0,13282.971
ID83,1985-09-30,1986-09-30,15203.0,13548.787
ID84,1976-09-30,1976-12-31,136.0,135.77475
ID84,1976-09-30,1977-03-31,151.0,158.41278
ID84,1976-09-30,1977-06-30,153.0,164.32784
ID84,1976-09-30,1977-09-30,146.0,147.6556
ID84,1977-09-30,1977-12-31,140.0,141.11047
ID84,1977-09-30,1978-03-31,161.0,161.38138
ID84,1977-09-30,1978-06-30,170.0,167.03809
ID84,1977-09-30,1978-09-30,161.0,153.42769
ID84,1978-09-30,1978-12-31,157.0,156.19194
ID84,1978-09-30,1979-03-31,179.0,175.2873
ID84,1978-09-30,1979-06-30,190.0,182.3478
ID84,1978-09-30,1979-09-30,179.0,171.71016
ID85,1978-09-30,1978-12-31,91.0,90.60983
ID85,1978-09-30,1979-03-31,94.0,97.01127
ID85,1978-09-30,1979-06-30,85.0,91.66666
ID85,1978-09-30,1979-09-30,97.0,99.69606
ID85,1979-09-30,1979-12-31,97.0,97.01399
ID85,1979-09-30,1980-03-31,104.0,101.79939
ID85,1979-09-30,1980-06-30,94.0,94.740364
ID85,1979-09-30,1980-09-30,106.0,104.37852
ID85,1980-09-30,1980-12-31,105.0,105.93622
ID85,1980-09-30,1981-03-31,104.0,113.938995
ID85,1980-09-30,1981-06-30,92.0,105.09152
ID85,1980-09-30,1981-09-30,102.0,115.37399
ID85,1981-09-30,1981-12-31,103.0,101.71005
ID85,1981-09-30,1982-03-31,108.0,103.93277
ID85,1981-09-30,1982-06-30,99.0,96.5599
ID85,1981-09-30,1982-09-30,113.0,104.29429
ID85,1982-09-30,1982-12-31,114.0,114.41032
ID85,1982-09-30,1983-03-31,123.0,118.98574
ID85,1982-09-30,1983-06-30,111.0,110.272224
ID85,1982-09-30,1983-09-30,124.0,121.6708
ID85,1983-09-30,1983-12-31,126.0,124.24847
ID85,1983-09-30,1984-03-31,135.0,133.75488
ID85,1983-09-30,1984-06-30,116.0,123.68846
ID85,1983-09-30,1984-09-30,134.0,134.57797
ID85,1984-09-30,1984-12-31,133.0,134.29654
ID85,1984-09-30,1985-03-31,142.0,146.28656
ID85,1984-09-30,1985-06-30,125.0,128.92656
ID85,1984-09-30,1985-09-30,143.0,144.57059
ID85,1985-09-30,1985-12-31,144.0,140.87497
ID85,1985-09-30,1986-03-31,155.0,153.91591
ID85,1985-09-30,1986-06-30,131.0,135.44344
ID85,1985-09-30,1986-09-30,134.0,153.38417
ID86,1976-09-30,1976-12-31,131.0,143.30965
ID86,1976-09-30,1977-03-31,146.0,144.13585
ID86,1976-09-30,1977-06-30,132.0,143.86028
ID86,1976-09-30,1977-09-30,141.0,151.7824
ID86,1977-09-30,1977-12-31,135.0,135.30553
ID86,1977-09-30,1978-03-31,134.0,148.13748
ID86,1977-09-30,1978-06-30,115.0,133.82513
ID86,1977-09-30,1978-09-30,131.0,146.94026
ID86,1978-09-30,1978-12-31,113.0,129.85701
ID86,1978-09-30,1979-03-31,116.0,133.66646
ID86,1978-09-30,1979-06-30,112.0,127.751434
ID86,1978-09-30,1979-09-30,119.0,135.47168
ID86,1979-09-30,1979-12-31,118.0,118.48098
ID86,1979-09-30,1980-03-31,124.0,120.76333
ID86,1979-09-30,1980-06-30,112.0,118.952675
ID86,1979-09-30,1980-09-30,123.0,124.64206
ID86,1980-09-30,1980-12-31,109.0,122.32884
ID86,1980-09-30,1981-03-31,149.0,129.56349
ID86,1980-09-30,1981-06-30,186.0,121.27772
ID86,1980-09-30,1981-09-30,245.0,129.80942
ID87,1978-09-30,1978-12-31,26972.0,26062.973
ID87,1978-09-30,1979-03-31,27104.0,26466.498
ID87,1978-09-30,1979-06-30,26868.0,26727.78
ID87,1978-09-30,1979-09-30,27400.0,26714.912
ID87,1979-09-30,1979-12-31,27704.0,27625.922
ID87,1979-09-30,1980-03-31,28256.0,27858.502
ID87,1979-09-30,1980-06-30,28492.0,27974.033
ID87,1979-09-30,1980-09-30,29180.0,28197.02
ID87,1980-09-30,1980-12-31,29772.0,29505.268
ID87,1980-09-30,1981-03-31,29696.0,29896.209
ID87,1980-09-30,1981-06-30,30336.0,30137.78
ID87,1980-09-30,1981-09-30,30680.0,30525.783
ID87,1981-09-30,1981-12-31,31064.0,30944.477
ID87,1981-09-30,1982-03-31,31064.0,31262.709
ID87,1981-09-30,1982-06-30,31756.0,31545.3
ID87,1981-09-30,1982-09-30,32156.0,31824.703
ID87,1982-09-30,1982-12-31,32824.0,32368.422
ID87,1982-09-30,1983-03-31,33256.0,32702.713
ID87,1982-09-30,1983-06-30,33172.0,33061.312
ID87,1982-09-30,1983-09-30,33920.0,33330.832
ID87,1983-09-30,1983-12-31,34128.0,34254.027
ID87,1983-09-30,1984-03-31,34556.0,34631.145
ID87,1983-09-30,1984-06-30,35224.0,34894.938
ID87,1983-09-30,1984-09-30,35108.0,35263.87
ID87,1984-09-30,1984-12-31,35996.0,35283.805
ID87,1984-09-30,1985-03-31,36332.0,35659.938
ID87,1984-09-30,1985-06-30,36648.0,35889.64
ID87,1984-09-30,1985-09-30,37304.0,36056.727
ID87,1985-09-30,1985-12-31,37580.0,37692.63
ID87,1985-09-30,1986-03-31,38428.0,38147.465
ID87,1985-09-30,1986-06-30,38268.0,38535.855
ID87,1985-09-30,1986-09-30,38652.0,38870.062
ID88,1969-09-30,1969-12-31,100.0,98.25804
ID88,1969-09-30,1970-03-31,104.0,103.50463
ID88,1969-09-30,1970-06-30,88.0,89.70164
ID88,1969-09-30,1970-09-30,108.0,107.31127
ID88,1970-09-30,1970-12-31,107.0,107.5074
ID88,1970-09-30,1971-03-31,109.0,113.92258
ID88,1970-09-30,1971-06-30,92.0,98.307556
ID88,1970-09-30,1971-09-30,114.0,116.924644
ID88,1971-09-30,1971-12-31,115.0,112.10342
ID88,1971-09-30,1972-03-31,117.0,117.71946
ID88,1971-09-30,1972-06-30,98.0,101.04447
ID88,1971-09-30,1972-09-30,121.0,121.71963
ID89,1982-09-30,1982-12-31,16.7,17.598755
ID89,1982-09-30,1983-03-31,16.7,18.430851
ID89,1982-09-30,1983-06-30,17.5,18.69247
ID89,1982-09-30,1983-09-30,17.3,18.997469
ID89,1983-09-30,1983-12-31,17.8,18.974396
ID89,1983-09-30,1984-03-31,16.8,19.659595
ID89,1983-09-30,1984-06-30,16.9,20.433817
ID89,1983-09-30,1984-09-30,16.3,19.97275
ID89,1984-09-30,1984-12-31,16.6,18.726648
ID89,1984-09-30,1985-03-31,17.1,19.07429
ID89,1984-09-30,1985-06-30,15.7,20.052011
ID89,1984-09-30,1985-09-30,17.3,18.479357
ID89,1985-09-30,1985-12-31,17.9,18.683516
ID89,1985-09-30,1986-03-31,17.5,19.55092
ID89,1985-09-30,1986-06-30,17.7,19.708673
ID89,1985-09-30,1986-09-30,17.9,19.708704
ID89,1986-09-30,1986-12-31,16.1,19.77355
ID89,1986-09-30,1987-03-31,16.5,20.557821
ID89,1986-09-30,1987-06-30,17.8,21.084137
ID89,1986-09-30,1987-09-30,19.3,20.499546
ID9,1982-09-30,1982-12-31,7937.0,6859.1816
ID9,1982-09-30,1983-03-31,7647.0,6901.423
ID9,1982-09-30,1983-06-30,6993.0,6787.841
ID9,1982-09-30,1983-09-30,8089.0,6901.364
ID9,1983-09-30,1983-12-31,9279.0,8704.159
ID9,1983-09-30,1984-03-31,9547.0,8602.023
ID9,1983-09-30,1984-06-30,8064.0,7856.4336
ID9,1983-09-30,1984-09-30,8188.0,8597.996
ID9,1984-09-30,1984-12-31,8889.0,8730.949
ID9,1984-09-30,1985-03-31,8655.0,8909.432
ID9,1984-09-30,1985-06-30,7161.0,7990.335
ID9,1984-09-30,1985-09-30,6912.0,8307.483
ID9,1985-09-30,1985-12-31,8059.0,7196.014
ID9,1985-09-30,1986-03-31,8701.0,7273.199
ID9,1985-09-30,1986-06-30,7245.0,6652.9575
ID9,1985-09-30,1986-09-30,8023.0,6806.888
ID9,1986-09-30,1986-12-31,8890.0,8875.536
ID9,1986-09-30,1987-03-31,10089.0,9324.765
ID9,1986-09-30,1987-06-30,8620.0,7929.0073
ID9,1986-09-30,1987-09-30,9742.0,8348.874
ID9,1987-09-30,1987-12-31,12345.0,10221.741
ID9,1987-09-30,1988-03-31,12031.0,11399.727
ID9,1987-09-30,1988-06-30,10433.0,9654.719
ID9,1987-09-30,1988-09-30,12770.0,10508.114
ID90,1982-09-30,1982-12-31,13.9,14.518236
ID90,1982-09-30,1983-03-31,11.9,14.949938
ID90,1982-09-30,1983-06-30,13.1,15.524461
ID90,1982-09-30,1983-09-30,13.7,14.9748955
ID90,1983-09-30,1983-12-31,14.0,15.658257
ID90,1983-09-30,1984-03-31,15.0,15.292309
ID90,1983-09-30,1984-06-30,14.8,16.400862
ID90,1983-09-30,1984-09-30,15.4,15.865401
ID90,1984-09-30,1984-12-31,15.7,17.00337
ID90,1984-09-30,1985-03-31,15.7,17.677217
ID90,1984-09-30,1985-06-30,16.5,18.521816
ID90,1984-09-30,1985-09-30,14.9,17.84551
ID90,1985-09-30,1985-12-31,15.6,17.219215
ID90,1985-09-30,1986-03-31,15.5,18.41668
ID90,1985-09-30,1986-06-30,15.5,19.63212
ID90,1985-09-30,1986-09-30,16.0,17.477049
ID90,1986-09-30,1986-12-31,15.3,17.895433
ID90,1986-09-30,1987-03-31,15.6,18.731857
ID90,1986-09-30,1987-06-30,15.5,19.816618
ID90,1986-09-30,1987-09-30,16.1,18.37109
ID90,1987-09-30,1987-12-31,16.3,17.29623
ID90,1987-09-30,1988-03-31,16.8,18.218182
ID90,1987-09-30,1988-06-30,18.1,18.970272
ID90,1987-09-30,1988-09-30,17.3,18.524803
ID99,1984-09-30,1984-12-31,71.8,74.29051
ID99,1984-09-30,1985-03-31,70.3,76.04131
ID99,1984-09-30,1985-06-30,71.2,76.86479
ID99,1984-09-30,1985-09-30,74.4,77.13287
ID99,1985-09-30,1985-12-31,76.6,75.36856
ID99,1985-09-30,1986-03-31,78.2,76.48052
ID99,1985-09-30,1986-06-30,77.8,77.57608
ID99,1985-09-30,1986-09-30,77.2,78.316956
ID99,1986-09-30,1986-12-31,78.9,79.20529
ID99,1986-09-30,1987-03-31,79.6,80.54527
ID99,1986-09-30,1987-06-30,80.9,81.11538
ID99,1986-09-30,1987-09-30,76.5,81.18627
ID99,1987-09-30,1987-12-31,73.2,79.200294
ID99,1987-09-30,1988-03-31,71.6,81.560974
ID99,1987-09-30,1988-06-30,68.3,82.69135
ID99,1987-09-30,1988-09-30,67.4,78.95524
ID99,1988-09-30,1988-12-31,66.8,67.11964
ID99,1988-09-30,1989-03-31,64.8,68.488365
ID99,1988-09-30,1989-06-30,64.4,69.27137
ID99,1988-09-30,1989-09-30,67.0,69.05183
ID99,1989-09-30,1989-12-31,69.5,68.312485
ID99,1989-09-30,1990-03-31,67.7,68.8047
ID99,1989-09-30,1990-06-30,66.6,69.20643
ID99,1989-09-30,1990-09-30,62.8,69.736145
