unique_id,cutoff,target_start,target_end,online_source,online_series_step,u_hat,score_pi_width,score_resid_scale,score_err_var,window_smape,q,reject_meta_model,accept_meta_model,reject_pi_width,accept_pi_width,reject_resid_scale,accept_resid_scale,reject_err_var,accept_err_var,reject_random_q,accept_random_q,reject_oracle_q,accept_oracle_q
ID41,1906-12-31,1907-03-31,1907-12-31,holdout_evaluation,1,0.8662111560000105,77666.39605990815,0.13336646160420346,13319.47413146036,0.7270477142482784,0.1,True,False,True,False,True,False,True,False,False,True,True,False
ID41,1907-12-31,1908-03-31,1908-12-31,holdout_evaluation,2,0.7788593541172465,75160.37262417469,0.16015318196472994,11144.746721948308,0.36300501173201394,0.1,False,True,True,False,True,False,True,False,False,True,True,False
ID41,1908-12-31,1909-03-31,1909-12-31,holdout_evaluation,3,0.8731385179724346,25161.17240837053,0.18202135125813224,9269.391756834584,0.9153602404648373,0.1,True,False,True,False,True,False,True,False,False,True,True,False
ID36,1909-12-31,1910-03-31,1910-12-31,holdout_evaluation,1,0.6858955266919724,94.40362744637522,0.027969973753792177,20.329474405205225,0.11586949417238857,0.1,False,True,False,True,False,True,False,True,False,True,False,True
ID41,1909-12-31,1910-03-31,1910-12-31,holdout_evaluation,4,0.7627599246668144,71481.69738341284,0.20217073439215438,10162.527148565729,0.8159772673990096,0.1,False,True,True,False,True,False,True,False,False,True,True,False
ID35,1910-12-31,1911-03-31,1911-12-31,holdout_evaluation,1,0.4889615916887394,380.7160371768268,0.023182284572857238,235.31501400348398,0.08569020619151035,0.1,False,True,False,True,False,True,False,True,False,True,False,True
ID36,1910-12-31,1911-03-31,1911-12-31,holdout_evaluation,2,0.7568530775533494,94.17545809332904,0.026357172077458246,18.789043860240994,0.22694204102577134,0.1,False,True,False,True,False,True,False,True,False,True,False,True
ID41,1910-12-31,1911-03-31,1911-12-31,holdout_evaluation,5,0.8118588139227862,88575.08924035553,0.15823414422147927,9800.25755651168,0.8331985501974662,0.1,True,False,True,False,True,False,True,False,False,True,True,False
ID35,1911-12-31,1912-03-31,1912-12-31,holdout_evaluation,2,0.5825681479294851,1914.5443025132895,0.025803000987275046,257.69010668907356,0.08826592241630826,0.1,False,True,True,False,False,True,False,True,False,True,False,True
ID36,1911-12-31,1912-03-31,1912-12-31,holdout_evaluation,3,0.7788894812819995,125.41759070672178,0.026357172077458246,20.095741678679918,0.1835728174215426,0.1,False,True,False,True,False,True,False,True,False,True,False,True
ID41,1911-12-31,1912-03-31,1912-12-31,holdout_evaluation,6,0.8689777450445209,98987.38143821113,0.17761678553232446,8838.75850239927,0.40644988090381073,0.1,True,False,True,False,True,False,True,False,False,True,True,False
ID35,1912-12-31,1913-03-31,1913-12-31,holdout_evaluation,3,0.5954236051048492,4082.187583939553,0.031657502747295015,285.26036005106863,0.05301634546081152,0.1,False,True,True,False,False,True,False,True,False,True,False,True
ID36,1912-12-31,1913-03-31,1913-12-31,holdout_evaluation,4,0.8776108749386237,105.11580286337079,0.030958004261878336,20.37701636809072,0.13317561646941323,0.1,True,False,False,True,False,True,False,True,False,True,False,True
ID35,1913-12-31,1914-03-31,1914-12-31,holdout_evaluation,4,0.6586767559708349,813.7298005976222,0.027090859099674,293.11412772276003,0.042846490714931414,0.1,False,True,False,True,False,True,False,True,False,True,False,True
ID36,1913-12-31,1914-03-31,1914-12-31,holdout_evaluation,5,0.7607613789610204,55.859586407341716,0.022947796477007426,21.182200457220446,0.15705727261470429,0.1,False,True,False,True,False,True,False,True,False,True,False,True
ID35,1914-12-31,1915-03-31,1915-12-31,holdout_evaluation,5,0.6840065674277434,1955.1133276183937,0.025803000987275046,275.13409925121704,0.03981026532051628,0.1,False,True,True,False,False,True,False,True,False,True,False,True
ID36,1914-12-31,1915-03-31,1915-12-31,holdout_evaluation,6,0.7807354569058225,167.4863005315568,0.031169500497603114,21.94049315794849,0.24826475950845012,0.1,False,True,False,True,False,True,False,True,False,True,False,True
ID35,1915-12-31,1916-03-31,1916-12-31,holdout_evaluation,6,0.5753090513202862,3656.0820989808544,0.010607801137159874,258.49429218450456,0.043946622928750165,0.1,False,True,True,False,False,True,False,True,False,True,False,True
ID36,1915-12-31,1916-03-31,1916-12-31,holdout_evaluation,7,0.7578735117106161,137.28402276767707,0.0382003272977505,24.538759654029064,0.15359225336415408,0.1,False,True,False,True,True,False,False,True,False,True,False,True
ID35,1916-12-31,1917-03-31,1917-12-31,holdout_evaluation,7,0.6540749513875347,2377.8080571555192,0.00677672399508367,282.28418262322174,0.020120375690764497,0.1,False,True,True,False,False,True,False,True,False,True,False,True
ID36,1916-12-31,1917-03-31,1917-12-31,holdout_evaluation,8,0.8536965000385424,102.67998221174759,0.03385166162457702,23.937871306018874,0.20713085996725603,0.1,True,False,False,True,False,True,False,True,False,True,False,True
ID35,1917-12-31,1918-03-31,1918-12-31,holdout_evaluation,8,0.6520896511417498,3818.604069447074,0.01644798488502351,279.2280059081096,0.02690108515468253,0.1,False,True,True,False,False,True,False,True,False,True,False,True
ID36,1917-12-31,1918-03-31,1918-12-31,holdout_evaluation,9,0.8086655876502753,121.51642965404483,0.0369776217489214,27.094925509540268,0.24399175596783507,0.1,True,False,False,True,True,False,False,True,True,False,False,True
ID35,1918-12-31,1919-03-31,1919-12-31,holdout_evaluation,9,0.6612769480930241,3465.3622839415366,0.013057630153064496,285.9402085022781,0.09196100303825668,0.1,False,True,True,False,False,True,False,True,False,True,False,True
ID36,1918-12-31,1919-03-31,1919-12-31,holdout_evaluation,10,0.8521212810932718,266.66624814274815,0.04002707570497013,30.14544005341829,0.26437707990791764,0.1,True,False,False,True,True,False,False,True,False,True,False,True
ID35,1919-12-31,1920-03-31,1920-12-31,holdout_evaluation,10,0.5957231264862237,5241.014268859923,0.013057630153064496,377.74415497469573,0.1675860502639341,0.1,False,True,True,False,False,True,False,True,False,True,False,True
ID36,1919-12-31,1920-03-31,1920-12-31,holdout_evaluation,11,0.8088805955265888,168.38930282003687,0.04519975130184049,31.823145518891856,0.3860467895679035,0.1,True,False,False,True,True,False,False,True,True,False,True,False
ID35,1920-12-31,1921-03-31,1921-12-31,holdout_evaluation,11,0.6049143484216478,11454.708337790338,0.013057630153064496,764.4147490836486,0.018467264338809096,0.1,False,True,True,False,False,True,True,False,False,True,False,True
ID36,1920-12-31,1921-03-31,1921-12-31,holdout_evaluation,12,0.8762918929638648,182.32979920572282,0.05365990364660668,38.91590169435104,0.32227991109307796,0.1,True,False,False,True,True,False,False,True,False,True,True,False
ID35,1921-12-31,1922-03-31,1922-12-31,holdout_evaluation,12,0.6028676019279418,6010.579690028997,0.017817647595000336,764.4334482270295,0.030222037738953385,0.1,False,True,True,False,False,True,True,False,False,True,False,True
ID175,1967-09-30,1967-12-31,1968-09-30,holdout_evaluation,1,0.6107701133991552,85.80169497922455,0.12393191758322408,11.459395259874706,0.23304226615492604,0.1,False,True,False,True,True,False,False,True,False,True,False,True
ID50,1967-09-30,1967-12-31,1968-09-30,holdout_evaluation,1,0.5560138420256107,49.22229967730897,0.00718065917105299,18.32114403194826,0.11612151702513894,0.1,False,True,False,True,False,True,False,True,False,True,False,True
ID175,1968-09-30,1968-12-31,1969-09-30,holdout_evaluation,2,0.6522585025625143,184.3670859092676,0.13626296656632186,10.141610960602497,0.07749524781963696,0.1,False,True,False,True,True,False,False,True,False,True,False,True
ID50,1968-09-30,1968-12-31,1969-09-30,holdout_evaluation,2,0.5201268556031169,97.3451071772327,0.01436131834210598,15.68132151668175,0.062174186393373715,0.1,False,True,False,True,False,True,False,True,False,True,False,True
ID175,1969-09-30,1969-12-31,1970-09-30,holdout_evaluation,3,0.4834408237520411,43.92534130186525,0.08975621195945897,8.522738313446624,0.17846707205567644,0.1,False,True,False,True,True,False,False,True,False,True,False,True
ID47,1969-09-30,1969-12-31,1970-09-30,holdout_evaluation,1,0.7635036821323211,46.859382707002155,0.02075640521081583,13.690327092510858,0.04433231375622861,0.1,False,True,False,True,False,True,False,True,False,True,False,True
ID48,1969-09-30,1969-12-31,1970-09-30,holdout_evaluation,1,0.5590457804505019,14.750086001954314,0.002781778854631555,7.709036680856475,0.07181872769825288,0.1,False,True,False,True,False,True,False,True,False,True,False,True
ID49,1969-09-30,1969-12-31,1970-09-30,holdout_evaluation,1,0.7348471668378871,15.563149712112553,0.022071325651316073,5.969293249898531,0.1654441793656424,0.1,False,True,False,True,False,True,False,True,False,True,False,True
ID50,1969-09-30,1969-12-31,1970-09-30,holdout_evaluation,3,0.6432674528818262,56.83685154611004,0.016292397451987774,12.639676284214495,0.08567773646277987,0.1,False,True,False,True,False,True,False,True,False,True,False,True
ID88,1969-09-30,1969-12-31,1970-09-30,holdout_evaluation,1,0.6681708691760464,3.0118805394185544,0.008373866662684245,5.126648906474926,0.02256214326690442,0.1,False,True,False,True,False,True,False,True,False,True,False,True
ID175,1970-09-30,1970-12-31,1971-09-30,holdout_evaluation,4,0.3888864817250474,53.05697889173068,0.10097182423603948,7.730215913222908,0.44989795208825095,0.1,False,True,False,True,True,False,False,True,False,True,True,False
ID47,1970-09-30,1970-12-31,1971-09-30,holdout_evaluation,2,0.6920296301850823,31.86156892115531,0.02547199129624523,9.190099006224893,0.035766894825563736,0.1,False,True,False,True,False,True,False,True,True,False,False,True
ID48,1970-09-30,1970-12-31,1971-09-30,holdout_evaluation,2,0.5207303868312136,20.987917255196663,0.00556355770926311,6.665034770429678,0.02601185491449845,0.1,False,True,False,True,False,True,False,True,False,True,False,True
ID49,1970-09-30,1970-12-31,1971-09-30,holdout_evaluation,2,0.7749424156206737,24.83692602797409,0.033948507072735196,4.478068766853424,0.25707720583070004,0.1,False,True,False,True,False,True,False,True,False,True,False,True
ID50,1970-09-30,1970-12-31,1971-09-30,holdout_evaluation,4,0.6330279700848503,67.76591515394331,0.009081244834569388,11.806802447599411,0.2504962786913433,0.1,False,True,False,True,False,True,False,True,False,True,False,True
ID88,1970-09-30,1970-12-31,1971-09-30,holdout_evaluation,2,0.6473418915740156,14.440027075386727,0.005838660203260172,3.544530355034389,0.02275188277121345,0.1,False,True,False,True,False,True,False,True,False,True,False,True
ID175,1971-09-30,1971-12-31,1972-09-30,holdout_evaluation,5,0.5625698307190632,128.58572719946696,0.12159124067589325,7.85567057655283,0.36344438566666704,0.1,False,True,False,True,True,False,False,True,False,True,True,False
ID47,1971-09-30,1971-12-31,1972-09-30,holdout_evaluation,3,0.6979204462842994,16.008067720975028,0.017018705113455056,6.96776258528579,0.03112739677989888,0.1,False,True,False,True,False,True,False,True,False,True,False,True
ID48,1971-09-30,1971-12-31,1972-09-30,holdout_evaluation,3,0.5562118853122608,18.285325027613418,0.012057556301362668,5.062323141458305,0.025641681050192315,0.1,False,True,False,True,False,True,False,True,False,True,False,True
ID49,1971-09-30,1971-12-31,1972-09-30,holdout_evaluation,3,0.7828710935907072,11.190784829729973,0.02884225969616122,4.158051306890216,0.09356302825002215,0.1,False,True,False,True,False,True,False,True,False,True,False,True
ID50,1971-09-30,1971-12-31,1972-09-30,holdout_evaluation,5,0.7069754544691408,142.14383640267383,0.01786192703494783,15.017778845471588,0.06326051247179594,0.1,False,True,False,True,False,True,False,True,False,True,False,True
ID88,1971-09-30,1971-12-31,1972-09-30,holdout_evaluation,3,0.6848345944003569,9.631198378363166,0.002919330101630086,2.9034227823982777,0.024122020645091814,0.1,False,True,False,True,False,True,False,True,False,True,False,True
ID175,1972-09-30,1972-12-31,1973-09-30,holdout_evaluation,6,0.6187730235922155,58.05435780439083,0.12159124067589325,7.111016214307288,0.0636224290311025,0.1,False,True,False,True,True,False,False,True,False,True,False,True
ID51,1973-09-30,1973-12-31,1974-09-30,holdout_evaluation,1,0.7230849037595124,16.286334285606003,0.12336755219941803,6.771302412803592,0.26484165680753674,0.1,False,True,False,True,True,False,False,True,False,True,False,True
ID52,1973-09-30,1973-12-31,1974-09-30,holdout_evaluation,1,0.650782775367491,6.578724192012235,0.11622150209221004,7.3850232067964106,0.28092120901133016,0.1,False,True,False,True,True,False,False,True,False,True,False,True
ID53,1973-09-30,1973-12-31,1974-09-30,holdout_evaluation,1,0.6118948888649685,8.97108542255247,0.021799707875980512,7.954452034179021,0.02976938168490134,0.1,False,True,False,True,False,True,False,True,False,True,False,True
ID54,1973-09-30,1973-12-31,1974-09-30,holdout_evaluation,1,0.586972580781845,7.759525985111637,0.003049770999002877,4.870547524081707,0.06287925177937004,0.1,False,True,False,True,False,True,False,True,False,True,False,True
ID121,1974-09-30,1974-12-31,1975-09-30,holdout_evaluation,1,0.8713178549735936,16.31930049732664,0.015851680189516104,7.044953070807186,0.2626483375974765,0.1,True,False,False,True,False,True,False,True,False,True,False,True
ID122,1974-09-30,1974-12-31,1975-09-30,holdout_evaluation,1,0.22628598580244752,295.1654702716872,0.008351701323086484,17.27025135191206,0.026647566888304552,0.1,False,True,False,True,False,True,False,True,False,True,False,True
ID123,1974-09-30,1974-12-31,1975-09-30,holdout_evaluation,1,0.2551176825214083,1.0978468479039605,0.005420370706318993,2.4810961775974443,0.007016368433029826,0.1,False,True,False,True,False,True,False,True,False,True,False,True
ID124,1974-09-30,1974-12-31,1975-09-30,holdout_evaluation,1,0.6539969260898467,3.5212123306498055,0.009062666342896972,3.9492243071266766,0.03691123509162274,0.1,False,True,False,True,False,True,False,True,False,True,False,True
ID125,1974-09-30,1974-12-31,1975-09-30,holdout_evaluation,1,0.730257442982559,9.050871023380168,0.005354955408101492,7.558953337807213,0.32154639116095074,0.1,False,True,False,True,False,True,False,True,False,True,True,False
ID132,1974-09-30,1974-12-31,1975-09-30,holdout_evaluation,1,0.2732264582898885,1306.8230572171647,0.010005743711883664,1041.9118521431596,0.01748636940053377,0.1,False,True,False,True,False,True,True,False,False,True,False,True
ID133,1974-09-30,1974-12-31,1975-09-30,holdout_evaluation,1,0.2449498687946826,1901.7789189285822,0.007163607453865533,544.3745581577025,0.008958162607183188,0.1,False,True,True,False,False,True,True,False,False,True,False,True
ID135,1974-09-30,1974-12-31,1975-09-30,holdout_evaluation,1,0.6107832005971333,46.41708085759787,0.005492259491788547,25.797332564253676,0.16477690195637273,0.1,False,True,False,True,False,True,False,True,False,True,False,True
ID136,1974-09-30,1974-12-31,1975-09-30,holdout_evaluation,1,0.46548071474261987,1.948763064874711,0.0017172733845115954,1.546496825882131,0.02323255635524335,0.1,False,True,False,True,False,True,False,True,False,True,False,True
ID146,1974-09-30,1974-12-31,1975-09-30,holdout_evaluation,1,0.46548071474261987,1.948763064874711,0.0017172733845115954,1.546496825882131,0.02323255635524335,0.1,False,True,False,True,False,True,False,True,True,False,False,True
ID147,1974-09-30,1974-12-31,1975-09-30,holdout_evaluation,1,0.23245972897403394,3.3256492876914683,0.002076920323963438,1.9334383313151768,0.006809668866439786,0.1,False,True,False,True,False,True,False,True,False,True,False,True
ID148,1974-09-30,1974-12-31,1975-09-30,holdout_evaluation,1,0.3131413869694577,1.7547675092929116,0.001308483859381988,0.8501027949020933,0.007796488243623535,0.1,False,True,False,True,False,True,False,True,False,True,False,True
ID149,1974-09-30,1974-12-31,1975-09-30,holdout_evaluation,1,0.32241341682041125,5.304694719514791,0.00297220788144204,4.179133068993334,0.02379978209791786,0.1,False,True,False,True,False,True,False,True,False,True,False,True
ID150,1974-09-30,1974-12-31,1975-09-30,holdout_evaluation,1,0.3274828341018827,20.702687788561924,0.003271815885942637,1.3061162064186418,0.005587974551054475,0.1,False,True,False,True,False,True,False,True,False,True,False,True
ID151,1974-09-30,1974-12-31,1975-09-30,holdout_evaluation,1,0.408238811471874,4.020617392778556,0.005877612104063835,2.729998658531784,0.023960355637001805,0.1,False,True,False,True,False,True,False,True,False,True,False,True
ID152,1974-09-30,1974-12-31,1975-09-30,holdout_evaluation,1,0.7592914795148233,11.343370990032707,0.03561383355656844,10.59431183330555,1.1896336381814736,0.1,False,True,False,True,False,True,False,True,False,True,True,False
ID153,1974-09-30,1974-12-31,1975-09-30,holdout_evaluation,1,0.7854943258929727,20.152428316639863,0.015929726654194176,8.662584467276373,0.8522842364921623,0.1,False,True,False,True,False,True,False,True,False,True,True,False
ID162,1974-09-30,1974-12-31,1975-09-30,holdout_evaluation,1,0.7401031372684022,6.009971174473973,0.0016139340047915014,3.502366682453477,0.03526962011617191,0.1,False,True,False,True,False,True,False,True,False,True,False,True
ID163,1974-09-30,1974-12-31,1975-09-30,holdout_evaluation,1,0.71758859552773,12.097598790158298,0.013824919969094095,6.406329689935592,0.049818129232594634,0.1,False,True,False,True,False,True,False,True,False,True,False,True
ID178,1974-09-30,1974-12-31,1975-09-30,holdout_evaluation,1,0.8065218411853872,6.103833929501071,0.01062768356193805,6.577238370775794,0.22897091092916916,0.1,False,True,False,True,False,True,False,True,False,True,False,True
ID179,1974-09-30,1974-12-31,1975-09-30,holdout_evaluation,1,0.7845394029530015,8.32330381730835,0.06500850894421495,9.054792586863872,0.8915864353219988,0.1,False,True,False,True,True,False,False,True,False,True,True,False
ID180,1974-09-30,1974-12-31,1975-09-30,holdout_evaluation,1,0.6034497635919809,11.192862195391571,0.026293818066944995,15.157698310148659,0.06211289846670998,0.1,False,True,False,True,False,True,False,True,False,True,False,True
ID181,1974-09-30,1974-12-31,1975-09-30,holdout_evaluation,1,0.7231885757423739,25.45107586783753,0.0032173342999688437,13.827963843237885,1.513396553910131,0.1,False,True,False,True,False,True,False,True,False,True,True,False
ID182,1974-09-30,1974-12-31,1975-09-30,holdout_evaluation,1,0.32303945639611903,201.76868228146284,0.003725039346938185,104.07826513646218,0.010982612568900353,0.1,False,True,False,True,False,True,False,True,False,True,False,True
ID183,1974-09-30,1974-12-31,1975-09-30,holdout_evaluation,1,0.8750621655639343,0.0,0.007153144375619758,12.660764451738235,1.5553606935555797,0.1,True,False,False,True,False,True,False,True,False,True,True,False
ID184,1974-09-30,1974-12-31,1975-09-30,holdout_evaluation,1,0.6714870832726264,11.04186445467475,0.051916332056908286,6.221469849648461,0.11373287859605974,0.1,False,True,False,True,True,False,False,True,False,True,False,True
ID185,1974-09-30,1974-12-31,1975-09-30,holdout_evaluation,1,0.6418500075972855,13.295324678242558,0.0008882079668986187,6.434889792363395,0.012052254224118961,0.1,False,True,False,True,False,True,False,True,False,True,False,True
ID186,1974-09-30,1974-12-31,1975-09-30,holdout_evaluation,1,0.305513966525635,1.6433502145907728,0.0029811688699713274,3.470046274519104,0.00835457915895736,0.1,False,True,False,True,False,True,False,True,True,False,False,True
ID187,1974-09-30,1974-12-31,1975-09-30,holdout_evaluation,1,0.6985494962208956,5.290501586711304,0.016526087066962764,3.6050507937018548,0.1961927252542624,0.1,False,True,False,True,False,True,False,True,False,True,False,True
ID188,1974-09-30,1974-12-31,1975-09-30,holdout_evaluation,1,0.7287897251135887,14.308762665690828,0.01430913273527723,8.739166506472559,0.6683981345075877,0.1,False,True,False,True,False,True,False,True,False,True,True,False
ID189,1974-09-30,1974-12-31,1975-09-30,holdout_evaluation,1,0.47505058005358136,3.9441635921404363,0.00040329334079588705,3.599514275828278,0.01510078943986906,0.1,False,True,False,True,False,True,False,True,False,True,False,True
ID51,1974-09-30,1974-12-31,1975-09-30,holdout_evaluation,2,0.6751133179046643,10.502437486233873,0.12130612059054513,5.404515215658118,0.12053399204898668,0.1,False,True,False,True,True,False,False,True,False,True,False,True
ID52,1974-09-30,1974-12-31,1975-09-30,holdout_evaluation,2,0.6454335227473825,16.020701258687474,0.05721285180549679,5.819839347327855,0.04252119286818262,0.1,False,True,False,True,True,False,False,True,False,True,False,True
ID53,1974-09-30,1974-12-31,1975-09-30,holdout_evaluation,2,0.5875561150726629,7.1151365115192755,0.043599415751961024,5.092779832569597,0.09749388683824418,0.1,False,True,False,True,True,False,False,True,False,True,False,True
ID54,1974-09-30,1974-12-31,1975-09-30,holdout_evaluation,2,0.6741157419566882,7.22772635554394,0.006099541998005754,4.196431909292381,0.037228999519299255,0.1,False,True,False,True,False,True,False,True,False,True,False,True
ID121,1975-09-30,1975-12-31,1976-09-30,holdout_evaluation,2,0.9299932836111992,30.229195902928474,0.02952064139329441,5.319364692614482,0.25384495861982376,0.1,True,False,False,True,False,True,False,True,False,True,False,True
ID122,1975-09-30,1975-12-31,1976-09-30,holdout_evaluation,2,0.2818856236844596,426.49865192516256,0.0009341871572825372,15.071959853111556,0.03729665594133839,0.1,False,True,False,True,False,True,False,True,False,True,False,True
ID123,1975-09-30,1975-12-31,1976-09-30,holdout_evaluation,2,0.3218293449479653,1.0298208633792445,0.001643364807355772,1.680199309743025,0.025450756266157212,0.1,False,True,False,True,False,True,False,True,False,True,False,True
ID124,1975-09-30,1975-12-31,1976-09-30,holdout_evaluation,2,0.7019318855268538,12.202378009674568,0.018125332685793943,2.691033939623703,0.060307512092859596,0.1,False,True,False,True,False,True,False,True,False,True,False,True
ID125,1975-09-30,1975-12-31,1976-09-30,holdout_evaluation,2,0.742204020924798,15.267893955875532,0.010709910816202983,5.64825239785953,0.2672365041067574,0.1,False,True,False,True,False,True,False,True,False,True,False,True
ID132,1975-09-30,1975-12-31,1976-09-30,holdout_evaluation,2,0.3805692109794243,2660.7753728182056,0.005808650199198618,743.2082427382837,0.027931489242735384,0.1,False,True,True,False,False,True,True,False,False,True,False,True
ID133,1975-09-30,1975-12-31,1976-09-30,holdout_evaluation,2,0.3482516196303079,1247.8868890811618,0.00014667879455552285,363.76485041027973,0.005940343738733808,0.1,False,True,False,True,False,True,False,True,True,False,False,True
ID135,1975-09-30,1975-12-31,1976-09-30,holdout_evaluation,2,0.7655926089768812,679.6501527376582,0.010984518983577093,29.459582747496057,0.0790840719768092,0.1,False,True,False,True,False,True,False,True,False,True,False,True
ID136,1975-09-30,1975-12-31,1976-09-30,holdout_evaluation,2,0.37982669465434804,6.50130285171085,0.0034345467690231907,1.812519328585371,0.04890851733111807,0.1,False,True,False,True,False,True,False,True,False,True,False,True
ID146,1975-09-30,1975-12-31,1976-09-30,holdout_evaluation,2,0.37982669465434804,6.50130285171085,0.0034345467690231907,1.812519328585371,0.04890851733111807,0.1,False,True,False,True,False,True,False,True,False,True,False,True
ID147,1975-09-30,1975-12-31,1976-09-30,holdout_evaluation,2,0.2830842934669947,4.592469396860031,0.00414366011497041,1.3904500110436782,0.00851285997446042,0.1,False,True,False,True,False,True,False,True,False,True,False,True
ID148,1975-09-30,1975-12-31,1976-09-30,holdout_evaluation,2,0.2201217307565585,3.6667772934517497,0.0015679892566605666,0.8730034807365866,0.03189940186387951,0.1,False,True,False,True,False,True,False,True,False,True,False,True
ID149,1975-09-30,1975-12-31,1976-09-30,holdout_evaluation,2,0.24989180246935655,14.965355743663434,0.0039058290779048453,3.0911884573444146,0.05514346473083523,0.1,False,True,False,True,False,True,False,True,False,True,False,True
ID150,1975-09-30,1975-12-31,1976-09-30,holdout_evaluation,2,0.2076065689636224,25.376996405226983,0.0005988551045811516,0.9228701404711686,0.0199057181046638,0.1,False,True,False,True,False,True,False,True,False,True,False,True
ID151,1975-09-30,1975-12-31,1976-09-30,holdout_evaluation,2,0.2824760331974896,9.038316641439357,0.0006438941319420813,2.388510432574905,0.01934938482359036,0.1,False,True,False,True,False,True,False,True,False,True,False,True
ID152,1975-09-30,1975-12-31,1976-09-30,holdout_evaluation,2,0.8216832528159573,22.14368019061149,0.0679307893914678,8.0569685829549,1.1680344438225665,0.1,True,False,False,True,True,False,False,True,False,True,True,False
ID153,1975-09-30,1975-12-31,1976-09-30,holdout_evaluation,2,0.7796823188398612,13.087959662595349,0.003816048992333898,6.808495685186473,0.8173961073455802,0.1,False,True,False,True,False,True,False,True,False,True,True,False
ID162,1975-09-30,1975-12-31,1976-09-30,holdout_evaluation,2,0.7098954107623079,11.881146163168307,0.003227868009583003,3.3322647839721777,0.028817754007475594,0.1,False,True,False,True,False,True,False,True,True,False,False,True
ID163,1975-09-30,1975-12-31,1976-09-30,holdout_evaluation,2,0.7221892463591865,15.67331636202344,0.005187727620479345,5.278012952256548,0.05035339737912579,0.1,False,True,False,True,False,True,False,True,False,True,False,True
ID178,1975-09-30,1975-12-31,1976-09-30,holdout_evaluation,2,0.8438890161357189,11.462952440458249,0.00672776492356475,5.08233195737513,0.20325616526470863,0.1,True,False,False,True,False,True,False,True,False,True,False,True
ID179,1975-09-30,1975-12-31,1976-09-30,holdout_evaluation,2,0.7629601475664654,18.877313484931612,0.019526029425943725,7.088383490708705,0.9400275521788426,0.1,False,True,False,True,False,True,False,True,False,True,True,False
ID180,1975-09-30,1975-12-31,1976-09-30,holdout_evaluation,2,0.4998081803680336,58.922138886288906,0.0026961588259686795,14.2384391066196,0.1391583318900715,0.1,False,True,False,True,False,True,False,True,False,True,False,True
ID181,1975-09-30,1975-12-31,1976-09-30,holdout_evaluation,2,0.7067559395878527,21.751213579007683,0.006434668599937687,10.87525493039075,1.4103720239528985,0.1,False,True,False,True,False,True,False,True,False,True,True,False
ID182,1975-09-30,1975-12-31,1976-09-30,holdout_evaluation,2,0.31938178138945705,262.60588887597345,0.0013108182242838311,90.05642381055169,0.008261304695529197,0.1,False,True,False,True,False,True,False,True,False,True,False,True
ID183,1975-09-30,1975-12-31,1976-09-30,holdout_evaluation,2,0.8675768164400446,0.0,0.011269782777564075,9.686235257385242,1.5506657023471602,0.1,True,False,False,True,False,True,False,True,False,True,True,False
ID184,1975-09-30,1975-12-31,1976-09-30,holdout_evaluation,2,0.6973222877415713,9.70468926569415,0.0013999697605226041,4.396602167129576,0.08391498212435737,0.1,False,True,False,True,False,True,False,True,False,True,False,True
ID185,1975-09-30,1975-12-31,1976-09-30,holdout_evaluation,2,0.6352195442009577,11.84973483284389,0.0017764159337972374,4.219552521482661,0.05521012316548002,0.1,False,True,False,True,False,True,False,True,True,False,False,True
ID186,1975-09-30,1975-12-31,1976-09-30,holdout_evaluation,2,0.3373654726422143,17.455101610056552,0.0003533119645611222,2.899341862625184,0.005532319156636101,0.1,False,True,False,True,False,True,False,True,False,True,False,True
ID187,1975-09-30,1975-12-31,1976-09-30,holdout_evaluation,2,0.6930320713356188,6.930221787115181,0.00912214030850328,2.9600413650251336,0.20150074146232022,0.1,False,True,False,True,False,True,False,True,False,True,False,True
ID188,1975-09-30,1975-12-31,1976-09-30,holdout_evaluation,2,0.7443677877688408,16.017246362144895,0.02861826547055446,6.314469708273496,0.5859031659732107,0.1,False,True,False,True,False,True,False,True,False,True,True,False
ID189,1975-09-30,1975-12-31,1976-09-30,holdout_evaluation,2,0.4523598649463118,4.929932796951906,0.0008065866815917741,2.3609858781427246,0.02058297227564547,0.1,False,True,False,True,False,True,False,True,True,False,False,True
ID44,1975-09-30,1975-12-31,1976-09-30,holdout_evaluation,1,0.6183902761827904,18.084008091726055,0.030642349955816526,6.968944438102228,0.07195514566670634,0.1,False,True,False,True,False,True,False,True,False,True,False,True
ID45,1975-09-30,1975-12-31,1976-09-30,holdout_evaluation,1,0.8845360052209441,27.57111632202585,0.005940427478396293,23.228585424798133,1.7738213517288561,0.1,True,False,False,True,False,True,False,True,False,True,True,False
ID51,1975-09-30,1975-12-31,1976-09-30,holdout_evaluation,3,0.748661434684283,26.64803958429153,0.07215383237927503,4.112713647336095,0.09721495778750817,0.1,False,True,False,True,True,False,False,True,False,True,False,True
ID52,1975-09-30,1975-12-31,1976-09-30,holdout_evaluation,3,0.7118766963741305,20.442193801579926,0.11622150209221004,4.304046847109531,0.08360385951712242,0.1,False,True,False,True,True,False,False,True,False,True,False,True
ID53,1975-09-30,1975-12-31,1976-09-30,holdout_evaluation,3,0.6073196131950453,22.151772139001963,0.026580760659168153,4.572325969559095,0.08152737473572541,0.1,False,True,False,True,False,True,False,True,False,True,False,True
ID54,1975-09-30,1975-12-31,1976-09-30,holdout_evaluation,3,0.7408502889793481,14.014680339411232,0.004547120337995796,3.6565520447158213,0.046431887508561726,0.1,False,True,False,True,False,True,False,True,True,False,False,True
ID103,1976-09-30,1976-12-31,1977-09-30,holdout_evaluation,1,0.5192403493466784,22.315022095017,0.011525685133885473,8.387037975259426,0.0667484817315483,0.1,False,True,False,True,False,True,False,True,False,True,False,True
ID121,1976-09-30,1976-12-31,1977-09-30,holdout_evaluation,3,0.8333781638221124,28.402100707568447,0.019162010185473616,4.465190450499452,0.21025928707268576,0.1,True,False,False,True,False,True,False,True,False,True,False,True
ID122,1976-09-30,1976-12-31,1977-09-30,holdout_evaluation,3,0.33638278516694475,411.23307287658866,0.005324544526516917,16.603053637797625,0.026912960618511443,0.1,False,True,False,True,False,True,False,True,False,True,False,True
ID123,1976-09-30,1976-12-31,1977-09-30,holdout_evaluation,3,0.30117102713455035,10.522675530417082,0.006242053109996879,2.1020377863756052,0.04009130479559489,0.1,False,True,False,True,False,True,False,True,False,True,False,True
ID124,1976-09-30,1976-12-31,1977-09-30,holdout_evaluation,3,0.6056363155269393,16.99861697014107,0.015673156582318954,2.341267291594326,0.09017932941130666,0.1,False,True,False,True,False,True,False,True,True,False,False,True
ID125,1976-09-30,1976-12-31,1977-09-30,holdout_evaluation,3,0.7292390276473799,17.789551145788504,0.04818359531527178,4.578175327734099,0.2257355386394802,0.1,False,True,False,True,True,False,False,True,False,True,False,True
ID132,1976-09-30,1976-12-31,1977-09-30,holdout_evaluation,3,0.3424500566964147,3181.1829732078563,0.007101418612284357,702.653792008542,0.009069968275116245,0.1,False,True,True,False,False,True,True,False,False,True,False,True
ID133,1976-09-30,1976-12-31,1977-09-30,holdout_evaluation,3,0.16913717132731387,1131.7894263070184,0.0015089094342246897,275.0792809187191,0.011643245197269426,0.1,False,True,False,True,False,True,False,True,False,True,False,True
ID135,1976-09-30,1976-12-31,1977-09-30,holdout_evaluation,3,0.6882367293621034,334.159949774614,0.007177717407964662,24.454090138982398,0.06334522298723871,0.1,False,True,False,True,False,True,False,True,False,True,False,True
ID136,1976-09-30,1976-12-31,1977-09-30,holdout_evaluation,3,0.4696591772808256,15.047665005385689,0.007083922303217247,2.9233978990678438,0.0229046590907278,0.1,False,True,False,True,False,True,False,True,True,False,False,True
ID146,1976-09-30,1976-12-31,1977-09-30,holdout_evaluation,3,0.4696591772808256,15.047665005385689,0.007083922303217247,2.9233978990678438,0.023278578067518776,0.1,False,True,False,True,False,True,False,True,False,True,False,True
ID147,1976-09-30,1976-12-31,1977-09-30,holdout_evaluation,3,0.2730683637912373,4.09732735920535,0.002071830057485205,1.1461309975165312,0.010914623033004946,0.1,False,True,False,True,False,True,False,True,False,True,False,True
ID148,1976-09-30,1976-12-31,1977-09-30,holdout_evaluation,3,0.3261525532295443,8.030103940255328,0.0020924784877122712,1.928756533998888,0.008747167781986108,0.1,False,True,False,True,False,True,False,True,False,True,False,True
ID149,1976-09-30,1976-12-31,1977-09-30,holdout_evaluation,3,0.36547619152342936,23.4888591972312,0.004925122420394463,3.9669381930332634,0.05382354523317845,0.1,False,True,False,True,False,True,False,True,False,True,False,True
ID150,1976-09-30,1976-12-31,1977-09-30,holdout_evaluation,3,0.3071332538157123,24.119377760587255,0.003271815885942637,1.3673589568274385,0.009515385779058905,0.1,False,True,False,True,False,True,False,True,False,True,False,True
ID151,1976-09-30,1976-12-31,1977-09-30,holdout_evaluation,3,0.3794338045352604,9.514365062024828,0.0023054854067057224,2.0304844640963737,0.026280535873900727,0.1,False,True,False,True,False,True,False,True,False,True,False,True
ID152,1976-09-30,1976-12-31,1977-09-30,holdout_evaluation,3,0.8050640155419374,17.865296714239783,0.044764991875187454,6.793418032246991,1.1273015330266558,0.1,False,True,False,True,True,False,False,True,False,True,True,False
ID153,1976-09-30,1976-12-31,1977-09-30,holdout_evaluation,3,0.7674558558018696,23.534510191954542,0.01783775115036118,5.73430301942262,0.8109051176667295,0.1,False,True,False,True,False,True,False,True,False,True,True,False
ID162,1976-09-30,1976-12-31,1977-09-30,holdout_evaluation,3,0.7349784346773196,10.64473597849316,0.004634673747061354,3.1026526425774925,0.031523335125062474,0.1,False,True,False,True,False,True,False,True,False,True,False,True
ID163,1976-09-30,1976-12-31,1977-09-30,holdout_evaluation,3,0.739727622937718,19.60982048375319,0.0025938638102396723,4.771323741803415,0.03615304505295009,0.1,False,True,False,True,False,True,False,True,False,True,False,True
ID178,1976-09-30,1976-12-31,1977-09-30,holdout_evaluation,3,0.8454971003725229,17.024229461487607,0.01062768356193805,4.207449327358293,0.19203076485214565,0.1,True,False,False,True,False,True,False,True,False,True,False,True
ID179,1976-09-30,1976-12-31,1977-09-30,holdout_evaluation,3,0.7599291682092169,21.489146294099154,0.024220558428421968,6.011766084406326,1.0256698887393434,0.1,False,True,False,True,False,True,False,True,False,True,True,False
ID180,1976-09-30,1976-12-31,1977-09-30,holdout_evaluation,3,0.707479385610714,186.89095365412055,0.026293818066944995,25.110432858447698,0.14335161671644392,0.1,False,True,False,True,False,True,False,True,False,True,False,True
ID181,1976-09-30,1976-12-31,1977-09-30,holdout_evaluation,3,0.7855076366462328,21.68722422477416,0.01611965719437125,8.822808511780167,1.3801075532328617,0.1,False,True,False,True,False,True,False,True,False,True,True,False
ID182,1976-09-30,1976-12-31,1977-09-30,holdout_evaluation,3,0.36954866406452924,806.0742658136517,0.0020160630488274935,72.44763442751247,0.016694806652644435,0.1,False,True,False,True,False,True,False,True,True,False,False,True
ID183,1976-09-30,1976-12-31,1977-09-30,holdout_evaluation,3,0.8661744714514342,8685329.808866413,0.007982386992991808,8.127760362745699,1.5487104958611573,0.1,True,False,True,False,False,True,False,True,False,True,True,False
ID184,1976-09-30,1976-12-31,1977-09-30,holdout_evaluation,3,0.6768492878994496,9.5435241565933,0.015608933116112486,3.3346887558609244,0.1791348796458846,0.1,False,True,False,True,False,True,False,True,False,True,False,True
ID185,1976-09-30,1976-12-31,1977-09-30,holdout_evaluation,3,0.584874544742848,14.540542537371692,0.009947607813004708,4.7124139838981005,0.14448180777995057,0.1,False,True,False,True,False,True,False,True,True,False,False,True
ID186,1976-09-30,1976-12-31,1977-09-30,holdout_evaluation,3,0.28931100642685637,13.954639471031578,0.0015877859834411909,2.35617932362814,0.005278539238058287,0.1,False,True,False,True,False,True,False,True,False,True,False,True
ID187,1976-09-30,1976-12-31,1977-09-30,holdout_evaluation,3,0.7288822305827922,5.843812921576973,0.00456107015425164,2.538083012871433,0.27765739913235743,0.1,False,True,False,True,False,True,False,True,False,True,False,True
ID188,1976-09-30,1976-12-31,1977-09-30,holdout_evaluation,3,0.7535572336548352,18.593320033218546,0.11747611513008044,5.154269278849344,0.45347161482302073,0.1,False,True,False,True,True,False,False,True,False,True,True,False
ID189,1976-09-30,1976-12-31,1977-09-30,holdout_evaluation,3,0.33025307743534515,7.911931229684333,0.017992212712456063,1.8066287818075497,0.035982476813039656,0.1,False,True,False,True,False,True,False,True,False,True,False,True
ID44,1976-09-30,1976-12-31,1977-09-30,holdout_evaluation,2,0.5638289976217171,30.323959053840603,0.02621539991597977,5.69140738803082,0.09142977954989479,0.1,False,True,False,True,False,True,False,True,False,True,False,True
ID45,1976-09-30,1976-12-31,1977-09-30,holdout_evaluation,2,0.8452788006774549,117.80295242100041,0.011880854956792586,18.041318673538207,1.6099660025780005,0.1,True,False,False,True,False,True,False,True,False,True,True,False
ID51,1976-09-30,1976-12-31,1977-09-30,holdout_evaluation,4,0.6930598150656513,36.124612012753666,0.046320578429483436,3.382184347201463,0.14554285606132844,0.1,False,True,False,True,True,False,False,True,False,True,False,True
ID52,1976-09-30,1976-12-31,1977-09-30,holdout_evaluation,4,0.7292414145103411,39.41320919743485,0.06316986376422426,3.522103952103501,0.17029951462071086,0.1,False,True,False,True,True,False,False,True,False,True,False,True
ID53,1976-09-30,1976-12-31,1977-09-30,holdout_evaluation,4,0.5741559229154216,27.4353960193847,0.015966512102518773,4.14562631842958,0.06463698966610623,0.1,False,True,False,True,False,True,False,True,False,True,False,True
ID54,1976-09-30,1976-12-31,1977-09-30,holdout_evaluation,4,0.8636371697178145,15.974919456727948,0.006099541998005754,3.5193254607801343,0.04116509195388634,0.1,True,False,False,True,False,True,False,True,False,True,False,True
ID84,1976-09-30,1976-12-31,1977-09-30,holdout_evaluation,1,0.661275501773066,24.269761718919767,0.03913947185573824,12.984750290067861,0.022219439823148508,0.1,False,True,False,True,True,False,False,True,False,True,False,True
ID86,1976-09-30,1976-12-31,1977-09-30,holdout_evaluation,1,0.6661518220932653,246.86597095214148,0.10213105265144728,45.60833070681389,0.07093729854874777,0.1,False,True,False,True,True,False,False,True,False,True,False,True
ID103,1977-09-30,1977-12-31,1978-09-30,holdout_evaluation,2,0.5634990796078825,29.61459785671552,0.009204056226260249,8.041083194552385,0.035383536895684416,0.1,False,True,False,True,False,True,False,True,False,True,False,True
ID121,1977-09-30,1977-12-31,1978-09-30,holdout_evaluation,4,0.8364646249434379,30.333188357672363,0.02952064139329441,3.8708139157359933,0.25280087631937376,0.1,True,False,False,True,False,True,False,True,False,True,False,True
ID122,1977-09-30,1977-12-31,1978-09-30,holdout_evaluation,4,0.4116773927372681,490.82735838806855,0.0006687934270756465,15.092820365305789,0.008922139162223099,0.1,False,True,False,True,False,True,False,True,False,True,False,True
ID123,1977-09-30,1977-12-31,1978-09-30,holdout_evaluation,4,0.3426327031191565,53.97355043596043,0.010840741412637986,2.582887011171703,0.019280732865353256,0.1,False,True,False,True,False,True,False,True,False,True,False,True
ID124,1977-09-30,1977-12-31,1978-09-30,holdout_evaluation,4,0.6374614350449179,4.684321938444825,0.016650836839603098,2.507311430865285,0.11899151521126206,0.1,False,True,False,True,False,True,False,True,False,True,False,True
ID125,1977-09-30,1977-12-31,1978-09-30,holdout_evaluation,4,0.719036659077549,21.229344393927114,0.08565727981434057,3.911245884064567,0.27635065647637924,0.1,False,True,False,True,True,False,False,True,False,True,False,True
ID132,1977-09-30,1977-12-31,1978-09-30,holdout_evaluation,4,0.3111814578185328,1791.0805223329671,0.008416401125417526,565.919313036541,0.030710818692007494,0.1,False,True,True,False,False,True,True,False,False,True,False,True
ID133,1977-09-30,1977-12-31,1978-09-30,holdout_evaluation,4,0.2467461782667068,1051.3890996801736,0.0026850825900862386,239.7888131455617,0.023890317530708974,0.1,False,True,False,True,False,True,False,True,False,True,False,True
ID135,1977-09-30,1977-12-31,1978-09-30,holdout_evaluation,4,0.5784928847282121,209.9580115215325,0.010984518983577093,21.19941331956105,0.023923594422003064,0.1,False,True,False,True,False,True,False,True,False,True,False,True
ID136,1977-09-30,1977-12-31,1978-09-30,holdout_evaluation,4,0.44848041372330155,17.545672751760826,0.010405400572895754,2.549973385709696,0.07150523167401725,0.1,False,True,False,True,False,True,False,True,False,True,False,True
ID146,1977-09-30,1977-12-31,1978-09-30,holdout_evaluation,4,0.45247059671477285,17.803693298111995,0.010733297837411303,2.5569110394711068,0.07118263895076912,0.1,False,True,False,True,False,True,False,True,False,True,False,True
ID147,1977-09-30,1977-12-31,1978-09-30,holdout_evaluation,4,0.19732060903722182,6.967218801162404,0.0024017630585445263,1.0286807558726736,0.021190035604763357,0.1,False,True,False,True,False,True,False,True,False,True,False,True
ID148,1977-09-30,1977-12-31,1978-09-30,holdout_evaluation,4,0.27325192711150426,10.65914270319156,0.0015679892566605666,1.5990876146195272,0.04237315492355309,0.1,False,True,False,True,False,True,False,True,False,True,False,True
ID149,1977-09-30,1977-12-31,1978-09-30,holdout_evaluation,4,0.4568741382311405,50.58345886962965,0.009850244840788926,4.085475438850597,0.0439810502021377,0.1,False,True,False,True,False,True,False,True,False,True,False,True
ID150,1977-09-30,1977-12-31,1978-09-30,holdout_evaluation,4,0.23500747985310444,22.3582808780715,0.00392741122800443,1.1693981767751334,0.030425096996318016,0.1,False,True,False,True,False,True,False,True,False,True,False,True
ID151,1977-09-30,1977-12-31,1978-09-30,holdout_evaluation,4,0.36681602523847356,11.258977305965619,0.0029640743688410034,1.9739511131069052,0.04870176552340818,0.1,False,True,False,True,False,True,False,True,False,True,False,True
ID152,1977-09-30,1977-12-31,1978-09-30,holdout_evaluation,4,0.8155148498622229,9.878291222617829,0.062332105154817796,5.9024943875590195,1.1839294583756714,0.1,True,False,False,True,True,False,False,True,False,True,True,False
ID153,1977-09-30,1977-12-31,1978-09-30,holdout_evaluation,4,0.8009979805977272,23.75028626465488,0.034888129146582125,5.082585592044528,0.7669234730584726,0.1,False,True,False,True,False,True,False,True,False,True,True,False
ID162,1977-09-30,1977-12-31,1978-09-30,holdout_evaluation,4,0.7678743547302619,5.905558817934564,0.006041479484539706,3.042118276383446,0.01860796102980508,0.1,False,True,False,True,False,True,False,True,False,True,False,True
ID163,1977-09-30,1977-12-31,1978-09-30,holdout_evaluation,4,0.7689841864535221,17.607070555411077,0.005187727620479345,4.311887703059558,0.04497585782151119,0.1,False,True,False,True,False,True,False,True,False,True,False,True
ID178,1977-09-30,1977-12-31,1978-09-30,holdout_evaluation,4,0.8228820315910705,28.30943147362364,0.018986980740895776,3.6629616174942674,0.22442281052175372,0.1,True,False,False,True,False,True,False,True,False,True,False,True
ID179,1977-09-30,1977-12-31,1978-09-30,holdout_evaluation,4,0.8052962325069646,14.931681134073497,0.0289150874309001,5.317003336888415,0.9730839881825452,0.1,False,True,False,True,False,True,False,True,False,True,True,False
ID180,1977-09-30,1977-12-31,1978-09-30,holdout_evaluation,4,0.7480443793780431,409.3931355461648,0.05258763613388999,28.172855758484754,0.19153865977332224,0.1,False,True,False,True,True,False,False,True,False,True,False,True
ID181,1977-09-30,1977-12-31,1978-09-30,holdout_evaluation,4,0.7437912262655946,18.01936096006671,0.0322393143887425,7.541053385103232,1.0573934291617357,0.1,False,True,False,True,False,True,False,True,False,True,True,False
ID182,1977-09-30,1977-12-31,1978-09-30,holdout_evaluation,4,0.2943178523354011,206.51936803641007,0.002721307873371156,79.40150337488896,0.04756991477046441,0.1,False,True,False,True,False,True,False,True,False,True,False,True
ID183,1977-09-30,1977-12-31,1978-09-30,holdout_evaluation,4,0.9144795939015493,8679067.417072587,0.006650197694422433,7.124401889164126,1.5629764950809721,0.1,True,False,True,False,False,True,False,True,False,True,True,False
ID184,1977-09-30,1977-12-31,1978-09-30,holdout_evaluation,4,0.6566867346224919,19.43118071424843,0.031217866232224972,4.6585382779275655,0.45937627804041453,0.1,False,True,False,True,False,True,False,True,False,True,True,False
ID185,1977-09-30,1977-12-31,1978-09-30,holdout_evaluation,4,0.6713944471906115,21.851523617386903,0.019895215626009415,8.364384204387276,0.379790236887243,0.1,False,True,False,True,False,True,False,True,False,True,True,False
ID186,1977-09-30,1977-12-31,1978-09-30,holdout_evaluation,4,0.3281672909514227,13.000556833100255,0.002786765773060273,2.0433933994254994,0.005508525081052398,0.1,False,True,False,True,False,True,False,True,False,True,False,True
ID187,1977-09-30,1977-12-31,1978-09-30,holdout_evaluation,4,0.6844299168774262,7.03244008407434,0.00530801620805782,2.3324852298843024,0.1308536731521956,0.1,False,True,False,True,False,True,False,True,False,True,False,True
ID188,1977-09-30,1977-12-31,1978-09-30,holdout_evaluation,4,0.7724152422582228,21.14268894404248,0.20633396478960642,4.401498088644704,0.6067237461699853,0.1,False,True,False,True,True,False,False,True,False,True,True,False
ID189,1977-09-30,1977-12-31,1978-09-30,holdout_evaluation,4,0.2613715197572945,4.741025080832415,0.019778334205926167,1.6410116992129278,0.05082455881129625,0.1,False,True,False,True,False,True,False,True,False,True,False,True
ID20,1977-09-30,1977-12-31,1978-09-30,holdout_evaluation,1,0.4250621706404414,6163.4599137647665,0.0,8401.576667695905,0.02633827836048429,0.1,False,True,True,False,False,True,True,False,True,False,False,True
ID44,1977-09-30,1977-12-31,1978-09-30,holdout_evaluation,3,0.6878368631549294,28.963898433870447,0.01753464999782664,5.537244879529703,0.1828404496540683,0.1,False,True,False,True,False,True,False,True,False,True,False,True
ID45,1977-09-30,1977-12-31,1978-09-30,holdout_evaluation,3,0.7790282359961485,372.3949846018521,0.026605178742363567,14.510510687434277,1.4206800553501062,0.1,False,True,False,True,False,True,False,True,False,True,True,False
ID84,1977-09-30,1977-12-31,1978-09-30,holdout_evaluation,2,0.5754373997790725,15.225387256180003,0.008173294286608526,8.659506784267625,0.04109137480933265,0.1,False,True,False,True,False,True,False,True,False,True,False,True
ID86,1977-09-30,1977-12-31,1978-09-30,holdout_evaluation,2,0.6960129518788678,53.1762843860058,0.008583373255713123,29.70532386146895,0.08004036270646525,0.1,False,True,False,True,False,True,False,True,False,True,False,True
ID102,1978-09-30,1978-12-31,1979-09-30,holdout_evaluation,1,0.49030789602885144,3509.2612508618313,0.015907092503221115,370.4527736153909,0.02733863116806457,0.1,False,True,True,False,False,True,False,True,False,True,False,True
ID103,1978-09-30,1978-12-31,1979-09-30,holdout_evaluation,3,0.5695523628067003,21.64389157860877,0.011525685133885476,6.504214387505151,0.052658632309851884,0.1,False,True,False,True,False,True,False,True,False,True,False,True
ID104,1978-09-30,1978-12-31,1979-09-30,holdout_evaluation,1,0.5244589463845399,119.38993055097666,0.009133606529223848,14.758451982541096,0.0934395067927385,0.1,False,True,False,True,False,True,False,True,False,True,False,True
ID105,1978-09-30,1978-12-31,1979-09-30,holdout_evaluation,1,0.5359554451617037,3.655369384327849,0.004989435109395443,2.222509753478755,0.023539022666841825,0.1,False,True,False,True,False,True,False,True,False,True,False,True
ID107,1978-09-30,1978-12-31,1979-09-30,holdout_evaluation,1,0.33669548609779165,14.990282472278752,0.004629776080064136,3.945426044231164,0.03621759788274915,0.1,False,True,False,True,False,True,False,True,False,True,False,True
ID112,1978-09-30,1978-12-31,1979-09-30,holdout_evaluation,1,0.39940152670392104,55.200612253330675,0.0019049879605014235,14.285597081828373,0.01754130798476141,0.1,False,True,False,True,False,True,False,True,False,True,False,True
ID115,1978-09-30,1978-12-31,1979-09-30,holdout_evaluation,1,0.4282780235642124,14.561837097691065,0.015501989342746766,3.3773838910419243,0.02752310072005344,0.1,False,True,False,True,False,True,False,True,False,True,False,True
ID20,1978-09-30,1978-12-31,1979-09-30,holdout_evaluation,2,0.39110759747648294,7047.920939217667,0.00011107070601044065,4613.965875776452,0.06806131129806141,0.1,False,True,True,False,False,True,True,False,False,True,False,True
ID44,1978-09-30,1978-12-31,1979-09-30,holdout_evaluation,4,0.5223182782526044,15.090530642029927,0.019474633883188444,7.665554797108598,0.020271626556335017,0.1,False,True,False,True,False,True,False,True,False,True,False,True
ID45,1978-09-30,1978-12-31,1979-09-30,holdout_evaluation,4,0.7568161131978675,81.36398896249742,0.05321035748472713,11.903812641797293,1.3051211463813277,0.1,False,True,False,True,True,False,False,True,False,True,True,False
ID55,1978-09-30,1978-12-31,1979-09-30,holdout_evaluation,1,0.6936448026102291,321.05465026761266,0.05868971789414065,84.48424950349995,0.048818685505854956,0.1,False,True,False,True,True,False,False,True,False,True,False,True
ID77,1978-09-30,1978-12-31,1979-09-30,holdout_evaluation,1,0.5672368658717362,975.7471565970704,0.0017927682624649067,231.92345321153098,0.023608516494093977,0.1,False,True,False,True,False,True,False,True,False,True,False,True
ID78,1978-09-30,1978-12-31,1979-09-30,holdout_evaluation,1,0.578471792337177,8624.269459783716,0.012053515984050613,383.7270287821401,0.016965585525570266,0.1,False,True,True,False,False,True,False,True,False,True,False,True
ID79,1978-09-30,1978-12-31,1979-09-30,holdout_evaluation,1,0.22613641242992955,1792.3096659484231,0.004109352770192188,755.1536083758243,0.038730509730989605,0.1,False,True,True,False,False,True,True,False,False,True,False,True
ID80,1978-09-30,1978-12-31,1979-09-30,holdout_evaluation,1,0.380117367451995,1505.315655530258,0.010619776341496653,343.14756745538625,0.04126969825655427,0.1,False,True,True,False,False,True,False,True,False,True,False,True
ID81,1978-09-30,1978-12-31,1979-09-30,holdout_evaluation,1,0.5222366851857297,1929.4846707444958,0.008454948558741427,136.96241907013766,0.09184304538321243,0.1,False,True,True,False,False,True,False,True,False,True,False,True
ID82,1978-09-30,1978-12-31,1979-09-30,holdout_evaluation,1,0.6456408412881599,13920.432838344248,0.022703669474346037,1226.1469985823787,0.009479757387500216,0.1,False,True,True,False,False,True,True,False,False,True,False,True
ID83,1978-09-30,1978-12-31,1979-09-30,holdout_evaluation,1,0.7260719302982087,9723.36174077004,0.03410949677892701,460.8220111099613,0.047178507251265746,0.1,False,True,True,False,False,True,True,False,False,True,False,True
ID84,1978-09-30,1978-12-31,1979-09-30,holdout_evaluation,3,0.6364460893995069,25.013563862667084,0.013522614636396334,7.145708224304213,0.03854862158570055,0.1,False,True,False,True,False,True,False,True,False,True,False,True
ID85,1978-09-30,1978-12-31,1979-09-30,holdout_evaluation,1,0.5116480224960142,10.322058183771471,0.0023010965247066383,2.4569122875017597,0.021706969173715056,0.1,False,True,False,True,False,True,False,True,False,True,False,True
ID86,1978-09-30,1978-12-31,1979-09-30,holdout_evaluation,3,0.6694389882162021,20.09156518168913,0.004551532078858743,22.405790441691504,0.10165301864279946,0.1,False,True,False,True,False,True,False,True,True,False,False,True
ID87,1978-09-30,1978-12-31,1979-09-30,holdout_evaluation,1,0.2945430627952912,1095.6881788887752,0.0034116088459342367,354.2873721599723,0.03071513027819512,0.1,False,True,False,True,False,True,False,True,False,True,False,True
ID102,1979-09-30,1979-12-31,1980-09-30,holdout_evaluation,2,0.2589697789221781,1454.4855108086053,0.019231474192345825,305.9995717435265,0.04733934974383985,0.1,False,True,True,False,False,True,False,True,False,True,False,True
ID103,1979-09-30,1979-12-31,1980-09-30,holdout_evaluation,4,0.6514206653029658,23.2523368462321,0.014089849421696422,6.273090972179617,0.05450874738379286,0.1,False,True,False,True,False,True,False,True,True,False,False,True
ID104,1979-09-30,1979-12-31,1980-09-30,holdout_evaluation,2,0.6519683642890137,13.245827350603303,0.0038544969109932242,13.436462074216555,0.08245498780916141,0.1,False,True,False,True,False,True,False,True,False,True,False,True
ID105,1979-09-30,1979-12-31,1980-09-30,holdout_evaluation,2,0.4752264408460702,3.577598929433839,0.001911260115452982,2.0307624858898423,0.0305549511353235,0.1,False,True,False,True,False,True,False,True,False,True,False,True
ID107,1979-09-30,1979-12-31,1980-09-30,holdout_evaluation,2,0.42588218378850556,18.496681100018687,0.007395109732630294,3.4269270836282564,0.025658697725010046,0.1,False,True,False,True,False,True,False,True,False,True,False,True
ID112,1979-09-30,1979-12-31,1980-09-30,holdout_evaluation,2,0.48133795842192867,62.65521503972832,0.00345932882766015,11.681806802550673,0.026016690040275098,0.1,False,True,False,True,False,True,False,True,True,False,False,True
ID115,1979-09-30,1979-12-31,1980-09-30,holdout_evaluation,2,0.3986263665180072,12.018697013552934,0.00851740032169327,2.8957879602085166,0.02709582327144828,0.1,False,True,False,True,False,True,False,True,False,True,False,True
ID165,1979-09-30,1979-12-31,1980-09-30,holdout_evaluation,1,0.7337270036767648,3.9579807905650415,0.000598374099043366,6.560923951915786,0.21387240495018942,0.1,False,True,False,True,False,True,False,True,False,True,False,True
ID55,1979-09-30,1979-12-31,1980-09-30,holdout_evaluation,2,0.5255075641319018,205.55868909011218,0.0763231643867143,67.4717392642904,0.07960071935282342,0.1,False,True,False,True,True,False,False,True,False,True,False,True
ID77,1979-09-30,1979-12-31,1980-09-30,holdout_evaluation,2,0.4959283450859114,924.7111224210655,0.0035855365249298134,194.60745815486337,0.032072397271044766,0.1,False,True,False,True,False,True,False,True,False,True,False,True
ID78,1979-09-30,1979-12-31,1980-09-30,holdout_evaluation,2,0.3651781698094163,2966.5191955436153,0.015498873281074778,310.04534030043436,0.008884190355557327,0.1,False,True,True,False,False,True,False,True,False,True,False,True
ID79,1979-09-30,1979-12-31,1980-09-30,holdout_evaluation,2,0.27955656600935863,8937.656780874584,0.004131809122872632,839.1270084184098,0.018084684786572786,0.1,False,True,True,False,False,True,True,False,False,True,False,True
ID80,1979-09-30,1979-12-31,1980-09-30,holdout_evaluation,2,0.2847251155880148,1809.2540847103508,0.007492065059368926,339.7075538915674,0.03422245013606993,0.1,False,True,True,False,False,True,False,True,False,True,False,True
ID81,1979-09-30,1979-12-31,1980-09-30,holdout_evaluation,2,0.5627621066518418,2569.1609441681007,0.016909897117482853,182.35398478318038,0.014701592868815248,0.1,False,True,True,False,False,True,False,True,False,True,False,True
ID82,1979-09-30,1979-12-31,1980-09-30,holdout_evaluation,2,0.3916681308685329,5445.466504171196,0.04001273332273114,970.8553122568824,0.10887878950901364,0.1,False,True,True,False,True,False,True,False,False,True,False,True
ID83,1979-09-30,1979-12-31,1980-09-30,holdout_evaluation,2,0.5764567835298922,1144.8479021959586,0.06009661868044786,375.11682497110036,0.06526821210128733,0.1,False,True,False,True,True,False,False,True,False,True,False,True
ID85,1979-09-30,1979-12-31,1980-09-30,holdout_evaluation,2,0.5356313429052159,13.293667910273056,0.003210687696923731,2.1333214087789174,0.0300589743307126,0.1,False,True,False,True,False,True,False,True,False,True,False,True
ID86,1979-09-30,1979-12-31,1980-09-30,holdout_evaluation,4,0.6105463704175296,66.44242376375479,0.009103064157717486,18.218156059311756,0.051270168487068085,0.1,False,True,False,True,False,True,False,True,False,True,False,True
ID87,1979-09-30,1979-12-31,1980-09-30,holdout_evaluation,2,0.30201567262871776,1676.0686198094165,0.004958425137381062,414.3021840594984,0.022231067025168832,0.1,False,True,True,False,False,True,False,True,False,True,False,True
ID0,1980-09-30,1980-12-31,1981-09-30,holdout_evaluation,1,0.7231491638364707,1689.5569359244519,0.20835782302630568,30.563209239665476,1.3054997829376138,0.1,False,True,True,False,True,False,False,True,False,True,True,False
ID102,1980-09-30,1980-12-31,1981-09-30,holdout_evaluation,3,0.40412128691445515,3240.067193849508,0.012237335944894775,295.25869312882133,0.03511026396303488,0.1,False,True,True,False,False,True,False,True,False,True,False,True
ID104,1980-09-30,1980-12-31,1981-09-30,holdout_evaluation,3,0.6107832005971333,37.91604357084435,0.008931211681603421,12.370861441305022,0.16477690195637273,0.1,False,True,False,True,False,True,False,True,False,True,False,True
ID105,1980-09-30,1980-12-31,1981-09-30,holdout_evaluation,3,0.4382497815692085,19.416682632738123,0.004188250907064591,1.94256788712764,0.08030147147627695,0.1,False,True,False,True,False,True,False,True,False,True,False,True
ID107,1980-09-30,1980-12-31,1981-09-30,holdout_evaluation,3,0.3350209640904595,10.253245768831253,0.005500909074262877,2.9337582010054146,0.11695411263733993,0.1,False,True,False,True,False,True,False,True,False,True,False,True
ID112,1980-09-30,1980-12-31,1981-09-30,holdout_evaluation,3,0.513589698420913,45.40677871563957,0.0019049879605014235,10.069164129873494,0.11351880068709823,0.1,False,True,False,True,False,True,False,True,False,True,False,True
ID115,1980-09-30,1980-12-31,1981-09-30,holdout_evaluation,3,0.4967882486315484,17.659331058373407,0.004472338885149217,2.5388221794689376,0.006105250648026655,0.1,False,True,False,True,False,True,False,True,False,True,False,True
ID165,1980-09-30,1980-12-31,1981-09-30,holdout_evaluation,2,0.7404699454266499,348.19345291014633,0.001196748198086732,16.443246233598785,0.06965649282260708,0.1,False,True,False,True,False,True,False,True,False,True,False,True
ID194,1980-09-30,1980-12-31,1981-09-30,holdout_evaluation,1,0.40694089366639796,2.0522110592241427,0.012364375206259832,4.3951415985518825,0.006293426701079546,0.1,False,True,False,True,False,True,False,True,False,True,False,True
ID195,1980-09-30,1980-12-31,1981-09-30,holdout_evaluation,1,0.5363839122730054,3.4067805496481673,0.0013863801858328972,3.796510124527327,0.07006510895628201,0.1,False,True,False,True,False,True,False,True,False,True,False,True
ID196,1980-09-30,1980-12-31,1981-09-30,holdout_evaluation,1,0.7575969502933515,1702.0975441124776,0.013596576272911984,626.2433571929186,0.7224922065297947,0.1,False,True,True,False,False,True,True,False,False,True,True,False
ID198,1980-09-30,1980-12-31,1981-09-30,holdout_evaluation,1,0.19867621959289655,45.9716960529782,0.00028621056275970067,16.004694696596133,0.011599798301882791,0.1,False,True,False,True,False,True,False,True,False,True,False,True
ID199,1980-09-30,1980-12-31,1981-09-30,holdout_evaluation,1,0.5162361887370305,10.329937101869131,0.018568166022012427,5.896157307944667,0.11871258758000855,0.1,False,True,False,True,False,True,False,True,False,True,False,True
ID200,1980-09-30,1980-12-31,1981-09-30,holdout_evaluation,1,0.5910490714401397,9.152636874052565,0.04193079226242346,7.399452781554719,0.08648762255281107,0.1,False,True,False,True,True,False,False,True,True,False,False,True
ID201,1980-09-30,1980-12-31,1981-09-30,holdout_evaluation,1,0.3352888272377809,9.798306638334093,0.003837689074998325,11.571937440902342,0.021623994822422082,0.1,False,True,False,True,False,True,False,True,False,True,False,True
ID202,1980-09-30,1980-12-31,1981-09-30,holdout_evaluation,1,0.759688145902139,51.993801503726004,0.08302994741829273,10.065678566939054,0.7309538397572319,0.1,False,True,False,True,True,False,False,True,False,True,True,False
ID55,1980-09-30,1980-12-31,1981-09-30,holdout_evaluation,3,0.6960130968739618,280.78114015744956,0.06843909945755036,57.78291761399698,0.03281579344489749,0.1,False,True,False,True,True,False,False,True,False,True,False,True
ID77,1980-09-30,1980-12-31,1981-09-30,holdout_evaluation,3,0.3899874477097244,2243.9190562020167,0.00728710020566095,185.3745611671625,0.08151820293225862,0.1,False,True,True,False,False,True,False,True,False,True,False,True
ID78,1980-09-30,1980-12-31,1981-09-30,holdout_evaluation,3,0.14688825475928918,699.4699332735901,0.017143672535211568,257.1189509627593,0.022670675816307998,0.1,False,True,False,True,False,True,False,True,False,True,False,True
ID79,1980-09-30,1980-12-31,1981-09-30,holdout_evaluation,3,0.2963174448849957,7217.989877563454,0.0046426093104759494,777.4008876873347,0.029808679127549496,0.1,False,True,True,False,False,True,True,False,False,True,False,True
ID80,1980-09-30,1980-12-31,1981-09-30,holdout_evaluation,3,0.3367824227960461,1693.033392792575,0.007269656589926635,330.31006791829526,0.0431663659757855,0.1,False,True,True,False,False,True,False,True,False,True,False,True
ID81,1980-09-30,1980-12-31,1981-09-30,holdout_evaluation,3,0.5246001128218681,1509.2631891731353,0.014581569434684914,153.23925969294473,0.016129440912491827,0.1,False,True,True,False,False,True,False,True,False,True,False,True
ID82,1980-09-30,1980-12-31,1981-09-30,holdout_evaluation,3,0.4917835269428967,9547.061240086241,0.026984041155948338,1122.2234036703346,0.055235213614418834,0.1,False,True,True,False,False,True,True,False,False,True,False,True
ID83,1980-09-30,1980-12-31,1981-09-30,holdout_evaluation,3,0.6168607625215234,1341.6472485189865,0.04057471913637237,337.8855532903205,0.08646869712031881,0.1,False,True,False,True,True,False,False,True,False,True,False,True
ID85,1980-09-30,1980-12-31,1981-09-30,holdout_evaluation,3,0.577595980821245,8.424342186232991,0.0023010965247066383,1.9931494624203803,0.06560403058430907,0.1,False,True,False,True,False,True,False,True,False,True,False,True
ID86,1980-09-30,1980-12-31,1981-09-30,holdout_evaluation,5,0.6530382855807135,57.004519968370175,0.01535786004702585,15.176830001804142,0.34169837277761383,0.1,False,True,False,True,False,True,False,True,False,True,True,False
ID87,1980-09-30,1980-12-31,1981-09-30,holdout_evaluation,3,0.16473310116738055,2466.645940615236,0.006002337473371605,407.50458405013205,0.016031143098075573,0.1,False,True,True,False,False,True,False,True,False,True,False,True
ID173,1981-06-30,1981-09-30,1982-06-30,holdout_evaluation,1,0.5045847137918287,8.346745599662164,0.006343566966413458,14.118733659115366,0.21056739203950425,0.1,False,True,False,True,False,True,False,True,False,True,False,True
ID0,1981-09-30,1981-12-31,1982-09-30,holdout_evaluation,2,0.7323006025261509,2032.6879565738734,0.15195871564177965,20.511674208640162,1.172047189678139,0.1,False,True,True,False,True,False,False,True,True,False,True,False
ID1,1981-09-30,1981-12-31,1982-09-30,holdout_evaluation,1,0.5129036147000694,25.279950897266957,0.021712426532564492,6.2296146769836875,0.006451555809073637,0.1,False,True,False,True,False,True,False,True,False,True,False,True
ID102,1981-09-30,1981-12-31,1982-09-30,holdout_evaluation,4,0.44575379244581464,7056.379719277451,0.01145984139737552,269.92107844756066,0.03434303339932146,0.1,False,True,True,False,False,True,False,True,False,True,False,True
ID104,1981-09-30,1981-12-31,1982-09-30,holdout_evaluation,4,0.7655926089768812,546.3395247259566,0.014839015894570318,14.509716968474834,0.0790840719768092,0.1,False,True,False,True,False,True,False,True,False,True,False,True
ID105,1981-09-30,1981-12-31,1982-09-30,holdout_evaluation,4,0.4691367651467745,42.47033104827643,0.006707036757690396,2.825619946479297,0.010696345347899022,0.1,False,True,False,True,False,True,False,True,False,True,False,True
ID107,1981-09-30,1981-12-31,1982-09-30,holdout_evaluation,4,0.41995206213933395,74.91108807040837,0.007395109732630294,3.9788930610329962,0.06860780718168495,0.1,False,True,False,True,False,True,False,True,False,True,False,True
ID11,1981-09-30,1981-12-31,1982-09-30,holdout_evaluation,1,0.8463015646930364,50.08342354040401,0.0,252.50605455824436,0.29632600184394875,0.1,True,False,False,True,False,True,False,True,False,True,False,True
ID112,1981-09-30,1981-12-31,1982-09-30,holdout_evaluation,4,0.5022208897571886,352.9779614677918,0.0035862903047796726,13.228519327135876,0.058335751144787826,0.1,False,True,False,True,False,True,False,True,False,True,False,True
ID115,1981-09-30,1981-12-31,1982-09-30,holdout_evaluation,4,0.5476229342229497,15.07629144114413,0.007646729792817431,2.17052336744424,0.011944445139959379,0.1,False,True,False,True,False,True,False,True,True,False,False,True
ID126,1981-09-30,1981-12-31,1982-09-30,holdout_evaluation,1,0.46728147656905383,9.625524652875596,0.006071062657618219,2.0151056948669326,0.018531871315999003,0.1,False,True,False,True,False,True,False,True,False,True,False,True
ID156,1981-09-30,1981-12-31,1982-09-30,holdout_evaluation,1,0.46728147656905383,9.625524652875596,0.006071062657618219,2.0151056948669326,0.018531871315999003,0.1,False,True,False,True,False,True,False,True,True,False,False,True
ID164,1981-09-30,1981-12-31,1982-09-30,holdout_evaluation,1,0.5821419782686656,892.9388349666934,0.1671687963560332,25.35892929729478,0.030406816036866985,0.1,False,True,False,True,True,False,False,True,True,False,False,True
ID165,1981-09-30,1981-12-31,1982-09-30,holdout_evaluation,3,0.5650427597929499,141.41578161381307,0.011848327711453353,13.39150475849953,0.13748859577244152,0.1,False,True,False,True,False,True,False,True,False,True,False,True
ID193,1981-09-30,1981-12-31,1982-09-30,holdout_evaluation,1,0.7923148449165647,102.45072321072271,0.024825757632335244,36.21001563243707,0.13019848656547625,0.1,False,True,False,True,False,True,False,True,False,True,False,True
ID194,1981-09-30,1981-12-31,1982-09-30,holdout_evaluation,2,0.3396361369757731,5.295669593236319,0.009381442655205234,2.814603021878118,0.0402702457431297,0.1,False,True,False,True,False,True,False,True,False,True,False,True
ID195,1981-09-30,1981-12-31,1982-09-30,holdout_evaluation,2,0.5288375529155979,5.376523850998036,0.0027727603716657945,3.078407106971518,0.06281548652105706,0.1,False,True,False,True,False,True,False,True,False,True,False,True
ID196,1981-09-30,1981-12-31,1982-09-30,holdout_evaluation,2,0.7648451749056189,4088.039356102989,0.027193152545823968,807.8132376714135,0.41794661116210496,0.1,False,True,True,False,False,True,True,False,False,True,True,False
ID197,1981-09-30,1981-12-31,1982-09-30,holdout_evaluation,1,0.29417382448224916,3.431732913577779,0.0048805537925023686,0.8912948762254064,0.006266145286661236,0.1,False,True,False,True,False,True,False,True,False,True,False,True
ID198,1981-09-30,1981-12-31,1982-09-30,holdout_evaluation,2,0.2586345006722595,55.92314541170838,0.0005724211255194013,14.491720718175024,0.006142985038931237,0.1,False,True,False,True,False,True,False,True,False,True,False,True
ID199,1981-09-30,1981-12-31,1982-09-30,holdout_evaluation,2,0.5880637545528103,21.15978188071626,0.037136332044024854,6.026670174546045,0.05748941662399037,0.1,False,True,False,True,True,False,False,True,False,True,False,True
ID2,1981-09-30,1981-12-31,1982-09-30,holdout_evaluation,1,0.6856968760124112,218.9595119833583,0.06825882506841027,34.77089773661568,0.1144819514939278,0.1,False,True,False,True,True,False,False,True,False,True,False,True
ID200,1981-09-30,1981-12-31,1982-09-30,holdout_evaluation,2,0.6179257377483149,9.232863058528023,0.022940049108751998,5.626803406047328,0.11307865222162225,0.1,False,True,False,True,False,True,False,True,False,True,False,True
ID201,1981-09-30,1981-12-31,1982-09-30,holdout_evaluation,2,0.3566664762456502,48.62501752586803,0.00767537814999665,12.325441123465254,0.014395761694149776,0.1,False,True,False,True,False,True,False,True,False,True,False,True
ID202,1981-09-30,1981-12-31,1982-09-30,holdout_evaluation,2,0.7498000229949539,53.30992849014917,0.13742256743744008,7.058348446394707,0.6770665722033359,0.1,False,True,False,True,True,False,False,True,False,True,True,False
ID26,1981-09-30,1981-12-31,1982-09-30,holdout_evaluation,1,0.565088949032567,30.248263750629178,0.0,31.42097442816205,0.01599454423154809,0.1,False,True,False,True,False,True,False,True,False,True,False,True
ID28,1981-09-30,1981-12-31,1982-09-30,holdout_evaluation,1,0.8572983767381686,20417.75451988105,0.0,43958.957987904825,0.09441692168765423,0.1,True,False,True,False,False,True,True,False,False,True,False,True
ID29,1981-09-30,1981-12-31,1982-09-30,holdout_evaluation,1,0.8117162740283034,882.2030788796211,0.0,1135.8319713951257,0.5421626690736806,0.1,True,False,False,True,False,True,True,False,False,True,True,False
ID31,1981-09-30,1981-12-31,1982-09-30,holdout_evaluation,1,0.7459992491082088,30.005331895598555,0.0,84.44691807511411,0.08912529548434496,0.1,False,True,False,True,False,True,False,True,False,True,False,True
ID32,1981-09-30,1981-12-31,1982-09-30,holdout_evaluation,1,0.7792244664059182,64328.682738762815,0.0,90973.58624711704,0.3611831359490979,0.1,False,True,True,False,False,True,True,False,False,True,True,False
ID55,1981-09-30,1981-12-31,1982-09-30,holdout_evaluation,4,0.5873076767475439,245.41412425039604,0.06167142624863489,49.614575753745825,0.0354917278086955,0.1,False,True,False,True,True,False,False,True,False,True,False,True
ID77,1981-09-30,1981-12-31,1982-09-30,holdout_evaluation,4,0.47498958264043306,6697.502642894247,0.010988663886392086,236.50451691173149,0.03721076261206808,0.1,False,True,True,False,False,True,False,True,False,True,False,True
ID78,1981-09-30,1981-12-31,1982-09-30,holdout_evaluation,4,0.31222817957612126,2115.9534256571387,0.015498873281074778,227.79733552653187,0.026461895705322595,0.1,False,True,True,False,False,True,False,True,True,False,False,True
ID79,1981-09-30,1981-12-31,1982-09-30,holdout_evaluation,4,0.33451819896337187,11971.368087882016,0.0051534094980792665,762.6761596158227,0.045318110714580244,0.1,False,True,True,False,False,True,True,False,False,True,False,True
ID80,1981-09-30,1981-12-31,1982-09-30,holdout_evaluation,4,0.3888106131251312,2674.4444854695785,0.006752025370286949,336.0696978899424,0.00729851329747822,0.1,False,True,True,False,False,True,False,True,False,True,False,True
ID81,1981-09-30,1981-12-31,1982-09-30,holdout_evaluation,4,0.4002637416155017,1541.9001635080695,0.011171990216571125,132.6468990137976,0.043453117907702496,0.1,False,True,True,False,False,True,False,True,False,True,False,True
ID82,1981-09-30,1981-12-31,1982-09-30,holdout_evaluation,4,0.5540399382633495,17209.923998912942,0.04001273332273114,1039.7419234219485,0.024523915081236098,0.1,False,True,True,False,True,False,True,False,False,True,False,True
ID83,1981-09-30,1981-12-31,1982-09-30,holdout_evaluation,4,0.6760255121422696,11335.099653694502,0.03929018986905306,322.1079098061096,0.08113125726906248,0.1,False,True,True,False,True,False,False,True,False,True,False,True
ID85,1981-09-30,1981-12-31,1982-09-30,holdout_evaluation,4,0.5424090076488319,9.881687917701473,0.0030134817963473615,2.548653988813834,0.05131761714578375,0.1,False,True,False,True,False,True,False,True,False,True,False,True
ID87,1981-09-30,1981-12-31,1982-09-30,holdout_evaluation,4,0.33764187139236096,3499.0881386138826,0.00580475101964995,372.40464805971794,0.008608767407913408,0.1,False,True,True,False,False,True,False,True,False,True,False,True
ID58,1981-12-31,1982-03-31,1982-12-31,holdout_evaluation,1,0.7250533220768844,35.94769059417959,0.0007510035073900502,46.27115147441139,0.02820622483657906,0.1,False,True,False,True,False,True,False,True,False,True,False,True
ID71,1981-12-31,1982-03-31,1982-12-31,holdout_evaluation,1,0.1794811804210884,2.1533902409896597,0.003580156967285107,1.1405521278506063,0.04061108548119429,0.1,False,True,False,True,False,True,False,True,False,True,False,True
ID173,1982-06-30,1982-09-30,1983-06-30,holdout_evaluation,2,0.6920691237559574,333.4356529849189,0.04918358438899244,20.839448235575013,0.10517501098536877,0.1,False,True,False,True,True,False,False,True,False,True,False,True
ID174,1982-06-30,1982-09-30,1983-06-30,holdout_evaluation,1,0.7865263706963964,99.39726209215428,0.06345913636131036,14.992145404785775,0.2421131079044913,0.1,False,True,False,True,True,False,False,True,False,True,False,True
ID177,1982-06-30,1982-09-30,1983-06-30,holdout_evaluation,1,0.7990687273210823,672.6062689208401,0.05611859069729737,18.899489340600717,0.21861546472358082,0.1,False,True,False,True,True,False,False,True,False,True,False,True
ID59,1982-06-30,1982-09-30,1983-06-30,holdout_evaluation,1,0.39110759747648294,7829.230694016162,0.00011245064056042593,5126.479203145302,0.0680652827737615,0.1,False,True,True,False,False,True,True,False,False,True,False,True
ID0,1982-09-30,1982-12-31,1983-09-30,holdout_evaluation,3,0.7370973335691066,256.72888913470626,0.07597935782088983,15.192286003039298,0.9496600934246913,0.1,False,True,False,True,True,False,False,True,False,True,True,False
ID1,1982-09-30,1982-12-31,1983-09-30,holdout_evaluation,2,0.24280016891086004,16.16639762521637,0.03459240100361953,4.9231014512857465,0.1120067483080103,0.1,False,True,False,True,False,True,False,True,False,True,False,True
ID102,1982-09-30,1982-12-31,1983-09-30,holdout_evaluation,5,0.5017495606314231,1794.1859155192942,0.008736141739124348,250.4833226213513,0.045720621027129316,0.1,False,True,True,False,False,True,False,True,False,True,False,True
ID104,1982-09-30,1982-12-31,1983-09-30,holdout_evaluation,5,0.6882367293621034,265.6508824234765,0.014597225355249821,13.812551475191734,0.06334522298723871,0.1,False,True,False,True,False,True,False,True,False,True,False,True
ID105,1982-09-30,1982-12-31,1983-09-30,holdout_evaluation,5,0.5061804045974173,9.436332673917752,0.004989435109395443,2.4861660772412906,0.024854400405465556,0.1,False,True,False,True,False,True,False,True,False,True,False,True
ID107,1982-09-30,1982-12-31,1983-09-30,holdout_evaluation,5,0.48433794349561066,29.441823448973878,0.010780359153132428,3.92380385679439,0.05060357889669798,0.1,False,True,False,True,False,True,False,True,False,True,False,True
ID108,1982-09-30,1982-12-31,1983-09-30,holdout_evaluation,1,0.7634695532179644,978.5519669781424,0.03059721122581814,255.6075717806356,0.055778324085912934,0.1,False,True,False,True,False,True,False,True,False,True,False,True
ID109,1982-09-30,1982-12-31,1983-09-30,holdout_evaluation,1,0.7197114422641753,1968.619719208907,0.0368608950633931,637.1820172478941,0.07930185579829734,0.1,False,True,True,False,True,False,True,False,True,False,False,True
ID112,1982-09-30,1982-12-31,1983-09-30,holdout_evaluation,5,0.38645991116479106,44.240499768601495,0.0061426789882582655,12.578116054628115,0.03812140125030518,0.1,False,True,False,True,False,True,False,True,False,True,False,True
ID113,1982-09-30,1982-12-31,1983-09-30,holdout_evaluation,1,0.7526235733198968,37.09429854912475,0.06197984396460592,23.54396090044545,0.2738936723213309,0.1,False,True,False,True,True,False,False,True,False,True,False,True
ID115,1982-09-30,1982-12-31,1983-09-30,holdout_evaluation,5,0.4722244337481077,10.841549789467251,0.011399053962153164,1.9352436802874973,0.036058830847355255,0.1,False,True,False,True,False,True,False,True,False,True,False,True
ID116,1982-09-30,1982-12-31,1983-09-30,holdout_evaluation,1,0.28975220398741264,20.191379230653403,0.0032458232949165652,7.426230498428911,0.021211661325731435,0.1,False,True,False,True,False,True,False,True,False,True,False,True
ID117,1982-09-30,1982-12-31,1983-09-30,holdout_evaluation,1,0.255949667611898,9.288046222520864,0.004449030240943454,3.7845118341729904,0.020983484201983576,0.1,False,True,False,True,False,True,False,True,False,True,False,True
ID118,1982-09-30,1982-12-31,1983-09-30,holdout_evaluation,1,0.244327912882632,12.902172628593117,0.0041421522674140315,2.3928635188525176,0.003246068192335085,0.1,False,True,False,True,False,True,False,True,True,False,False,True
ID119,1982-09-30,1982-12-31,1983-09-30,holdout_evaluation,1,0.33612369568315603,5.145933555842271,0.0009317119467392508,1.0369631665601302,0.03942258982043583,0.1,False,True,False,True,False,True,False,True,False,True,False,True
ID126,1982-09-30,1982-12-31,1983-09-30,holdout_evaluation,2,0.44449126198616123,11.646442521761536,0.004396319632232217,1.6958157192476164,0.019430938344921517,0.1,False,True,False,True,False,True,False,True,False,True,False,True
ID127,1982-09-30,1982-12-31,1983-09-30,holdout_evaluation,1,0.07699203045218661,32.45792619285457,0.0039007321761741513,7.842323718407468,0.020014291494818884,0.1,False,True,False,True,False,True,False,True,False,True,False,True
ID128,1982-09-30,1982-12-31,1983-09-30,holdout_evaluation,1,0.20824772902419264,243.70664984342002,0.006571491293657339,80.32057025357858,0.03956600508174544,0.1,False,True,False,True,False,True,False,True,True,False,False,True
ID129,1982-09-30,1982-12-31,1983-09-30,holdout_evaluation,1,0.4654320611156004,19.291078087406422,0.007603493386281378,5.212405031348998,0.03431748277159234,0.1,False,True,False,True,False,True,False,True,False,True,False,True
ID130,1982-09-30,1982-12-31,1983-09-30,holdout_evaluation,1,0.23089909037838913,9.870316316306063,0.00724017870709334,1.2787213946207892,0.00839629816577784,0.1,False,True,False,True,False,True,False,True,False,True,False,True
ID131,1982-09-30,1982-12-31,1983-09-30,holdout_evaluation,1,0.12962862537452519,231.7890357913925,2.9567715483771496e-05,101.69617324771541,0.010784355017431503,0.1,False,True,False,True,False,True,False,True,False,True,False,True
ID137,1982-09-30,1982-12-31,1983-09-30,holdout_evaluation,1,0.34985083490618607,2.63793782902825,0.005727805919774755,1.9861092710807322,0.027442025487710818,0.1,False,True,False,True,False,True,False,True,False,True,False,True
ID138,1982-09-30,1982-12-31,1983-09-30,holdout_evaluation,1,0.8459602066022243,8.781160336691235,0.019652020651507993,4.050195861690219,0.09127196146829189,0.1,True,False,False,True,False,True,False,True,False,True,False,True
ID140,1982-09-30,1982-12-31,1983-09-30,holdout_evaluation,1,0.842484032242183,188.00265701514502,0.05445607579279359,10.82073422099699,0.12252318250690605,0.1,True,False,False,True,True,False,False,True,False,True,False,True
ID141,1982-09-30,1982-12-31,1983-09-30,holdout_evaluation,1,0.6088520119954188,6.6279223284525965,0.0024838711106994205,2.056796226243488,0.01971511346109615,0.1,False,True,False,True,False,True,False,True,False,True,False,True
ID142,1982-09-30,1982-12-31,1983-09-30,holdout_evaluation,1,0.30823591316992915,6.148083070209885,0.007610010002051961,1.5228021980930981,0.01709503593879545,0.1,False,True,False,True,False,True,False,True,False,True,False,True
ID143,1982-09-30,1982-12-31,1983-09-30,holdout_evaluation,1,0.3676506505452151,7.524847153040154,0.0012790887525607696,1.3034563846517468,0.04526349599205067,0.1,False,True,False,True,False,True,False,True,False,True,False,True
ID144,1982-09-30,1982-12-31,1983-09-30,holdout_evaluation,1,0.6055874866517617,14.34245246243127,0.010569864283676941,7.301528626040025,0.12196625706389283,0.1,False,True,False,True,False,True,False,True,True,False,False,True
ID145,1982-09-30,1982-12-31,1983-09-30,holdout_evaluation,1,0.21337887878669648,8.907480555697559,0.0031595918332261623,4.204544982959666,0.028114241453547545,0.1,False,True,False,True,False,True,False,True,False,True,False,True
ID154,1982-09-30,1982-12-31,1983-09-30,holdout_evaluation,1,0.5423544603472562,7.44768857278601,0.009279360907169965,2.7610710329936743,0.014284777985827023,0.1,False,True,False,True,False,True,False,True,False,True,False,True
ID155,1982-09-30,1982-12-31,1983-09-30,holdout_evaluation,1,0.3334650215158842,5.662789003553507,0.0015017153130099485,2.0010839057601353,0.07022239388298956,0.1,False,True,False,True,False,True,False,True,False,True,False,True
ID156,1982-09-30,1982-12-31,1983-09-30,holdout_evaluation,2,0.44449126198616123,11.646442521761536,0.004396319632232217,1.6958157192476164,0.019430938344921517,0.1,False,True,False,True,False,True,False,True,True,False,False,True
ID157,1982-09-30,1982-12-31,1983-09-30,holdout_evaluation,1,0.4878731781228395,59.573008866726795,0.023908327008906227,32.65096435270974,0.017001008527317313,0.1,False,True,False,True,False,True,False,True,False,True,False,True
ID158,1982-09-30,1982-12-31,1983-09-30,holdout_evaluation,1,0.45507787318161796,7.145862143702294,0.013096181927941944,4.059899179220333,0.03472574297355628,0.1,False,True,False,True,False,True,False,True,False,True,False,True
ID159,1982-09-30,1982-12-31,1983-09-30,holdout_evaluation,1,0.3382262389912343,55.30902684065082,0.002461476596890092,17.10692471443091,0.043839413125628966,0.1,False,True,False,True,False,True,False,True,False,True,False,True
ID160,1982-09-30,1982-12-31,1983-09-30,holdout_evaluation,1,0.394993507644266,2.0406957564508073,0.007821449269467661,3.090856349806408,0.08233758588595907,0.1,False,True,False,True,False,True,False,True,False,True,False,True
ID161,1982-09-30,1982-12-31,1983-09-30,holdout_evaluation,1,0.35312231075146105,3.990688236458382,0.0035728108408880094,3.912234199087591,0.05087279481555797,0.1,False,True,False,True,False,True,False,True,False,True,False,True
ID164,1982-09-30,1982-12-31,1983-09-30,holdout_evaluation,2,0.5715892570534409,59.91166426781109,0.10978668208252634,16.115284808402684,0.17399687543858067,0.1,False,True,False,True,True,False,False,True,False,True,False,True
ID165,1982-09-30,1982-12-31,1983-09-30,holdout_evaluation,4,0.5945143904143024,195.49237199283994,0.023696655422906707,12.222377200530339,0.23933034923439117,0.1,False,True,False,True,False,True,False,True,True,False,False,True
ID166,1982-09-30,1982-12-31,1983-09-30,holdout_evaluation,1,0.7578823322657399,3331977062.225342,0.04360743414364843,5.55396096330289,0.055787597201630686,0.1,False,True,True,False,True,False,False,True,False,True,False,True
ID167,1982-09-30,1982-12-31,1983-09-30,holdout_evaluation,1,0.511273937130765,35.329011446527275,0.005929075548081392,10.69689090752817,0.18710052939924934,0.1,False,True,False,True,False,True,False,True,False,True,False,True
ID176,1982-09-30,1982-12-31,1983-09-30,holdout_evaluation,1,0.7761994082489565,7.333657317003606,0.04468186939646393,8.595711089921753,0.44799032353468127,0.1,False,True,False,True,True,False,False,True,False,True,True,False
ID192,1982-09-30,1982-12-31,1983-09-30,holdout_evaluation,1,0.6730336025916344,14.424590847343406,0.013799951109003613,6.373597644880556,0.050819898441872076,0.1,False,True,False,True,False,True,False,True,False,True,False,True
ID193,1982-09-30,1982-12-31,1983-09-30,holdout_evaluation,2,0.7612209470403459,125.47856395522757,0.02599990443629001,35.39582949376361,0.012464868371788626,0.1,False,True,False,True,False,True,False,True,False,True,False,True
ID194,1982-09-30,1982-12-31,1983-09-30,holdout_evaluation,3,0.33047407734579626,6.098109838587892,0.012364375206259832,2.8005667339493083,0.0037581480744632236,0.1,False,True,False,True,False,True,False,True,False,True,False,True
ID195,1982-09-30,1982-12-31,1983-09-30,holdout_evaluation,3,0.5436276484096294,11.378750977000548,0.0013863801858328972,2.5609071677489537,0.06574031119713018,0.1,False,True,False,True,False,True,False,True,False,True,False,True
ID196,1982-09-30,1982-12-31,1983-09-30,holdout_evaluation,3,0.7288541018279888,2664.4233021489617,0.10374401626722421,673.0071574278701,0.8266372333964048,0.1,False,True,True,False,True,False,True,False,False,True,True,False
ID197,1982-09-30,1982-12-31,1983-09-30,holdout_evaluation,2,0.30443443105557827,3.8998784346618436,0.003339707827784408,0.7015915389058213,0.009239537530441416,0.1,False,True,False,True,False,True,False,True,False,True,False,True
ID198,1982-09-30,1982-12-31,1983-09-30,holdout_evaluation,3,0.30630630679709836,46.736217823729305,0.0011131342073509467,11.247544369466496,0.044179103526336694,0.1,False,True,False,True,False,True,False,True,False,True,False,True
ID199,1982-09-30,1982-12-31,1983-09-30,holdout_evaluation,3,0.5390312542368895,24.35309636553466,0.018568166022012427,4.719405770833932,0.16926423467995533,0.1,False,True,False,True,False,True,False,True,False,True,False,True
ID2,1982-09-30,1982-12-31,1983-09-30,holdout_evaluation,2,0.7242184954841531,160.48794316282613,0.034129412534205136,28.041352990511765,0.06802830843702849,0.1,False,True,False,True,False,True,False,True,False,True,False,True
ID200,1982-09-30,1982-12-31,1983-09-30,holdout_evaluation,3,0.6269721169862918,14.387146622454448,0.024765539388781593,5.0337069627044215,0.2538647468036808,0.1,False,True,False,True,False,True,False,True,False,True,False,True
ID201,1982-09-30,1982-12-31,1983-09-30,holdout_evaluation,3,0.2883334783337662,78.47092078264846,0.004218014639029039,10.371579932576752,0.006239672867066275,0.1,False,True,False,True,False,True,False,True,False,True,False,True
ID202,1982-09-30,1982-12-31,1983-09-30,holdout_evaluation,3,0.7585639504419914,47.14586001561541,0.09565491749566807,5.887035248559594,1.1261294574518776,0.1,False,True,False,True,True,False,False,True,False,True,True,False
ID23,1982-09-30,1982-12-31,1983-09-30,holdout_evaluation,1,0.7842543655273233,558.6403905049239,0.013682042181342391,328.36746450183534,0.12754170743822918,0.1,False,True,False,True,False,True,False,True,False,True,False,True
ID24,1982-09-30,1982-12-31,1983-09-30,holdout_evaluation,1,0.801497848547666,1761.9594042049412,0.0018907316150640202,264.2744639628659,0.12778146961913356,0.1,False,True,True,False,False,True,False,True,True,False,False,True
ID25,1982-09-30,1982-12-31,1983-09-30,holdout_evaluation,1,0.8260009460850402,1215.1832193619796,0.026034485856390857,294.30578462317993,0.1467190354517453,0.1,True,False,False,True,False,True,False,True,False,True,False,True
ID26,1982-09-30,1982-12-31,1983-09-30,holdout_evaluation,2,0.6207111158673203,12.118250452903784,0.009622990973334402,13.705292133149845,0.09830311438948605,0.1,False,True,False,True,False,True,False,True,False,True,False,True
ID28,1982-09-30,1982-12-31,1983-09-30,holdout_evaluation,2,0.7156609123120798,11149.661419711603,0.09253533251853692,21237.932501594398,0.12952179200360753,0.1,False,True,True,False,True,False,True,False,False,True,False,True
ID29,1982-09-30,1982-12-31,1983-09-30,holdout_evaluation,2,0.8437676003161598,3696.5638557381308,0.02902144842398613,614.086018516352,0.47639046753886516,0.1,True,False,True,False,False,True,True,False,True,False,True,False
ID31,1982-09-30,1982-12-31,1983-09-30,holdout_evaluation,2,0.7103341499759077,187.24745010158375,0.015474989004167841,52.92283990686696,0.2543963443308582,0.1,False,True,False,True,False,True,False,True,False,True,False,True
ID32,1982-09-30,1982-12-31,1983-09-30,holdout_evaluation,2,0.7939841967108618,92019.15821563524,0.05217049108295507,56449.839319411214,0.29461168911892444,0.1,False,True,True,False,True,False,True,False,False,True,False,True
ID42,1982-09-30,1982-12-31,1983-09-30,holdout_evaluation,1,0.7334790668602761,43.53501281291251,0.03238022699628808,108.03113417482646,0.04228847332387927,0.1,False,True,False,True,False,True,False,True,False,True,False,True
ID43,1982-09-30,1982-12-31,1983-09-30,holdout_evaluation,1,0.3570570428348976,14.904492489708183,0.009870929041821934,3.3032542932458218,0.01532293597200714,0.1,False,True,False,True,False,True,False,True,False,True,False,True
ID46,1982-09-30,1982-12-31,1983-09-30,holdout_evaluation,1,0.5506722907729049,19.204492171553454,0.009470013909827586,4.338718097219036,0.02375217796199589,0.1,False,True,False,True,False,True,False,True,False,True,False,True
ID55,1982-09-30,1982-12-31,1983-09-30,holdout_evaluation,5,0.561155846808642,281.41942934413316,0.05289020889638141,43.667677682256695,0.05224705225674095,0.1,False,True,False,True,True,False,False,True,False,True,False,True
ID63,1982-09-30,1982-12-31,1983-09-30,holdout_evaluation,1,0.7830643932907595,17.000284607850478,0.009183525145464111,5.3331962516296665,0.2165899280952448,0.1,False,True,False,True,False,True,False,True,False,True,False,True
ID64,1982-09-30,1982-12-31,1983-09-30,holdout_evaluation,1,0.5549905105879183,17.76569101225658,0.00949526971122333,3.998652810888406,0.03662927151726754,0.1,False,True,False,True,False,True,False,True,True,False,False,True
ID77,1982-09-30,1982-12-31,1983-09-30,holdout_evaluation,5,0.474843957848141,7136.372195186575,0.014365329135945362,222.31474108465994,0.02833104102026923,0.1,False,True,True,False,False,True,False,True,False,True,False,True
ID78,1982-09-30,1982-12-31,1983-09-30,holdout_evaluation,5,0.3717612558707693,5959.1816039491605,0.012839593191698345,206.12657828258395,0.05089852506591866,0.1,False,True,True,False,False,True,False,True,False,True,False,True
ID79,1982-09-30,1982-12-31,1983-09-30,holdout_evaluation,5,0.2893245930594962,11282.006173180318,0.0066860575192318195,873.7996321270516,0.04057990939284434,0.1,False,True,True,False,False,True,True,False,False,True,False,True
ID8,1982-09-30,1982-12-31,1983-09-30,holdout_evaluation,1,0.7638881232565631,3133.3170955731603,0.020253967042888343,915.3663187656434,0.270369690888848,0.1,False,True,True,False,False,True,True,False,False,True,False,True
ID80,1982-09-30,1982-12-31,1983-09-30,holdout_evaluation,5,0.2567960852106315,1336.8031216616741,0.008217990449542249,294.4929135077477,0.04334220397513254,0.1,False,True,False,True,False,True,False,True,False,True,False,True
ID81,1982-09-30,1982-12-31,1983-09-30,holdout_evaluation,5,0.40617740455764656,1684.3841957824588,0.013867645412846625,129.9351684783182,0.0368346628558542,0.1,False,True,True,False,False,True,False,True,True,False,False,True
ID82,1982-09-30,1982-12-31,1983-09-30,holdout_evaluation,5,0.3869107018349726,11817.72052675304,0.03789706553228647,924.3955396748918,0.08149672895847321,0.1,False,True,True,False,True,False,True,False,True,False,False,True
ID83,1982-09-30,1982-12-31,1983-09-30,holdout_evaluation,5,0.42992421277748394,2761.3571521248423,0.03004830934022393,310.6841607889851,0.12971314977547194,0.1,False,True,True,False,False,True,False,True,False,True,False,True
ID85,1982-09-30,1982-12-31,1983-09-30,holdout_evaluation,5,0.5575435149179327,13.202483279379319,0.0064770991032054095,2.540113318665838,0.03517844678143463,0.1,False,True,False,True,False,True,False,True,False,True,False,True
ID87,1982-09-30,1982-12-31,1983-09-30,holdout_evaluation,5,0.21803831190754108,2585.717086581455,0.006002337473371605,333.979821847621,0.020357930565897474,0.1,False,True,True,False,False,True,False,True,False,True,False,True
ID89,1982-09-30,1982-12-31,1983-09-30,holdout_evaluation,1,0.8243782367239154,35.11039048922022,0.011952040407976872,5.323638211071909,0.18299122934984594,0.1,True,False,False,True,False,True,False,True,False,True,False,True
ID9,1982-09-30,1982-12-31,1983-09-30,holdout_evaluation,1,0.7044311449761234,2745.224687846478,0.006613277376571865,674.1669622487444,0.1263351541895253,0.1,False,True,True,False,False,True,True,False,False,True,False,True
ID90,1982-09-30,1982-12-31,1983-09-30,holdout_evaluation,1,0.8279754306474644,24.089934830063733,0.05039475898756951,6.259401947074012,0.25511103672100155,0.1,True,False,False,True,True,False,False,True,False,True,False,True
ID110,1982-12-31,1983-03-31,1983-12-31,holdout_evaluation,1,0.7660160992421168,16.73093039830045,0.0055048548460367025,17.255424956774615,0.2137007434177795,0.1,False,True,False,True,False,True,False,True,False,True,False,True
ID111,1982-12-31,1983-03-31,1983-12-31,holdout_evaluation,1,0.6024670959522747,200.92133382864074,0.008388604937757626,117.15639308757912,0.051776453579583236,0.1,False,True,False,True,False,True,False,True,False,True,False,True
ID114,1982-12-31,1983-03-31,1983-12-31,holdout_evaluation,1,0.6176873305215169,1036.6112891594985,0.0168706364560983,488.7111155198217,0.1215550527635789,0.1,False,True,False,True,False,True,True,False,False,True,False,True
ID58,1982-12-31,1983-03-31,1983-12-31,holdout_evaluation,2,0.7255084818908765,38.28198062368815,0.0015020070147801004,31.992904720335495,0.0280730444406201,0.1,False,True,False,True,False,True,False,True,False,True,False,True
ID71,1982-12-31,1983-03-31,1983-12-31,holdout_evaluation,2,0.4887526291157328,12.005987806728186,0.0038679787005194747,2.4720396793059605,0.020735849405776927,0.1,False,True,False,True,False,True,False,True,True,False,False,True
ID13,1983-03-31,1983-06-30,1984-03-31,holdout_evaluation,1,0.5003687735838915,3325.286100214248,0.006434036350416131,1132.7957391181285,0.01084979787031208,0.1,False,True,True,False,False,True,True,False,False,True,False,True
ID14,1983-03-31,1983-06-30,1984-03-31,holdout_evaluation,1,0.5598934428191015,26483.507163882277,0.026595776125799657,12169.503164464975,0.039625051459614466,0.1,False,True,True,False,False,True,True,False,False,True,False,True
ID15,1983-03-31,1983-06-30,1984-03-31,holdout_evaluation,1,0.5876049189235979,13913.053883962459,0.014241400559428227,4171.7718264920195,0.25511473625986736,0.1,False,True,True,False,False,True,True,False,False,True,False,True
ID16,1983-03-31,1983-06-30,1984-03-31,holdout_evaluation,1,0.34359937778212324,66048.05522076788,0.005021651793236076,59161.30234756152,0.03632374891842982,0.1,False,True,True,False,False,True,True,False,False,True,False,True
ID17,1983-03-31,1983-06-30,1984-03-31,holdout_evaluation,1,0.5407504940204064,68391.94494869035,0.04328951730122612,16682.388661620094,0.1297843302085966,0.1,False,True,True,False,True,False,True,False,False,True,False,True
ID18,1983-03-31,1983-06-30,1984-03-31,holdout_evaluation,1,0.724934356848338,18843.50508099169,0.05040131242644447,6862.66861639649,0.2472540433273578,0.1,False,True,True,False,True,False,True,False,False,True,False,True
ID19,1983-03-31,1983-06-30,1984-03-31,holdout_evaluation,1,0.5459561285177342,120906.11374533066,0.015072625127387954,70474.23809654724,0.062333534765949744,0.1,False,True,True,False,False,True,True,False,False,True,False,True
ID21,1983-03-31,1983-06-30,1984-03-31,holdout_evaluation,1,0.402700632184402,7829.659950743111,0.00011153462476521346,5126.632337281222,0.06806558895587897,0.1,False,True,True,False,False,True,True,False,True,False,False,True
ID33,1983-03-31,1983-06-30,1984-03-31,holdout_evaluation,1,0.33933475074226394,16.68938439793179,0.00016394587010316354,11.627130441568854,0.006274179688904026,0.1,False,True,False,True,False,True,False,True,False,True,False,True
ID34,1983-03-31,1983-06-30,1984-03-31,holdout_evaluation,1,0.7538444054483249,421.37474276355226,0.04560503481097339,248.87159099213994,0.1565842825385421,0.1,False,True,False,True,True,False,False,True,False,True,False,True
ID37,1983-03-31,1983-06-30,1984-03-31,holdout_evaluation,1,0.7296371579599191,12346.918002403398,0.036143027815235707,11919.787522828272,0.4005237151740489,0.1,False,True,True,False,False,True,True,False,False,True,True,False
ID38,1983-03-31,1983-06-30,1984-03-31,holdout_evaluation,1,0.781081609468541,25431.543618989275,0.17640694234275756,4527.843289897085,0.09881714823976662,0.1,False,True,True,False,True,False,True,False,False,True,False,True
ID39,1983-03-31,1983-06-30,1984-03-31,holdout_evaluation,1,0.5088156930610951,355141.2057156982,0.09656329473651429,58934.0827434337,0.15289347310877566,0.1,False,True,True,False,True,False,True,False,False,True,False,True
ID4,1983-03-31,1983-06-30,1984-03-31,holdout_evaluation,1,0.4420557621724854,130820.42369407782,0.010254186295398213,28595.529597261575,0.01849703187091977,0.1,False,True,True,False,False,True,True,False,False,True,False,True
ID40,1983-03-31,1983-06-30,1984-03-31,holdout_evaluation,1,0.7477702213600411,17804.956375967733,0.060591486655254045,11699.833299798496,0.19678090145888952,0.1,False,True,True,False,True,False,True,False,False,True,False,True
ID5,1983-03-31,1983-06-30,1984-03-31,holdout_evaluation,1,0.6556432856721236,120.71674438870214,0.014922095061697331,70.40480811935772,0.0623794875387469,0.1,False,True,False,True,False,True,False,True,True,False,False,True
ID57,1983-03-31,1983-06-30,1984-03-31,holdout_evaluation,1,0.5183831397505663,502.3481085125115,0.005009220260048207,450.0136900991728,0.0363108320871829,0.1,False,True,False,True,False,True,False,True,False,True,False,True
ID7,1983-03-31,1983-06-30,1984-03-31,holdout_evaluation,1,0.5747358474892293,45.06457424281757,0.027205520030759357,7.9276489609770175,0.09864741417615104,0.1,False,True,False,True,False,True,False,True,False,True,False,True
ID173,1983-06-30,1983-09-30,1984-06-30,holdout_evaluation,3,0.7490762698782714,461.1255988032775,0.04687815113615831,19.00052454025543,0.16376638542583183,0.1,False,True,False,True,True,False,False,True,False,True,False,True
ID174,1983-06-30,1983-09-30,1984-06-30,holdout_evaluation,2,0.49475448469510264,73.56867755396806,0.05384897481387699,15.461229563852838,0.1999561220847313,0.1,False,True,False,True,True,False,False,True,False,True,False,True
ID177,1983-06-30,1983-09-30,1984-06-30,holdout_evaluation,2,0.8201493700636171,514.6427724861758,0.054133989804983115,19.48507879534763,0.24065326190672431,0.1,True,False,False,True,True,False,False,True,False,True,False,True
ID59,1983-06-30,1983-09-30,1984-06-30,holdout_evaluation,2,0.4798765672922844,29241.82336626505,0.00022490128112085186,8025.360657231386,0.05266312902956907,0.1,False,True,True,False,False,True,True,False,False,True,False,True
ID0,1983-09-30,1983-12-31,1984-09-30,holdout_evaluation,4,0.8608382906312844,273.4183380610822,0.13345259325947478,12.134070127938344,0.5807283756855287,0.1,True,False,False,True,True,False,False,True,True,False,True,False
ID1,1983-09-30,1983-12-31,1984-09-30,holdout_evaluation,3,0.4036299187575938,33.784852311689036,0.04562473372093464,4.945434216300146,0.014548449164873382,0.1,False,True,False,True,True,False,False,True,False,True,False,True
ID10,1983-09-30,1983-12-31,1984-09-30,holdout_evaluation,1,0.5343568892808553,42.99540954885644,0.03014774483151498,7.554078568687408,0.09852394979634468,0.1,False,True,False,True,False,True,False,True,False,True,False,True
ID102,1983-09-30,1983-12-31,1984-09-30,holdout_evaluation,6,0.557222150435699,6458.4785783893685,0.008351519547409623,272.78817074295074,0.03406798220985244,0.1,False,True,True,False,False,True,False,True,False,True,False,True
ID104,1983-09-30,1983-12-31,1984-09-30,holdout_evaluation,6,0.5784928847282121,165.08364877488128,0.013421145985590063,14.496661821712086,0.023923594422003064,0.1,False,True,False,True,False,True,False,True,False,True,False,True
ID105,1983-09-30,1983-12-31,1984-09-30,holdout_evaluation,6,0.4899070192596376,19.414901245771453,0.004989435109395443,2.623333112047021,0.031282118769851264,0.1,False,True,False,True,False,True,False,True,False,True,False,True
ID107,1983-09-30,1983-12-31,1984-09-30,holdout_evaluation,6,0.46076712205069176,27.670693535277618,0.02042637786685999,4.0643078121842935,0.024447031149550366,0.1,False,True,False,True,False,True,False,True,False,True,False,True
ID108,1983-09-30,1983-12-31,1984-09-30,holdout_evaluation,2,0.8257755565934599,1168.0285159969173,0.019142824125589764,183.13829890167096,0.2247955372920236,0.1,True,False,False,True,False,True,False,True,False,True,False,True
ID109,1983-09-30,1983-12-31,1984-09-30,holdout_evaluation,2,0.7505765835885553,2745.560921654018,0.026119377003080063,543.4927298487044,0.1270596032900316,0.1,False,True,True,False,False,True,True,False,False,True,False,True
ID112,1983-09-30,1983-12-31,1984-09-30,holdout_evaluation,6,0.5141818430942466,115.76218191763257,0.012019711046601957,12.875444240979194,0.023561675674168666,0.1,False,True,False,True,False,True,False,True,False,True,False,True
ID113,1983-09-30,1983-12-31,1984-09-30,holdout_evaluation,2,0.7877918745724606,440.997852175772,0.06931103156757498,31.675520091816374,0.40507408350724605,0.1,False,True,False,True,True,False,False,True,False,True,True,False
ID115,1983-09-30,1983-12-31,1984-09-30,holdout_evaluation,6,0.5377079464887137,19.693575055702976,0.008091229960059624,1.9941159329659157,0.022307219252453752,0.1,False,True,False,True,False,True,False,True,False,True,False,True
ID116,1983-09-30,1983-12-31,1984-09-30,holdout_evaluation,2,0.19733862829345283,21.580521779043337,0.003034468338411124,6.874085997276385,0.038491216305860346,0.1,False,True,False,True,False,True,False,True,False,True,False,True
ID117,1983-09-30,1983-12-31,1984-09-30,holdout_evaluation,2,0.15429491094934056,16.230981021995763,0.0049763193757664526,3.7239170689783094,0.025973147251907563,0.1,False,True,False,True,False,True,False,True,False,True,False,True
ID118,1983-09-30,1983-12-31,1984-09-30,holdout_evaluation,2,0.30352706113490746,9.68233950805072,0.008284304534828063,1.8973130011697383,0.042203897522285434,0.1,False,True,False,True,False,True,False,True,False,True,False,True
ID119,1983-09-30,1983-12-31,1984-09-30,holdout_evaluation,2,0.30593311534852086,1.860260270830739,0.0018634238934785016,1.5778316680903297,0.02731816046426944,0.1,False,True,False,True,False,True,False,True,True,False,False,True
ID126,1983-09-30,1983-12-31,1984-09-30,holdout_evaluation,3,0.3978127847260523,7.394525686939771,0.0018225095779237019,1.5549685569753384,0.012736272513694325,0.1,False,True,False,True,False,True,False,True,False,True,False,True
ID127,1983-09-30,1983-12-31,1984-09-30,holdout_evaluation,2,0.21166105703572863,57.03878180710634,0.0064564901124414984,8.67798550077984,0.017482992085572822,0.1,False,True,False,True,False,True,False,True,False,True,False,True
ID128,1983-09-30,1983-12-31,1984-09-30,holdout_evaluation,2,0.34085318723755686,609.3270485817097,0.013142982587314675,88.33519965737631,0.013043809440092634,0.1,False,True,False,True,False,True,False,True,False,True,False,True
ID129,1983-09-30,1983-12-31,1984-09-30,holdout_evaluation,2,0.5087490097544639,31.979497980477788,0.0011089962759253183,4.439159683783549,0.06674666886057057,0.1,False,True,False,True,False,True,False,True,False,True,False,True
ID130,1983-09-30,1983-12-31,1984-09-30,holdout_evaluation,2,0.27827079033211033,12.248945200554346,0.006158599272501928,1.0396457633739047,0.010743281016523549,0.1,False,True,False,True,False,True,False,True,False,True,False,True
ID131,1983-09-30,1983-12-31,1984-09-30,holdout_evaluation,2,0.12834140575198882,239.95274755822584,5.075226278292502e-05,91.36402480656568,0.012328737044866053,0.1,False,True,False,True,False,True,False,True,False,True,False,True
ID134,1983-09-30,1983-12-31,1984-09-30,holdout_evaluation,1,0.798119674931798,1301.4357217122995,0.2907829514519754,127.1134094996028,0.21245508271301244,0.1,False,True,False,True,True,False,False,True,False,True,False,True
ID137,1983-09-30,1983-12-31,1984-09-30,holdout_evaluation,2,0.3292116247152601,7.793170571582783,0.0022643916466186693,1.8393993411272604,0.033337198353111386,0.1,False,True,False,True,False,True,False,True,False,True,False,True
ID138,1983-09-30,1983-12-31,1984-09-30,holdout_evaluation,2,0.8310606751089087,15.050826821346245,0.034524661043025345,3.290714254797412,0.14646830639285147,0.1,True,False,False,True,False,True,False,True,False,True,False,True
ID140,1983-09-30,1983-12-31,1984-09-30,holdout_evaluation,2,0.8288822553662981,103.56274850886287,0.04681202800347442,9.563946892718402,0.058691374946993065,0.1,True,False,False,True,True,False,False,True,False,True,False,True
ID141,1983-09-30,1983-12-31,1984-09-30,holdout_evaluation,2,0.6199276686495087,5.615975172555782,0.004689937823713332,1.7961384859834533,0.05881517246406793,0.1,False,True,False,True,False,True,False,True,False,True,False,True
ID142,1983-09-30,1983-12-31,1984-09-30,holdout_evaluation,2,0.340666957778627,2.97392982837404,0.008649649672599381,1.3328122320336202,0.008383866778158692,0.1,False,True,False,True,False,True,False,True,False,True,False,True
ID143,1983-09-30,1983-12-31,1984-09-30,holdout_evaluation,2,0.41481544334405807,2.156785101958729,0.0025581775051215392,1.8690977402034568,0.02629555403778593,0.1,False,True,False,True,False,True,False,True,False,True,False,True
ID144,1983-09-30,1983-12-31,1984-09-30,holdout_evaluation,2,0.6192994457594362,17.439914440069728,0.01958374934628916,7.22705391645046,0.04449195280091488,0.1,False,True,False,True,False,True,False,True,True,False,False,True
ID145,1983-09-30,1983-12-31,1984-09-30,holdout_evaluation,2,0.16617843373419483,33.92574708939735,0.006319183666452324,4.296687438922156,0.007253042087437228,0.1,False,True,False,True,False,True,False,True,False,True,False,True
ID154,1983-09-30,1983-12-31,1984-09-30,holdout_evaluation,2,0.49927062030090574,4.852856021632976,0.010511638536353212,2.245087268502974,0.010797908085411752,0.1,False,True,False,True,False,True,False,True,False,True,False,True
ID155,1983-09-30,1983-12-31,1984-09-30,holdout_evaluation,2,0.4473677462811203,8.823531798544014,0.003003430626019897,2.517213692698154,0.02372940366152207,0.1,False,True,False,True,False,True,False,True,False,True,False,True
ID156,1983-09-30,1983-12-31,1984-09-30,holdout_evaluation,3,0.3978127847260523,7.394525686939771,0.0018225095779237019,1.5549685569753384,0.012736272513694325,0.1,False,True,False,True,False,True,False,True,False,True,False,True
ID157,1983-09-30,1983-12-31,1984-09-30,holdout_evaluation,2,0.47876504617975335,52.17498858484516,0.03202183353091059,25.928821943899088,0.062146195102299406,0.1,False,True,False,True,False,True,False,True,False,True,False,True
ID158,1983-09-30,1983-12-31,1984-09-30,holdout_evaluation,2,0.3874286473609884,6.351189180281478,0.01279327242570942,3.430619901203008,0.036317110709077054,0.1,False,True,False,True,False,True,False,True,False,True,False,True
ID159,1983-09-30,1983-12-31,1984-09-30,holdout_evaluation,2,0.3759779350240682,103.6144051290216,0.004922953193780184,19.202433319599123,0.011664057652713033,0.1,False,True,False,True,False,True,False,True,True,False,False,True
ID160,1983-09-30,1983-12-31,1984-09-30,holdout_evaluation,2,0.39415984503198026,46.52649201332934,0.011972188050486395,3.4737618426780146,0.05486197207416382,0.1,False,True,False,True,False,True,False,True,False,True,False,True
ID161,1983-09-30,1983-12-31,1984-09-30,holdout_evaluation,2,0.3116188599823254,56.54847864642343,0.007145621681776019,3.861516059650914,0.01872381187515391,0.1,False,True,False,True,False,True,False,True,False,True,False,True
ID164,1983-09-30,1983-12-31,1984-09-30,holdout_evaluation,3,0.6796305247808784,282.45759161016457,0.07179502970085684,13.450134387098855,0.17066147379086766,0.1,False,True,False,True,True,False,False,True,False,True,False,True
ID165,1983-09-30,1983-12-31,1984-09-30,holdout_evaluation,5,0.6861861621967377,164.23367955086457,0.057014332798780556,14.068046201884277,0.040755165534700856,0.1,False,True,False,True,True,False,False,True,False,True,False,True
ID166,1983-09-30,1983-12-31,1984-09-30,holdout_evaluation,2,0.7218992775310489,1288508920.669556,0.25773336194739527,4.096343861106546,0.3174910566207639,0.1,False,True,True,False,True,False,False,True,False,True,True,False
ID167,1983-09-30,1983-12-31,1984-09-30,holdout_evaluation,2,0.6833464537088212,85.33333058660082,0.02939096141819708,12.67902559910149,0.11775345881070683,0.1,False,True,False,True,False,True,False,True,False,True,False,True
ID168,1983-09-30,1983-12-31,1984-09-30,holdout_evaluation,1,0.8311676783653124,7.598748001876258,0.004294034686128767,5.631359840505487,0.6774724545277259,0.1,True,False,False,True,False,True,False,True,False,True,True,False
ID176,1983-09-30,1983-12-31,1984-09-30,holdout_evaluation,2,0.6534028561555885,441.6056373054836,0.11557360536226469,12.730943464307206,0.03810734586940139,0.1,False,True,False,True,True,False,False,True,False,True,False,True
ID192,1983-09-30,1983-12-31,1984-09-30,holdout_evaluation,2,0.6833505754713569,22.8307887826807,0.010459187064927405,5.428376599159813,0.01905197783403839,0.1,False,True,False,True,False,True,False,True,False,True,False,True
ID193,1983-09-30,1983-12-31,1984-09-30,holdout_evaluation,3,0.742911817746914,131.74592933438691,0.03156669715055799,27.990612076925593,0.2602175302919236,0.1,False,True,False,True,False,True,False,True,False,True,False,True
ID194,1983-09-30,1983-12-31,1984-09-30,holdout_evaluation,4,0.33559890156696803,4.878292097238315,0.011916721281821557,2.214389371275525,0.006838091914816725,0.1,False,True,False,True,False,True,False,True,False,True,False,True
ID195,1983-09-30,1983-12-31,1984-09-30,holdout_evaluation,4,0.4541661357859002,8.400112259218428,0.0024809808745215323,2.2393847457060065,0.07099810276947693,0.1,False,True,False,True,False,True,False,True,False,True,False,True
ID196,1983-09-30,1983-12-31,1984-09-30,holdout_evaluation,4,0.8114091447379932,3168.035387973729,0.20748803253444842,678.0984228302341,0.4674508820896506,0.1,True,False,True,False,True,False,True,False,True,False,True,False
ID197,1983-09-30,1983-12-31,1984-09-30,holdout_evaluation,3,0.19241655418695613,4.502179559978369,0.002658182347307082,0.6462647362825777,0.01280591804077845,0.1,False,True,False,True,False,True,False,True,False,True,False,True
ID198,1983-09-30,1983-12-31,1984-09-30,holdout_evaluation,4,0.4623170412403031,69.3794689263005,0.0022262684147018926,26.65282156899844,0.006771044014947463,0.1,False,True,False,True,False,True,False,True,False,True,False,True
ID199,1983-09-30,1983-12-31,1984-09-30,holdout_evaluation,4,0.5935196854289077,27.588855175343774,0.037136332044024854,5.944122589882396,0.15942737139332247,0.1,False,True,False,True,True,False,False,True,False,True,False,True
ID2,1983-09-30,1983-12-31,1984-09-30,holdout_evaluation,3,0.7333730797191753,112.38185893628099,0.04645364305689931,22.745297631618797,0.0779077479221168,0.1,False,True,False,True,True,False,False,True,False,True,False,True
ID200,1983-09-30,1983-12-31,1984-09-30,holdout_evaluation,4,0.6248061492397055,32.10814758182431,0.034330505747283746,5.82577530518362,0.14639886752052453,0.1,False,True,False,True,False,True,False,True,False,True,False,True
ID201,1983-09-30,1983-12-31,1984-09-30,holdout_evaluation,4,0.35100417191848166,43.2582437290997,0.00694829267729773,8.421513003927418,0.007233269014540364,0.1,False,True,False,True,False,True,False,True,False,True,False,True
ID202,1983-09-30,1983-12-31,1984-09-30,holdout_evaluation,4,0.7337852760068424,44.815957203437556,0.16605989483658545,5.557626670458789,0.97268853372442,0.1,False,True,False,True,True,False,False,True,False,True,True,False
ID23,1983-09-30,1983-12-31,1984-09-30,holdout_evaluation,2,0.8456838349492555,3217.745763149698,0.0018873911651192676,234.6946897160106,0.08370022161558793,0.1,True,False,True,False,False,True,False,True,False,True,False,True
ID24,1983-09-30,1983-12-31,1984-09-30,holdout_evaluation,2,0.7963187295056462,3051.684903086726,0.0037814632301280404,196.31863989796176,0.09719962725186443,0.1,False,True,True,False,False,True,False,True,False,True,False,True
ID25,1983-09-30,1983-12-31,1984-09-30,holdout_evaluation,2,0.7705787376436686,1368.5485374282725,0.000340881460609066,227.10119133247073,0.09719962725186443,0.1,False,True,False,True,False,True,False,True,False,True,False,True
ID26,1983-09-30,1983-12-31,1984-09-30,holdout_evaluation,3,0.6252395040800584,43.741771317115365,0.019245981946668805,22.682915444208767,0.12969832235432624,0.1,False,True,False,True,False,True,False,True,True,False,False,True
ID28,1983-09-30,1983-12-31,1984-09-30,holdout_evaluation,3,0.7570135279194408,44122.989977250654,0.0351048703159533,14908.801451550715,0.2364433685638157,0.1,False,True,True,False,False,True,True,False,False,True,False,True
ID29,1983-09-30,1983-12-31,1984-09-30,holdout_evaluation,3,0.7454050799064678,3420.408342874368,0.05804289684797226,460.320226487086,0.2521441965467549,0.1,False,True,True,False,True,False,True,False,False,True,False,True
ID31,1983-09-30,1983-12-31,1984-09-30,holdout_evaluation,3,0.7678032206414929,115.49403477800486,0.030949978008335682,87.2156265157145,0.2303942856887396,0.1,False,True,False,True,False,True,False,True,False,True,False,True
ID32,1983-09-30,1983-12-31,1984-09-30,holdout_evaluation,3,0.7177355070194162,197360.98209469437,0.03776953533573668,41171.153410690866,0.33082485877262463,0.1,False,True,True,False,True,False,True,False,False,True,True,False
ID42,1983-09-30,1983-12-31,1984-09-30,holdout_evaluation,2,0.7417693761938539,761.4364623332252,0.013376858175592598,89.45775271615116,0.08511272394851888,0.1,False,True,False,True,False,True,False,True,True,False,False,True
ID43,1983-09-30,1983-12-31,1984-09-30,holdout_evaluation,2,0.4386945671976323,13.890718006392976,0.013688713008917344,2.6526542831644373,0.06708412814792702,0.1,False,True,False,True,False,True,False,True,False,True,False,True
ID46,1983-09-30,1983-12-31,1984-09-30,holdout_evaluation,2,0.49190295128151085,9.705799778080262,0.006669470167780179,3.51589292530828,0.0897100478440081,0.1,False,True,False,True,False,True,False,True,False,True,False,True
ID55,1983-09-30,1983-12-31,1984-09-30,holdout_evaluation,6,0.4592937994020454,123.56507590436482,0.03177012517798569,44.329459547517686,0.029640584807092876,0.1,False,True,False,True,False,True,False,True,False,True,False,True
ID60,1983-09-30,1983-12-31,1984-09-30,holdout_evaluation,1,0.8089409942380428,543.6581641712155,0.0570062084352171,20.818376484434644,0.1752777930214896,0.1,True,False,False,True,True,False,False,True,True,False,False,True
ID61,1983-09-30,1983-12-31,1984-09-30,holdout_evaluation,1,0.20536668740132108,25.102319054744143,0.004283680785992316,1.5105877799693597,0.010402105873854955,0.1,False,True,False,True,False,True,False,True,False,True,False,True
ID62,1983-09-30,1983-12-31,1984-09-30,holdout_evaluation,1,0.6260236311535745,13.278462967461389,0.02424466183836519,6.990498906989951,0.049684314750161905,0.1,False,True,False,True,False,True,False,True,False,True,False,True
ID63,1983-09-30,1983-12-31,1984-09-30,holdout_evaluation,2,0.7963338107957422,6.9388768959088765,0.011698285773063782,4.425072611435034,0.23363090073923287,0.1,False,True,False,True,False,True,False,True,False,True,False,True
ID64,1983-09-30,1983-12-31,1984-09-30,holdout_evaluation,2,0.4513947372222706,29.882546755516053,0.014624524755638958,3.443547354875749,0.0230027641115118,0.1,False,True,False,True,False,True,False,True,False,True,False,True
ID77,1983-09-30,1983-12-31,1984-09-30,holdout_evaluation,6,0.47350542883800145,3630.3744467083097,0.011440179863260975,234.25474549600918,0.034783937441356105,0.1,False,True,True,False,False,True,False,True,True,False,False,True
ID78,1983-09-30,1983-12-31,1984-09-30,holdout_evaluation,6,0.3088091857293981,7415.341369112763,0.012839593191698345,225.31697588965707,0.014481966461105507,0.1,False,True,True,False,False,True,False,True,False,True,False,True
ID79,1983-09-30,1983-12-31,1984-09-30,holdout_evaluation,6,0.38320512089417935,13770.684922955374,0.01032291247220841,1000.3544562807976,0.015177688681535084,0.1,False,True,True,False,False,True,True,False,False,True,False,True
ID8,1983-09-30,1983-12-31,1984-09-30,holdout_evaluation,2,0.7289254702416311,3034.1865667628663,0.03350570403880826,824.4469448857078,0.17949088834407448,0.1,False,True,True,False,False,True,True,False,False,True,False,True
ID80,1983-09-30,1983-12-31,1984-09-30,holdout_evaluation,6,0.21490142305690124,2108.937026659013,0.004559876919531306,351.566776321925,0.028695975004661645,0.1,False,True,True,False,False,True,False,True,False,True,False,True
ID81,1983-09-30,1983-12-31,1984-09-30,holdout_evaluation,6,0.41641922303147694,2157.8976803345818,0.011118095093955999,135.9212297963733,0.0390024567510341,0.1,False,True,True,False,False,True,False,True,False,True,False,True
ID82,1983-09-30,1983-12-31,1984-09-30,holdout_evaluation,6,0.46425789818531193,16391.294446747386,0.03211432806801396,1138.542674735024,0.07180185415519838,0.1,False,True,True,False,False,True,True,False,False,True,False,True
ID83,1983-09-30,1983-12-31,1984-09-30,holdout_evaluation,6,0.5787231278361238,3357.4056626862475,0.0322224688370923,377.9313935875901,0.10833356893145363,0.1,False,True,True,False,False,True,False,True,False,True,False,True
ID85,1983-09-30,1983-12-31,1984-09-30,holdout_evaluation,6,0.49446626272635374,28.446846818022667,0.004066477123534695,2.6583838822134296,0.032256267371619865,0.1,False,True,False,True,False,True,False,True,False,True,False,True
ID87,1983-09-30,1983-12-31,1984-09-30,holdout_evaluation,6,0.2179259975221543,2709.909394100754,0.006002337473371605,352.1645025538656,0.009458558571338737,0.1,False,True,True,False,False,True,False,True,False,True,False,True
ID89,1983-09-30,1983-12-31,1984-09-30,holdout_evaluation,2,0.8158035892293778,43.86196111622621,0.015178668564826692,4.243050261813218,0.26120861472864737,0.1,True,False,False,True,False,True,False,True,False,True,False,True
ID9,1983-09-30,1983-12-31,1984-09-30,holdout_evaluation,2,0.6999680586327498,3204.8492834099216,0.006757309056789104,633.3277613144895,0.062081410832346,0.1,False,True,True,False,False,True,True,False,False,True,False,True
ID90,1983-09-30,1983-12-31,1984-09-30,holdout_evaluation,2,0.8098090289243944,12.366481260475659,0.062002041341709085,4.962074827018329,0.22123953340296545,0.1,True,False,False,True,True,False,False,True,False,True,False,True
ID110,1983-12-31,1984-03-31,1984-12-31,holdout_evaluation,2,0.7604274444989204,68.85410066966,0.011009709692073405,18.307596589903135,0.12896970042112765,0.1,False,True,False,True,False,True,False,True,False,True,False,True
ID111,1983-12-31,1984-03-31,1984-12-31,holdout_evaluation,2,0.6603055155649339,272.20384451890527,2.8509110584891417e-05,107.98056501068115,0.041205621275494916,0.1,False,True,False,True,False,True,False,True,False,True,False,True
ID114,1983-12-31,1984-03-31,1984-12-31,holdout_evaluation,2,0.6667651908203184,2375.8923860955892,0.030151132190923885,511.42864533954247,0.1047112084890392,0.1,False,True,True,False,False,True,True,False,False,True,False,True
ID58,1983-12-31,1984-03-31,1984-12-31,holdout_evaluation,3,0.7421159656530518,78.34451829468739,0.007564134593806206,25.80369364745372,0.03231084432529785,0.1,False,True,False,True,False,True,False,True,False,True,False,True
ID71,1983-12-31,1984-03-31,1984-12-31,holdout_evaluation,3,0.42023281558388426,13.22862208192212,0.007735957401038949,2.1836756346882575,0.027930530874223494,0.1,False,True,False,True,False,True,False,True,False,True,False,True
ID13,1984-03-31,1984-06-30,1985-03-31,holdout_evaluation,2,0.45147609596793875,2843.728428884165,0.011799707231525236,738.279101535107,0.09655618282344855,0.1,False,True,True,False,False,True,True,False,False,True,False,True
ID14,1984-03-31,1984-06-30,1985-03-31,holdout_evaluation,2,0.4660136931715829,8881.928644647553,0.0019730861020840623,8381.149944014747,0.01852450682065583,0.1,False,True,True,False,False,True,True,False,False,True,False,True
ID15,1984-03-31,1984-06-30,1985-03-31,holdout_evaluation,2,0.7148045016690171,8727.717982666887,0.028482801118856454,4880.259236024603,0.20561674467320962,0.1,False,True,True,False,False,True,True,False,False,True,False,True
ID16,1984-03-31,1984-06-30,1985-03-31,holdout_evaluation,2,0.3750449901157335,180139.17052388436,0.010043303586472152,39650.83509848614,0.02855671649050874,0.1,False,True,True,False,False,True,True,False,False,True,False,True
ID17,1984-03-31,1984-06-30,1985-03-31,holdout_evaluation,2,0.49504884467840843,12604.364996602922,0.00522279887116342,15179.57095883686,0.06741872678789024,0.1,False,True,True,False,False,True,True,False,False,True,False,True
ID18,1984-03-31,1984-06-30,1985-03-31,holdout_evaluation,2,0.8054910245926464,13221.345790569689,6.674932188033278e-06,6537.578220284247,0.3693789120719616,0.1,False,True,True,False,False,True,True,False,False,True,True,False
ID19,1984-03-31,1984-06-30,1985-03-31,holdout_evaluation,2,0.584485861597701,149804.03573295288,0.008086586389744133,55042.372598043716,0.2625942885906018,0.1,False,True,True,False,False,True,True,False,False,True,False,True
ID21,1984-03-31,1984-06-30,1985-03-31,holdout_evaluation,2,0.48053878612455375,29238.175090080284,0.00022306924953042692,8025.384085064145,0.05266172564724227,0.1,False,True,True,False,False,True,True,False,False,True,False,True
ID33,1984-03-31,1984-06-30,1985-03-31,holdout_evaluation,2,0.32476175684712283,12.05030189425329,0.0003278917402063271,8.72760374257688,0.041396611783631646,0.1,False,True,False,True,False,True,False,True,False,True,False,True
ID34,1984-03-31,1984-06-30,1985-03-31,holdout_evaluation,2,0.7361153774659781,669.0836018166153,0.00749323597095794,194.75370498979603,0.41994673723808346,0.1,False,True,False,True,False,True,False,True,True,False,True,False
ID37,1984-03-31,1984-06-30,1985-03-31,holdout_evaluation,2,0.754654944251047,14252.425329889655,0.026945673026968875,8184.774240321224,0.24140301875866244,0.1,False,True,True,False,False,True,True,False,False,True,False,True
ID38,1984-03-31,1984-06-30,1985-03-31,holdout_evaluation,2,0.7651007930524678,19348.848474910756,0.08915421608160157,2958.8046797374004,0.2286731337728833,0.1,False,True,True,False,True,False,True,False,False,True,False,True
ID39,1984-03-31,1984-06-30,1985-03-31,holdout_evaluation,2,0.8564191776324616,48585.47325503517,0.04780658846094693,38568.00347002119,0.2522133397935066,0.1,True,False,True,False,True,False,True,False,False,True,False,True
ID4,1984-03-31,1984-06-30,1985-03-31,holdout_evaluation,2,0.41170705392363477,74661.38380922677,0.0008151708208680754,19702.598777657797,0.14118349127243976,0.1,False,True,True,False,False,True,True,False,True,False,False,True
ID40,1984-03-31,1984-06-30,1985-03-31,holdout_evaluation,2,0.7787890147076719,32228.99245854724,0.12118297331050809,7891.753860472225,0.2718531678619097,0.1,False,True,True,False,True,False,True,False,False,True,False,True
ID5,1984-03-31,1984-06-30,1985-03-31,holdout_evaluation,2,0.7313867029721953,149.65134251576754,0.008130837702910336,54.99935384772235,0.2627145811515663,0.1,False,True,False,True,False,True,False,True,False,True,False,True
ID57,1984-03-31,1984-06-30,1985-03-31,holdout_evaluation,2,0.5194365005408121,1370.0163977315665,0.010018440520096414,301.58846923242095,0.02856000840372026,0.1,False,True,False,True,False,True,False,True,False,True,False,True
ID7,1984-03-31,1984-06-30,1985-03-31,holdout_evaluation,2,0.7334969641326295,21.880126298260066,0.027785219204960635,7.467273407983359,0.12644834009392272,0.1,False,True,False,True,False,True,False,True,False,True,False,True
ID173,1984-06-30,1984-09-30,1985-06-30,holdout_evaluation,4,0.5488176132345477,207.52317501555353,0.052734762788310685,19.74694044044184,0.1983211198431966,0.1,False,True,False,True,True,False,False,True,False,True,False,True
ID174,1984-06-30,1984-09-30,1985-06-30,holdout_evaluation,3,0.7290367038331673,53.780304301532624,0.04215698581976002,14.179422182310235,0.0483313636680368,0.1,False,True,False,True,True,False,False,True,False,True,False,True
ID177,1984-06-30,1984-09-30,1985-06-30,holdout_evaluation,3,0.7653476680852729,256.7796479559469,0.022037797183143498,18.94095750163112,0.05856826365550736,0.1,False,True,False,True,False,True,False,True,False,True,False,True
ID59,1984-06-30,1984-09-30,1985-06-30,holdout_evaluation,3,0.4925640208545923,36298.72772443836,0.013163518613318442,6738.439809839045,0.023329364424300475,0.1,False,True,True,False,False,True,True,False,False,True,False,True
ID0,1984-09-30,1984-12-31,1985-09-30,holdout_evaluation,5,0.7769309169349006,710.5619080289027,0.17791984475646128,10.163228403316023,1.322771359550191,0.1,False,True,False,True,True,False,False,True,False,True,True,False
ID1,1984-09-30,1984-12-31,1985-09-30,holdout_evaluation,4,0.4061008840179822,9.495498687554342,0.040801232704887176,4.226044789953528,0.013644992413344208,0.1,False,True,False,True,True,False,False,True,False,True,False,True
ID10,1984-09-30,1984-12-31,1985-09-30,holdout_evaluation,2,0.700563939641594,20.842611689349635,0.02861672170543143,7.135608777946143,0.12588570768643403,0.1,False,True,False,True,False,True,False,True,False,True,False,True
ID102,1984-09-30,1984-12-31,1985-09-30,holdout_evaluation,7,0.43381164597518723,5314.298419729846,0.0066356837669937045,282.5845237054979,0.07658355746914801,0.1,False,True,True,False,False,True,False,True,False,True,False,True
ID104,1984-09-30,1984-12-31,1985-09-30,holdout_evaluation,7,0.6354319104073785,365.65936102778466,0.01848609409256477,14.455192731683393,0.10934622848126499,0.1,False,True,False,True,False,True,False,True,False,True,False,True
ID105,1984-09-30,1984-12-31,1985-09-30,holdout_evaluation,7,0.5646965859927576,22.334257593426873,0.004188250907064591,2.8134370306817895,0.062351863323074394,0.1,False,True,False,True,False,True,False,True,False,True,False,True
ID107,1984-09-30,1984-12-31,1985-09-30,holdout_evaluation,7,0.5312294915939236,15.539738172948805,0.007953937281016022,3.8004031317294578,0.055826020990282714,0.1,False,True,False,True,False,True,False,True,False,True,False,True
ID108,1984-09-30,1984-12-31,1985-09-30,holdout_evaluation,3,0.7324354732664153,2276.579575267695,0.04016862328861302,287.91142992260274,0.1460960475356284,0.1,False,True,True,False,True,False,False,True,False,True,False,True
ID109,1984-09-30,1984-12-31,1985-09-30,holdout_evaluation,3,0.7010844918427559,5632.372387688954,0.023878873745867134,637.2267796955623,0.13477569438441375,0.1,False,True,True,False,False,True,True,False,False,True,False,True
ID112,1984-09-30,1984-12-31,1985-09-30,holdout_evaluation,7,0.4970615150537451,41.73201711195439,0.005967355441586917,11.772348426688774,0.07163528342839112,0.1,False,True,False,True,False,True,False,True,False,True,False,True
ID113,1984-09-30,1984-12-31,1985-09-30,holdout_evaluation,3,0.8684947263552188,1057.8676957275877,0.0966353597483934,55.3826114831215,0.24208881480092045,0.1,True,False,False,True,True,False,False,True,False,True,False,True
ID115,1984-09-30,1984-12-31,1985-09-30,holdout_evaluation,7,0.5650868793591171,18.923739758056787,0.004258700160846635,1.7453688670212744,0.05971019449822165,0.1,False,True,False,True,False,True,False,True,False,True,False,True
ID116,1984-09-30,1984-12-31,1985-09-30,holdout_evaluation,3,0.5650355384075959,41.455988799951996,0.0032458232949165652,8.16027527961253,0.01709849733027012,0.1,False,True,False,True,False,True,False,True,False,True,False,True
ID117,1984-09-30,1984-12-31,1985-09-30,holdout_evaluation,3,0.33068711049840627,9.698184535688357,0.005117403768960617,4.191516074087781,0.010175786585800574,0.1,False,True,False,True,False,True,False,True,False,True,False,True
ID118,1984-09-30,1984-12-31,1985-09-30,holdout_evaluation,3,0.46366835005949636,9.117441362137008,0.010077921739180706,2.3423071140516947,0.01810607731933032,0.1,False,True,False,True,False,True,False,True,False,True,False,True
ID119,1984-09-30,1984-12-31,1985-09-30,holdout_evaluation,3,0.3039859284158629,11.399831394881652,0.010464309705725608,1.5175092379102633,0.004880146052914456,0.1,False,True,False,True,False,True,False,True,False,True,False,True
ID12,1984-09-30,1984-12-31,1985-09-30,holdout_evaluation,1,0.5940716675494566,122.48917041897639,0.01342147915995124,26.85490099999657,0.21162940347465048,0.1,False,True,False,True,False,True,False,True,True,False,False,True
ID120,1984-09-30,1984-12-31,1985-09-30,holdout_evaluation,1,0.3125966793939562,24.912381795027542,0.010195796791117557,2.6111914770558227,0.04766342677641468,0.1,False,True,False,True,False,True,False,True,True,False,False,True
ID126,1984-09-30,1984-12-31,1985-09-30,holdout_evaluation,4,0.444857249369836,6.9116399037899185,0.004258587704575447,1.3570706723895747,0.041098719541319426,0.1,False,True,False,True,False,True,False,True,False,True,False,True
ID127,1984-09-30,1984-12-31,1985-09-30,holdout_evaluation,3,0.2068226176372342,60.89496499100498,0.0049755550818076436,8.696694679611142,0.014754542113204646,0.1,False,True,False,True,False,True,False,True,False,True,False,True
ID128,1984-09-30,1984-12-31,1985-09-30,holdout_evaluation,3,0.22442069507029,508.5659317679922,0.00861809605872828,75.17408432209791,0.0024962473102696017,0.1,False,True,False,True,False,True,False,True,False,True,False,True
ID129,1984-09-30,1984-12-31,1985-09-30,holdout_evaluation,3,0.46703619856004014,41.161024679110724,0.0083335387738511,4.644464170896342,0.08017353819581118,0.1,False,True,False,True,False,True,False,True,False,True,False,True
ID130,1984-09-30,1984-12-31,1985-09-30,holdout_evaluation,3,0.28474506470090943,15.503228855598973,0.004794201046912816,0.9236681923915875,0.005691138420713135,0.1,False,True,False,True,False,True,False,True,False,True,False,True
ID131,1984-09-30,1984-12-31,1985-09-30,holdout_evaluation,3,0.15788235507037068,272.22036036021245,5.494384687523314e-05,86.65363619231356,0.011612273988244777,0.1,False,True,False,True,False,True,False,True,False,True,False,True
ID134,1984-09-30,1984-12-31,1985-09-30,holdout_evaluation,2,0.6880875483136248,1132.412106319529,0.3095696095951507,113.39670189357294,1.2195039736392925,0.1,False,True,False,True,True,False,False,True,False,True,True,False
ID137,1984-09-30,1984-12-31,1985-09-30,holdout_evaluation,3,0.3140104463351999,5.679290158309424,0.00407978225600962,1.8382901424252192,0.08716805678771414,0.1,False,True,False,True,False,True,False,True,True,False,False,True
ID138,1984-09-30,1984-12-31,1985-09-30,holdout_evaluation,3,0.7763437641299686,9.458229349085004,0.019652020651507993,3.018214544269856,0.25207656214293994,0.1,False,True,False,True,False,True,False,True,False,True,False,True
ID139,1984-09-30,1984-12-31,1985-09-30,holdout_evaluation,1,0.5442616123257368,7.260861224050269,0.019013277420202257,3.152927939972976,0.025975358182050823,0.1,False,True,False,True,False,True,False,True,False,True,False,True
ID140,1984-09-30,1984-12-31,1985-09-30,holdout_evaluation,3,0.875050315270504,90.05545987354093,0.03987737868792976,8.147561041798216,0.06653058693174496,0.1,True,False,False,True,True,False,False,True,False,True,False,True
ID141,1984-09-30,1984-12-31,1985-09-30,holdout_evaluation,3,0.8016545178787031,12.412696984001846,0.005256413919679971,2.4741726881221684,0.03654893540353937,0.1,False,True,False,True,False,True,False,True,False,True,False,True
ID142,1984-09-30,1984-12-31,1985-09-30,holdout_evaluation,3,0.29149918907290234,7.518971703731921,0.00868040941661807,1.147310376659939,0.01524293445457748,0.1,False,True,False,True,False,True,False,True,False,True,False,True
ID143,1984-09-30,1984-12-31,1985-09-30,holdout_evaluation,3,0.39142376153041863,11.627540879799085,0.011923044912543505,1.7160281006736036,0.00782816495891335,0.1,False,True,False,True,False,True,False,True,False,True,False,True
ID144,1984-09-30,1984-12-31,1985-09-30,holdout_evaluation,3,0.6854181230296635,23.940181150989858,0.025774763752395506,6.176468429992451,0.1013535190178573,0.1,False,True,False,True,False,True,False,True,False,True,False,True
ID145,1984-09-30,1984-12-31,1985-09-30,holdout_evaluation,3,0.27772293817614235,15.777980269985932,0.004250684890538232,3.619539229335947,0.00956818278549669,0.1,False,True,False,True,False,True,False,True,True,False,False,True
ID154,1984-09-30,1984-12-31,1985-09-30,holdout_evaluation,3,0.4957794636694214,7.11087949211292,0.009042066031640492,1.8867100064101294,0.021211827374776338,0.1,False,True,False,True,False,True,False,True,True,False,False,True
ID155,1984-09-30,1984-12-31,1985-09-30,holdout_evaluation,3,0.49268309797484094,12.104671610286664,0.00349717811870957,2.1734052600304046,0.02410617313782984,0.1,False,True,False,True,False,True,False,True,False,True,False,True
ID156,1984-09-30,1984-12-31,1985-09-30,holdout_evaluation,4,0.444857249369836,6.9116399037899185,0.004258587704575447,1.3570706723895747,0.041098719541319426,0.1,False,True,False,True,False,True,False,True,False,True,False,True
ID157,1984-09-30,1984-12-31,1985-09-30,holdout_evaluation,3,0.5984145428932812,59.05594597855573,0.023441240592108347,23.43149450130985,0.10404189110306697,0.1,False,True,False,True,False,True,False,True,False,True,False,True
ID158,1984-09-30,1984-12-31,1985-09-30,holdout_evaluation,3,0.4032028079740296,5.4922518604523525,0.008987292296663063,3.0219627923514176,0.06781455691090703,0.1,False,True,False,True,False,True,False,True,False,True,False,True
ID159,1984-09-30,1984-12-31,1985-09-30,holdout_evaluation,3,0.40104714519192525,89.03579640972666,0.0061997976237056366,16.31081624794868,0.010899676937413226,0.1,False,True,False,True,False,True,False,True,False,True,False,True
ID160,1984-09-30,1984-12-31,1985-09-30,holdout_evaluation,3,0.4620106482144344,9.571798871268461,0.00925421770266473,3.275158944599139,0.04930016875844313,0.1,False,True,False,True,False,True,False,True,False,True,False,True
ID161,1984-09-30,1984-12-31,1985-09-30,holdout_evaluation,3,0.4605544390154242,42.51929103486048,0.006440542445013166,3.277713390440606,0.03501900817095341,0.1,False,True,False,True,False,True,False,True,False,True,False,True
ID164,1984-09-30,1984-12-31,1985-09-30,holdout_evaluation,4,0.7883032891431254,168.96678455471957,0.03046797567147433,15.092581231077261,0.179773719626494,0.1,False,True,False,True,False,True,False,True,False,True,False,True
ID166,1984-09-30,1984-12-31,1985-09-30,holdout_evaluation,3,0.708883513342384,6128147583.0078125,0.2537632644756573,4.507839271388565,0.1125404230910194,0.1,False,True,True,False,True,False,False,True,False,True,False,True
ID167,1984-09-30,1984-12-31,1985-09-30,holdout_evaluation,3,0.6900631704014615,412.8551000214817,0.027372085562736917,12.05317381690273,0.08341501645456305,0.1,False,True,False,True,False,True,False,True,False,True,False,True
ID168,1984-09-30,1984-12-31,1985-09-30,holdout_evaluation,2,0.8616280311033249,14.439610969375755,0.00550112639747935,4.978091011489952,0.6892131372455785,0.1,True,False,False,True,False,True,False,True,False,True,True,False
ID176,1984-09-30,1984-12-31,1985-09-30,holdout_evaluation,3,0.6132446694231242,74.26672914540148,0.15148561699974275,10.111569026686595,0.1666862022488834,0.1,False,True,False,True,True,False,False,True,False,True,False,True
ID192,1984-09-30,1984-12-31,1985-09-30,holdout_evaluation,3,0.7072897899677999,13.994178870636416,0.013799951109003613,4.542222507255752,0.007752235466782321,0.1,False,True,False,True,False,True,False,True,False,True,False,True
ID193,1984-09-30,1984-12-31,1985-09-30,holdout_evaluation,4,0.7613781002899098,219.08977856647044,0.03841278325245763,40.06843115278881,0.059608556413610764,0.1,False,True,False,True,True,False,False,True,False,True,False,True
ID194,1984-09-30,1984-12-31,1985-09-30,holdout_evaluation,5,0.3339706127848308,6.077319644288485,0.006230693247779369,1.8489660557989165,0.015393920909549837,0.1,False,True,False,True,False,True,False,True,False,True,False,True
ID195,1984-09-30,1984-12-31,1985-09-30,holdout_evaluation,5,0.5201932429556729,8.266215543592264,0.0028487925238694645,2.0573658613348687,0.08224470290345223,0.1,False,True,False,True,False,True,False,True,False,True,False,True
ID196,1984-09-30,1984-12-31,1985-09-30,holdout_evaluation,5,0.7723082183162651,1706.7841887214288,0.21864359172530923,721.9817663799445,0.44230958385260677,0.1,False,True,True,False,True,False,True,False,True,False,True,False
ID197,1984-09-30,1984-12-31,1985-09-30,holdout_evaluation,4,0.22937702341985822,4.472751017225702,0.0032698863770586066,0.692729640501918,0.016105387494011362,0.1,False,True,False,True,False,True,False,True,False,True,False,True
ID198,1984-09-30,1984-12-31,1985-09-30,holdout_evaluation,5,0.4932215719564976,70.09882322126967,0.0016260283639340793,22.185111440670575,0.016584522459419063,0.1,False,True,False,True,False,True,False,True,False,True,False,True
ID199,1984-09-30,1984-12-31,1985-09-30,holdout_evaluation,5,0.7421332355089761,75.1265601072408,0.04917975150002151,6.613730428640289,0.28664633988038357,0.1,False,True,False,True,True,False,False,True,False,True,False,True
ID2,1984-09-30,1984-12-31,1985-09-30,holdout_evaluation,4,0.7427932635096466,175.80717333517197,0.03678019703866115,19.88682559050918,0.06129203108049014,0.1,False,True,False,True,True,False,False,True,False,True,False,True
ID200,1984-09-30,1984-12-31,1985-09-30,holdout_evaluation,5,0.5845676825361136,19.5916232835759,0.03046076770804746,5.044675889790765,0.5829426483797872,0.1,False,True,False,True,False,True,False,True,False,True,True,False
ID201,1984-09-30,1984-12-31,1985-09-30,holdout_evaluation,5,0.2960793194222694,17.506650467460787,0.004078044413541751,7.216571215400501,0.01859416275489586,0.1,False,True,False,True,False,True,False,True,False,True,False,True
ID202,1984-09-30,1984-12-31,1985-09-30,holdout_evaluation,5,0.7661441943723163,15.848118586936778,0.15174123113701277,4.870263886934682,0.7873392533722129,0.1,False,True,False,True,True,False,False,True,False,True,True,False
ID23,1984-09-30,1984-12-31,1985-09-30,holdout_evaluation,3,0.7824682942425343,1363.4527553159683,0.013682042181342391,179.2418382036165,0.02482765450466493,0.1,False,True,False,True,False,True,False,True,False,True,False,True
ID24,1984-09-30,1984-12-31,1985-09-30,holdout_evaluation,3,0.762094096376239,1732.077416623861,0.012097912367900213,155.144114700266,0.067931134311421,0.1,False,True,True,False,False,True,False,True,True,False,False,True
ID25,1984-09-30,1984-12-31,1985-09-30,holdout_evaluation,3,0.762094096376239,804.6757383120507,0.02475970409994044,176.22633659531488,0.067931134311421,0.1,False,True,False,True,False,True,False,True,False,True,False,True
ID42,1984-09-30,1984-12-31,1985-09-30,holdout_evaluation,3,0.6729006471449018,1917.0591016817975,0.030916539149052843,90.3083727675476,0.07535842015067688,0.1,False,True,True,False,False,True,False,True,True,False,False,True
ID43,1984-09-30,1984-12-31,1985-09-30,holdout_evaluation,3,0.6252283809755897,21.091433113812222,0.016715285546280607,2.8928170404521025,0.031133036600933583,0.1,False,True,False,True,False,True,False,True,False,True,False,True
ID46,1984-09-30,1984-12-31,1985-09-30,holdout_evaluation,3,0.5823970661615983,14.163967567518673,0.010004269052084886,3.8064720908672327,0.047527950610679146,0.1,False,True,False,True,False,True,False,True,False,True,False,True
ID55,1984-09-30,1984-12-31,1985-09-30,holdout_evaluation,7,0.4742324086757204,189.0878816268522,0.01930467975530277,36.81632710239217,0.1275198628704338,0.1,False,True,False,True,False,True,False,True,False,True,False,True
ID60,1984-09-30,1984-12-31,1985-09-30,holdout_evaluation,2,0.7182021301784041,138.12687511301,0.09635509460117686,17.985046696145783,0.12335591802495867,0.1,False,True,False,True,True,False,False,True,False,True,False,True
ID61,1984-09-30,1984-12-31,1985-09-30,holdout_evaluation,2,0.2452889129317239,19.341120558242878,0.003171641995327209,1.255419245228724,0.00846905843367983,0.1,False,True,False,True,False,True,False,True,False,True,False,True
ID62,1984-09-30,1984-12-31,1985-09-30,holdout_evaluation,2,0.5785077350130606,29.77219423218355,0.016344463981900953,5.843707891132316,0.03881110613420237,0.1,False,True,False,True,False,True,False,True,False,True,False,True
ID63,1984-09-30,1984-12-31,1985-09-30,holdout_evaluation,3,0.821255660159879,8.840833128990969,0.006355598902139492,3.8981483842417104,0.23749784370561472,0.1,True,False,False,True,False,True,False,True,False,True,False,True
ID64,1984-09-30,1984-12-31,1985-09-30,holdout_evaluation,3,0.43104741068381386,19.655441069434293,0.013626507405755738,2.896404083507055,0.016812423392228448,0.1,False,True,False,True,False,True,False,True,False,True,False,True
ID77,1984-09-30,1984-12-31,1985-09-30,holdout_evaluation,7,0.21874880215652243,879.8408027053108,0.007458388599018836,252.3136348135775,0.03296295650380952,0.1,False,True,False,True,False,True,False,True,False,True,False,True
ID78,1984-09-30,1984-12-31,1985-09-30,holdout_evaluation,7,0.40694915552479893,5527.736632410758,0.00884250976747741,218.44081443178294,0.041667605786690376,0.1,False,True,True,False,False,True,False,True,False,True,False,True
ID79,1984-09-30,1984-12-31,1985-09-30,holdout_evaluation,7,0.24465950679831533,10066.999146988766,0.011776410524727261,1019.7730175828004,0.04437355553806535,0.1,False,True,True,False,False,True,True,False,False,True,False,True
ID8,1984-09-30,1984-12-31,1985-09-30,holdout_evaluation,3,0.7806266568419025,2373.9784805773006,0.028686549252982627,656.8434206373197,0.27700017740622535,0.1,False,True,True,False,False,True,True,False,False,True,False,True
ID80,1984-09-30,1984-12-31,1985-09-30,holdout_evaluation,7,0.3437189597982178,3734.097597461835,0.005878230623687912,373.4015644203522,0.03636922253063333,0.1,False,True,True,False,False,True,False,True,False,True,False,True
ID81,1984-09-30,1984-12-31,1985-09-30,holdout_evaluation,7,0.47731565099708356,913.0837271527585,0.008249141643500135,156.01507220943387,0.03134760562614001,0.1,False,True,False,True,False,True,False,True,False,True,False,True
ID82,1984-09-30,1984-12-31,1985-09-30,holdout_evaluation,7,0.4851641047496376,20991.32637470212,0.02636605740195371,1328.5085698061368,0.07797496798725587,0.1,False,True,True,False,False,True,True,False,False,True,False,True
ID83,1984-09-30,1984-12-31,1985-09-30,holdout_evaluation,7,0.5525795315066306,12320.173137989694,0.0322224688370923,437.953353497896,0.10188281438138637,0.1,False,True,True,False,False,True,False,True,False,True,False,True
ID85,1984-09-30,1984-12-31,1985-09-30,holdout_evaluation,7,0.5905902306754716,36.318103165237936,0.004066477123534695,2.7408839217175087,0.010554559191959637,0.1,False,True,False,True,False,True,False,True,False,True,False,True
ID87,1984-09-30,1984-12-31,1985-09-30,holdout_evaluation,7,0.21833602665977092,2815.1851675648622,0.006386254226915048,357.6916259722671,0.0256898976885993,0.1,False,True,True,False,False,True,False,True,False,True,False,True
ID89,1984-09-30,1984-12-31,1985-09-30,holdout_evaluation,3,0.8093573110665213,14.193979648087392,0.011952040407976872,3.8939153599063068,0.2205845753505541,0.1,True,False,False,True,False,True,False,True,False,True,False,True
ID9,1984-09-30,1984-12-31,1985-09-30,holdout_evaluation,3,0.628127736032402,1904.2645277412469,0.009991931904966417,553.1811730529892,0.08332491767877256,0.1,False,True,True,False,False,True,True,False,False,True,False,True
ID90,1984-09-30,1984-12-31,1985-09-30,holdout_evaluation,3,0.8829001126688842,22.955639559865606,0.03686604788057851,4.14883418717392,0.2488912213425994,0.1,True,False,False,True,True,False,False,True,False,True,False,True
ID99,1984-09-30,1984-12-31,1985-09-30,holdout_evaluation,1,0.5946950143882961,65.33206633381656,0.033414576003338296,9.151098184847756,0.08911214903774485,0.1,False,True,False,True,False,True,False,True,False,True,False,True
ID110,1984-12-31,1985-03-31,1985-12-31,holdout_evaluation,3,0.7085922187493021,56.97109923301914,0.020121036806782275,15.45340306828874,0.2399296082930973,0.1,False,True,False,True,False,True,False,True,False,True,False,True
ID111,1984-12-31,1985-03-31,1985-12-31,holdout_evaluation,3,0.5552327873187701,307.8540397516349,0.005299670707336609,92.05157631744541,0.14948766500533756,0.1,False,True,False,True,False,True,False,True,True,False,False,True
ID114,1984-12-31,1985-03-31,1985-12-31,holdout_evaluation,3,0.6593983126126883,3354.6777116965286,0.01507556609546195,549.5477890199257,0.09934516353662257,0.1,False,True,True,False,False,True,True,False,False,True,False,True
ID56,1984-12-31,1985-03-31,1985-12-31,holdout_evaluation,1,0.5123144761215496,25.390089968318396,0.01069828459752391,3.921926839392136,0.010467050850051786,0.1,False,True,False,True,False,True,False,True,False,True,False,True
ID58,1984-12-31,1985-03-31,1985-12-31,holdout_evaluation,4,0.7432995742311921,119.53271963440389,0.004237799884677748,22.89546808040841,0.02770411196176971,0.1,False,True,False,True,False,True,False,True,False,True,False,True
ID71,1984-12-31,1985-03-31,1985-12-31,holdout_evaluation,4,0.30272645856238,10.136586662984687,0.0100689662036884,2.1919787326513775,0.012004343543428497,0.1,False,True,False,True,False,True,False,True,True,False,False,True
ID13,1985-03-31,1985-06-30,1986-03-31,holdout_evaluation,3,0.3523949768810034,3724.1399128533862,0.012333889966178749,1342.1884556954687,0.08591449986273283,0.1,False,True,True,False,False,True,True,False,False,True,False,True
ID14,1985-03-31,1985-06-30,1986-03-31,holdout_evaluation,3,0.3867083439371287,9118.226323479244,0.011536815370521349,6239.964437322255,0.09076026270371557,0.1,False,True,True,False,False,True,True,False,False,True,False,True
ID15,1985-03-31,1985-06-30,1986-03-31,holdout_evaluation,3,0.771758331085288,26061.18127148454,0.051721085401411473,5051.814754162235,0.33411466100459253,0.1,False,True,True,False,True,False,True,False,False,True,True,False
ID16,1985-03-31,1985-06-30,1986-03-31,holdout_evaluation,3,0.3961427805526435,69765.24115967136,0.025224707605671838,30615.670484311617,0.2889608372494839,0.1,False,True,True,False,False,True,True,False,False,True,False,True
ID17,1985-03-31,1985-06-30,1986-03-31,holdout_evaluation,3,0.5908908043491728,31984.10809219921,0.031182801710353175,11919.590699614437,0.06642048762408931,0.1,False,True,True,False,False,True,True,False,False,True,False,True
ID18,1985-03-31,1985-06-30,1986-03-31,holdout_evaluation,3,0.7348940729901033,37247.93322615362,0.05040464989253848,7831.4882581734055,0.47734934461745365,0.1,False,True,True,False,True,False,True,False,False,True,True,False
ID19,1985-03-31,1985-06-30,1986-03-31,holdout_evaluation,3,0.6118104670236642,711607.0609171928,0.01911591832226002,103454.54730597041,0.10864762586700924,0.1,False,True,True,False,False,True,True,False,False,True,False,True
ID21,1985-03-31,1985-06-30,1986-03-31,holdout_evaluation,3,0.4925640208545923,36300.1910171278,0.013161900906359828,6738.430580098164,0.023329364424300475,0.1,False,True,True,False,False,True,True,False,False,True,False,True
ID33,1985-03-31,1985-06-30,1986-03-31,holdout_evaluation,3,0.5437759570300468,80.59243289850997,0.0012606005685216952,23.079381476645494,0.05974100367097118,0.1,False,True,False,True,False,True,False,True,False,True,False,True
ID34,1985-03-31,1985-06-30,1986-03-31,holdout_evaluation,3,0.7744966834629117,1071.2265874247064,0.04935165279645237,388.1735172243021,0.9350604307624376,0.1,False,True,False,True,True,False,False,True,False,True,True,False
ID37,1985-03-31,1985-06-30,1986-03-31,holdout_evaluation,3,0.7602360596700205,3202.9299626550637,0.036143027815235734,6073.144417636892,0.8565881633411089,0.1,False,True,True,False,False,True,True,False,False,True,True,False
ID38,1985-03-31,1985-06-30,1986-03-31,holdout_evaluation,3,0.6727027583273686,21273.925529143242,0.06492799276655836,2497.838168682554,0.5460882770074301,0.1,False,True,True,False,True,False,True,False,False,True,True,False
ID39,1985-03-31,1985-06-30,1986-03-31,holdout_evaluation,3,0.6791304015393701,195340.33110084556,0.04965993334236546,30386.284250815545,0.48747784219532586,0.1,False,True,True,False,True,False,True,False,False,True,True,False
ID4,1985-03-31,1985-06-30,1986-03-31,holdout_evaluation,3,0.5546524647343288,252200.40769140987,0.010254186295398213,53985.589324356355,0.15346288367004796,0.1,False,True,True,False,False,True,True,False,False,True,False,True
ID40,1985-03-31,1985-06-30,1986-03-31,holdout_evaluation,3,0.6922739018870547,18649.016490398688,0.3178499932858642,6180.05728969984,0.36964481689285034,0.1,False,True,True,False,True,False,True,False,False,True,True,False
ID5,1985-03-31,1985-06-30,1986-03-31,holdout_evaluation,3,0.7722939744211177,711.6256200678963,0.018987513913152506,103.48714406101163,0.10861148086957423,0.1,False,True,False,True,False,True,False,True,False,True,False,True
ID57,1985-03-31,1985-06-30,1986-03-31,holdout_evaluation,3,0.4628603248897517,530.5848039780585,0.025229181741532263,232.86783222827697,0.2889614524051376,0.1,False,True,False,True,False,True,False,True,True,False,False,True
ID7,1985-03-31,1985-06-30,1986-03-31,holdout_evaluation,3,0.7234843334064556,99.2916437694051,0.028364918379161913,8.072308020267467,0.1052631064550177,0.1,False,True,False,True,False,True,False,True,True,False,False,True
ID173,1985-06-30,1985-09-30,1986-06-30,holdout_evaluation,5,0.5993081106699703,224.16578367425103,0.048000658182414724,21.189368836543377,0.09062176724767274,0.1,False,True,False,True,True,False,False,True,False,True,False,True
ID174,1985-06-30,1985-09-30,1986-06-30,holdout_evaluation,4,0.5274113475361886,80.7525189369617,0.07466925179981895,11.929605612374528,0.08982721912457392,0.1,False,True,False,True,True,False,False,True,False,True,False,True
ID177,1985-06-30,1985-09-30,1986-06-30,holdout_evaluation,4,0.6738917674835669,362.92416798487034,0.06515288839655486,15.958503306735576,0.030165644709420562,0.1,False,True,False,True,True,False,False,True,True,False,False,True
ID59,1985-06-30,1985-09-30,1986-06-30,holdout_evaluation,4,0.35946360630700835,15926.89974792147,0.003231628659752569,5545.608314939772,0.022090865918056025,0.1,False,True,True,False,False,True,True,False,False,True,False,True
ID1,1985-09-30,1985-12-31,1986-09-30,holdout_evaluation,5,0.2901848671762591,4.669091214455907,0.0252685707589629,3.690505274165781,0.051373075762312224,0.1,False,True,False,True,False,True,False,True,False,True,False,True
ID10,1985-09-30,1985-12-31,1986-09-30,holdout_evaluation,3,0.7196936352036463,94.79768254138696,0.02736175789008935,7.720870801188769,0.10490435299920031,0.1,False,True,False,True,False,True,False,True,False,True,False,True
ID101,1985-09-30,1985-12-31,1986-09-30,holdout_evaluation,1,0.2478668751886703,4.3740336430700415,0.005727021868425792,1.1430522930551874,0.0036001999067216267,0.1,False,True,False,True,False,True,False,True,False,True,False,True
ID102,1985-09-30,1985-12-31,1986-09-30,holdout_evaluation,8,0.4386973775150558,6776.0567357109585,0.0066356837669937045,360.9063785503311,0.024375835250698998,0.1,False,True,True,False,False,True,False,True,False,True,False,True
ID104,1985-09-30,1985-12-31,1986-09-30,holdout_evaluation,8,0.690024194080895,321.280031120019,0.016884572525866656,17.10335340431899,0.08376502252102085,0.1,False,True,False,True,False,True,False,True,False,True,False,True
ID105,1985-09-30,1985-12-31,1986-09-30,holdout_evaluation,8,0.5931430937797664,28.59288885306839,0.004966837305883555,3.632619761095667,0.015963510564445733,0.1,False,True,False,True,False,True,False,True,False,True,False,True
ID107,1985-09-30,1985-12-31,1986-09-30,holdout_evaluation,8,0.43354775271529933,29.717349814491094,0.01835772395244336,4.06956063780888,0.06691770407521384,0.1,False,True,False,True,False,True,False,True,False,True,False,True
ID108,1985-09-30,1985-12-31,1986-09-30,holdout_evaluation,4,0.7467896538908383,2430.4628430147986,0.06119442245163628,308.7151380742806,0.10011234662683248,0.1,False,True,True,False,True,False,False,True,False,True,False,True
ID109,1985-09-30,1985-12-31,1986-09-30,holdout_evaluation,4,0.6880347569214055,9764.229850056547,0.026119377003080063,800.806738796728,0.038884029882820616,0.1,False,True,True,False,False,True,True,False,False,True,False,True
ID112,1985-09-30,1985-12-31,1986-09-30,holdout_evaluation,8,0.3928442450118666,113.9766689886213,0.011629396623936685,13.408690814996499,0.048134856948328156,0.1,False,True,False,True,False,True,False,True,False,True,False,True
ID115,1985-09-30,1985-12-31,1986-09-30,holdout_evaluation,8,0.5117111373747625,34.24460793086509,0.006875805797450752,2.631907606329145,0.028849253108134878,0.1,False,True,False,True,False,True,False,True,False,True,False,True
ID116,1985-09-30,1985-12-31,1986-09-30,holdout_evaluation,4,0.38059269849131283,41.427290291871,0.003034468338411124,7.508126030146976,0.03310724135330738,0.1,False,True,False,True,False,True,False,True,False,True,False,True
ID117,1985-09-30,1985-12-31,1986-09-30,holdout_evaluation,4,0.421555343310364,21.208213714750343,0.005258488162154781,3.6985069489050426,0.026126544853518112,0.1,False,True,False,True,False,True,False,True,False,True,False,True
ID118,1985-09-30,1985-12-31,1986-09-30,holdout_evaluation,4,0.43657955769744194,19.084127690801424,0.008284304534828063,2.160749989653851,0.009873864635014835,0.1,False,True,False,True,False,True,False,True,False,True,False,True
ID119,1985-09-30,1985-12-31,1986-09-30,holdout_evaluation,4,0.3021320651224021,8.73755419982474,0.0018634238934785016,1.3006347353672987,0.05447576359941836,0.1,False,True,False,True,False,True,False,True,False,True,False,True
ID12,1985-09-30,1985-12-31,1986-09-30,holdout_evaluation,2,0.7444369424924308,522.7125091508005,0.02684295831990248,56.866163056374425,0.10766344474841011,0.1,False,True,False,True,False,True,False,True,False,True,False,True
ID120,1985-09-30,1985-12-31,1986-09-30,holdout_evaluation,2,0.3268971152942901,6.540167383615017,0.017059115788100182,2.6540726878113983,0.05825378205792485,0.1,False,True,False,True,False,True,False,True,False,True,False,True
ID126,1985-09-30,1985-12-31,1986-09-30,holdout_evaluation,5,0.49439017622307807,7.056219703613094,0.006694665831227192,1.694934942540743,0.03075565047725002,0.1,False,True,False,True,False,True,False,True,False,True,False,True
ID127,1985-09-30,1985-12-31,1986-09-30,holdout_evaluation,4,0.23169277290758988,64.63586073861822,0.002818247341001206,8.231606453904272,0.015659523827580346,0.1,False,True,False,True,False,True,False,True,True,False,False,True
ID128,1985-09-30,1985-12-31,1986-09-30,holdout_evaluation,4,0.21154170771792796,314.62644499644534,0.00916978039802299,64.1905459151219,0.044598025580708425,0.1,False,True,False,True,False,True,False,True,False,True,False,True
ID129,1985-09-30,1985-12-31,1986-09-30,holdout_evaluation,4,0.4137043667385371,9.545198044585241,0.016315983048488074,4.948187489439179,0.09861724961510214,0.1,False,True,False,True,False,True,False,True,False,True,False,True
ID130,1985-09-30,1985-12-31,1986-09-30,holdout_evaluation,4,0.33624958827140017,13.526628772722372,0.005776785672069414,0.7991770350498121,0.0038287020574060233,0.1,False,True,False,True,False,True,False,True,False,True,False,True
ID131,1985-09-30,1985-12-31,1986-09-30,holdout_evaluation,4,0.16769643143788587,291.21475663936843,7.72090324866314e-05,82.03347220484824,0.011521738046006836,0.1,False,True,False,True,False,True,False,True,False,True,False,True
ID134,1985-09-30,1985-12-31,1986-09-30,holdout_evaluation,3,0.8674740534947094,3768.750400975301,0.3283562677383259,164.53851187966347,0.8614289573510274,0.1,True,False,True,False,True,False,False,True,True,False,True,False
ID137,1985-09-30,1985-12-31,1986-09-30,holdout_evaluation,4,0.3995158122570347,27.40027240359725,0.005895172865400568,2.451490779377207,0.08835168958395825,0.1,False,True,False,True,False,True,False,True,False,True,False,True
ID138,1985-09-30,1985-12-31,1986-09-30,holdout_evaluation,4,0.7148968933911083,25.126156309829327,0.034524661043025345,3.064671366062927,0.04730454580680311,0.1,False,True,False,True,False,True,False,True,False,True,False,True
ID139,1985-09-30,1985-12-31,1986-09-30,holdout_evaluation,2,0.599568768849183,5.0420208234348545,0.03697277085903039,2.7031485954988983,0.15005850664402054,0.1,False,True,False,True,True,False,False,True,False,True,False,True
ID140,1985-09-30,1985-12-31,1986-09-30,holdout_evaluation,4,0.7686235173522455,144.7541033490582,0.021704203407841127,7.182157491176851,0.04873845180762998,0.1,False,True,False,True,False,True,False,True,False,True,False,True
ID141,1985-09-30,1985-12-31,1986-09-30,holdout_evaluation,4,0.7333300753398044,21.4099483387787,0.00582289001564661,2.38155216837991,0.031889704890794277,0.1,False,True,False,True,False,True,False,True,False,True,False,True
ID142,1985-09-30,1985-12-31,1986-09-30,holdout_evaluation,4,0.317593853963097,2.953653440765769,0.006859067676418787,1.0812788434826734,0.012813612053749097,0.1,False,True,False,True,False,True,False,True,False,True,False,True
ID143,1985-09-30,1985-12-31,1986-09-30,holdout_evaluation,4,0.35143458614940504,7.225505319819387,0.003363170820068432,1.4763190905026753,0.06607650254879059,0.1,False,True,False,True,False,True,False,True,False,True,False,True
ID144,1985-09-30,1985-12-31,1986-09-30,holdout_evaluation,4,0.607292382604698,28.129092762749263,0.01958374934628916,5.818978692336279,0.11739536564205737,0.1,False,True,False,True,False,True,False,True,False,True,False,True
ID145,1985-09-30,1985-12-31,1986-09-30,holdout_evaluation,4,0.07932969309332594,19.987211029930403,0.004497326812683603,3.178015041192499,0.003035671082428225,0.1,False,True,False,True,False,True,False,True,False,True,False,True
ID154,1985-09-30,1985-12-31,1986-09-30,holdout_evaluation,4,0.4859632251549123,11.527533148616481,0.006927049388949315,1.7262969450012036,0.025635431614769943,0.1,False,True,False,True,False,True,False,True,False,True,False,True
ID155,1985-09-30,1985-12-31,1986-09-30,holdout_evaluation,4,0.5204584702274615,11.413449347764047,0.003990925611399243,1.9530826731698139,0.01412931004218295,0.1,False,True,False,True,False,True,False,True,False,True,False,True
ID156,1985-09-30,1985-12-31,1986-09-30,holdout_evaluation,5,0.49439017622307807,7.056219703613094,0.006694665831227192,1.694934942540743,0.03075565047725002,0.1,False,True,False,True,False,True,False,True,False,True,False,True
ID157,1985-09-30,1985-12-31,1986-09-30,holdout_evaluation,4,0.584805937391818,243.77007855803686,0.03295600636450635,22.36422685723521,0.23332760103082723,0.1,False,True,False,True,False,True,False,True,False,True,False,True
ID158,1985-09-30,1985-12-31,1986-09-30,holdout_evaluation,4,0.47451185022941084,35.32368712551616,0.01279327242570942,2.8947186485159007,0.11967681803153216,0.1,False,True,False,True,False,True,False,True,False,True,False,True
ID159,1985-09-30,1985-12-31,1986-09-30,holdout_evaluation,4,0.2368810165166365,71.79042189600695,0.0074766420536310895,14.167889317123405,0.043568836975604805,0.1,False,True,False,True,False,True,False,True,False,True,False,True
ID160,1985-09-30,1985-12-31,1986-09-30,holdout_evaluation,4,0.2816838338641592,11.0263397412106,0.00556180331572069,3.073336951642563,0.14141435555269122,0.1,False,True,False,True,False,True,False,True,False,True,False,True
ID161,1985-09-30,1985-12-31,1986-09-30,holdout_evaluation,4,0.27595502390926735,5.521595605671118,0.007522051559265223,3.0388202099584634,0.09992207247979563,0.1,False,True,False,True,False,True,False,True,False,True,False,True
ID164,1985-09-30,1985-12-31,1986-09-30,holdout_evaluation,5,0.8197217324166067,622.7447869634834,0.019790110753550333,15.083634810784709,0.31356870136476517,0.1,True,False,False,True,False,True,False,True,False,True,False,True
ID166,1985-09-30,1985-12-31,1986-09-30,holdout_evaluation,4,0.5377758562069322,2355608320.236206,0.1528368254952481,4.262058845959975,0.20344958530430493,0.1,False,True,True,False,True,False,False,True,True,False,False,True
ID167,1985-09-30,1985-12-31,1986-09-30,holdout_evaluation,4,0.6524301179447879,409.7102134332845,0.020133758952112578,11.011308093374057,0.034037658787959384,0.1,False,True,False,True,False,True,False,True,True,False,False,True
ID168,1985-09-30,1985-12-31,1986-09-30,holdout_evaluation,3,0.8123705452773604,42.42259107908362,0.0056443867555414085,4.514172129443527,0.6671041963921753,0.1,True,False,False,True,False,True,False,True,False,True,True,False
ID176,1985-09-30,1985-12-31,1986-09-30,holdout_evaluation,4,0.7347882689226819,159.8987907800813,0.08663036288797296,9.279128606341356,0.1828481490265768,0.1,False,True,False,True,True,False,False,True,False,True,False,True
ID192,1985-09-30,1985-12-31,1986-09-30,holdout_evaluation,4,0.6691349338781559,13.719114752097399,0.01617203453342328,3.876426195820215,0.04107594922811611,0.1,False,True,False,True,False,True,False,True,True,False,False,True
ID193,1985-09-30,1985-12-31,1986-09-30,holdout_evaluation,5,0.7622215378972189,114.5693615604925,0.0390232330013075,35.855480749866665,0.046342932342174084,0.1,False,True,False,True,True,False,False,True,False,True,False,True
ID197,1985-09-30,1985-12-31,1986-09-30,holdout_evaluation,5,0.33697601590252624,5.783008086168305,0.003566380510337034,0.744295105149599,0.008252971791587365,0.1,False,True,False,True,False,True,False,True,False,True,False,True
ID2,1985-09-30,1985-12-31,1986-09-30,holdout_evaluation,5,0.7626980408005524,90.83245409957155,0.03698619050551129,17.627801295629045,0.025715408734757594,0.1,False,True,False,True,True,False,False,True,False,True,False,True
ID23,1985-09-30,1985-12-31,1986-09-30,holdout_evaluation,4,0.7701010981338244,943.3562577167958,0.027364084362684782,142.24237917748977,0.10489781517389282,0.1,False,True,False,True,False,True,False,True,False,True,False,True
ID24,1985-09-30,1985-12-31,1986-09-30,holdout_evaluation,4,0.7949618091108697,1206.5739510460926,0.024195824735800425,127.35845480253306,0.0870977182465987,0.1,False,True,False,True,False,True,False,True,True,False,False,True
ID25,1985-09-30,1985-12-31,1986-09-30,holdout_evaluation,4,0.7949618091108697,583.1313980247272,0.04917852673927181,143.42267535727112,0.0870977182465987,0.1,False,True,False,True,True,False,False,True,False,True,False,True
ID30,1985-09-30,1985-12-31,1986-09-30,holdout_evaluation,1,0.7794291737505739,122.8512888080589,0.004358358692939518,19.542055819653264,0.424136115773283,0.1,False,True,False,True,False,True,False,True,False,True,True,False
ID42,1985-09-30,1985-12-31,1986-09-30,holdout_evaluation,4,0.7572409130692872,931.3923873058973,0.021604364677321033,85.86212092194933,0.054661068712798175,0.1,False,True,False,True,False,True,False,True,False,True,False,True
ID43,1985-09-30,1985-12-31,1986-09-30,holdout_evaluation,4,0.7021508830753207,30.639155449590834,0.013432789000764882,2.6487895046793626,0.039947307892899755,0.1,False,True,False,True,False,True,False,True,True,False,False,True
ID46,1985-09-30,1985-12-31,1986-09-30,holdout_evaluation,4,0.5543303589310921,14.083941227382148,0.01333906793638959,3.4319856210604454,0.13692637608207556,0.1,False,True,False,True,False,True,False,True,False,True,False,True
ID55,1985-09-30,1985-12-31,1986-09-30,holdout_evaluation,8,0.651185088573645,498.7926362028336,0.01930467975530277,38.763156587826714,0.19954927033561898,0.1,False,True,False,True,False,True,False,True,False,True,False,True
ID60,1985-09-30,1985-12-31,1986-09-30,holdout_evaluation,3,0.6678224055602682,100.82230322261952,0.05339478496764885,15.409549885200388,0.026201040400920056,0.1,False,True,False,True,True,False,False,True,False,True,False,True
ID61,1985-09-30,1985-12-31,1986-09-30,holdout_evaluation,3,0.22732684731450886,8.604795306431267,0.0025523447177511673,1.0817775461083732,0.008667624927184916,0.1,False,True,False,True,False,True,False,True,False,True,False,True
ID62,1985-09-30,1985-12-31,1986-09-30,holdout_evaluation,3,0.4676220446509115,28.052483070430714,0.01621117612414953,4.990265743090618,0.03581027375295703,0.1,False,True,False,True,False,True,False,True,False,True,False,True
ID63,1985-09-30,1985-12-31,1986-09-30,holdout_evaluation,4,0.768632304955529,6.368834607779643,0.0045917625727320555,3.548354051403207,0.2296281574150954,0.1,False,True,False,True,False,True,False,True,False,True,False,True
ID64,1985-09-30,1985-12-31,1986-09-30,holdout_evaluation,4,0.29543039344403377,22.109440384631966,0.00784280521525334,2.4742926685864073,0.008865491239116114,0.1,False,True,False,True,False,True,False,True,False,True,False,True
ID77,1985-09-30,1985-12-31,1986-09-30,holdout_evaluation,8,0.4382679006473426,1169.5225412723266,0.004439860795899425,245.37546460924412,0.028647850508241493,0.1,False,True,False,True,False,True,False,True,False,True,False,True
ID78,1985-09-30,1985-12-31,1986-09-30,holdout_evaluation,8,0.23017424610211507,3870.7493317728467,0.01288320735248388,239.65906440430453,0.04181093734779693,0.1,False,True,True,False,False,True,False,True,False,True,False,True
ID79,1985-09-30,1985-12-31,1986-09-30,holdout_evaluation,8,0.2674878204031637,10227.80402229646,0.01056773062670665,1270.746040741397,0.023910245423432838,0.1,False,True,True,False,False,True,True,False,False,True,False,True
ID80,1985-09-30,1985-12-31,1986-09-30,holdout_evaluation,8,0.30336904308360746,3707.142211303056,0.007235195485561927,400.69187689855215,0.03053326538140351,0.1,False,True,True,False,False,True,False,True,False,True,False,True
ID81,1985-09-30,1985-12-31,1986-09-30,holdout_evaluation,8,0.5559631084797929,1073.8333635334068,0.008249141643500135,171.91658068256046,0.022988301967261895,0.1,False,True,False,True,False,True,False,True,False,True,False,True
ID82,1985-09-30,1985-12-31,1986-09-30,holdout_evaluation,8,0.5613678465624339,26482.410380085457,0.02523871907867557,1577.4900573106345,0.053636728240524734,0.1,False,True,True,False,False,True,True,False,True,False,False,True
ID83,1985-09-30,1985-12-31,1986-09-30,holdout_evaluation,8,0.6326283770258533,16444.822333160784,0.021532678415083148,489.8428928135416,0.08237237876351679,0.1,False,True,True,False,False,True,True,False,False,True,False,True
ID85,1985-09-30,1985-12-31,1986-09-30,holdout_evaluation,8,0.5967076092358636,33.35198453500823,0.006781389997126085,2.71934257098882,0.04843711183583515,0.1,False,True,False,True,False,True,False,True,False,True,False,True
ID87,1985-09-30,1985-12-31,1986-09-30,holdout_evaluation,8,0.26976090925020174,2937.3185268651864,0.00525671218878828,412.2698776888835,0.0076719857412129114,0.1,False,True,True,False,False,True,False,True,False,True,False,True
ID89,1985-09-30,1985-12-31,1986-09-30,holdout_evaluation,4,0.7994639714542771,16.061951025708215,0.017982329150291715,3.4743107373464466,0.19773432813866626,0.1,False,True,False,True,False,True,False,True,False,True,False,True
ID9,1985-09-30,1985-12-31,1986-09-30,holdout_evaluation,4,0.6724159978438826,4592.890448007205,0.015143059767178002,511.73726498478015,0.10219505809487053,0.1,False,True,True,False,False,True,True,False,False,True,False,True
ID90,1985-09-30,1985-12-31,1986-09-30,holdout_evaluation,4,0.845822105517936,11.747988072473122,0.03225886791010625,3.721548966776183,0.2523931436935227,0.1,True,False,False,True,False,True,False,True,False,True,False,True
ID99,1985-09-30,1985-12-31,1986-09-30,holdout_evaluation,2,0.41422370221144295,6.589296197566334,0.0619067995430755,7.606957567825556,0.025737842316084596,0.1,False,True,False,True,True,False,False,True,False,True,False,True
ID110,1985-12-31,1986-03-31,1986-12-31,holdout_evaluation,4,0.8368081751199001,95.5921018718123,0.04024207361356455,16.368216556562345,0.11488635965198117,0.1,True,False,False,True,True,False,False,True,False,True,False,True
ID111,1985-12-31,1986-03-31,1986-12-31,holdout_evaluation,4,0.708747566332677,590.1997835975847,0.01057083230408832,159.45730226247935,0.12636418393265286,0.1,False,True,False,True,False,True,False,True,False,True,False,True
ID114,1985-12-31,1986-03-31,1986-12-31,holdout_evaluation,4,0.6108757851543875,5122.117957465284,0.007941242963967546,523.1204768839981,0.1092695086185426,0.1,False,True,True,False,False,True,True,False,False,True,False,True
ID56,1985-12-31,1986-03-31,1986-12-31,holdout_evaluation,2,0.625347101935984,52.32711547463148,0.010957290674135152,3.120630695429103,0.022217626972754454,0.1,False,True,False,True,False,True,False,True,True,False,False,True
ID71,1985-12-31,1986-03-31,1986-12-31,holdout_evaluation,5,0.19263022301652877,10.791992762411201,0.008367545510335646,1.9306295457302505,0.010527798136579777,0.1,False,True,False,True,False,True,False,True,False,True,False,True
ID21,1986-03-31,1986-06-30,1987-03-31,holdout_evaluation,4,0.35946360630700835,15927.594637610837,0.003231628659752569,5545.60133185135,0.022090865918056025,0.1,False,True,True,False,False,True,True,False,False,True,False,True
ID7,1986-03-31,1986-06-30,1987-03-31,holdout_evaluation,4,0.7532742365890637,96.06363143644478,0.028082922148466798,8.232914548884462,0.09583150886282085,0.1,False,True,False,True,False,True,False,True,False,True,False,True
ID173,1986-06-30,1986-09-30,1987-06-30,holdout_evaluation,6,0.6218407444648966,431.77730459126985,0.05328842277463375,19.696294157107204,0.03296993061085787,0.1,False,True,False,True,True,False,False,True,False,True,False,True
ID174,1986-06-30,1986-09-30,1987-06-30,holdout_evaluation,5,0.49100225198741554,25.15218366382374,0.06554096380799396,10.72319759831132,0.045072901881751594,0.1,False,True,False,True,True,False,False,True,False,True,False,True
ID177,1986-06-30,1986-09-30,1987-06-30,holdout_evaluation,5,0.5330234851722242,108.18469682182948,0.09334187266303234,13.705035055215875,0.06808131819132984,0.1,False,True,False,True,True,False,False,True,False,True,False,True
ID59,1986-06-30,1986-09-30,1987-06-30,holdout_evaluation,5,0.27718809206674727,44248.845251853716,0.0037384272723143663,4690.90655563609,0.16114254718986998,0.1,False,True,True,False,False,True,True,False,False,True,False,True
ID1,1986-09-30,1986-12-31,1987-09-30,holdout_evaluation,6,0.39251618293534524,17.640486444597485,0.02196845752511783,3.6059822198422076,0.049471031534921085,0.1,False,True,False,True,False,True,False,True,False,True,False,True
ID10,1986-09-30,1986-12-31,1987-09-30,holdout_evaluation,4,0.7593009517244123,91.73179076241865,0.027223728234718615,7.876879690334454,0.09572356446820415,0.1,False,True,False,True,False,True,False,True,False,True,False,True
ID101,1986-09-30,1986-12-31,1987-09-30,holdout_evaluation,2,0.244643208541665,2.796203556359231,0.002803558417402539,0.9807638400577219,0.007169421951301229,0.1,False,True,False,True,False,True,False,True,True,False,False,True
ID108,1986-09-30,1986-12-31,1987-09-30,holdout_evaluation,5,0.7525725532972583,3605.574711194862,0.035587449662062856,290.4801929306386,0.09827884714119739,0.1,False,True,True,False,False,True,False,True,False,True,False,True
ID109,1986-09-30,1986-12-31,1987-09-30,holdout_evaluation,5,0.6747004267827356,6483.425140718731,0.03855610453738531,686.0729460141755,0.35737218513206304,0.1,False,True,True,False,True,False,True,False,False,True,True,False
ID116,1986-09-30,1986-12-31,1987-09-30,holdout_evaluation,5,0.37028823569612146,49.014998971107126,0.003573816166936219,7.830398634212783,0.009126418167750889,0.1,False,True,False,True,False,True,False,True,True,False,False,True
ID117,1986-09-30,1986-12-31,1987-09-30,holdout_evaluation,5,0.3124760005777815,14.712676630162319,0.0073647193611517305,3.866050404856684,0.012140633342612483,0.1,False,True,False,True,False,True,False,True,False,True,False,True
ID118,1986-09-30,1986-12-31,1987-09-30,holdout_evaluation,5,0.30900957075706664,9.754570019828403,0.01005187581392442,1.9254628573983346,0.02101351355047341,0.1,False,True,False,True,False,True,False,True,False,True,False,True
ID119,1986-09-30,1986-12-31,1987-09-30,holdout_evaluation,5,0.3727324526318122,7.091567641053715,0.010936484019301484,1.699319132497006,0.02896754602347906,0.1,False,True,False,True,False,True,False,True,False,True,False,True
ID12,1986-09-30,1986-12-31,1987-09-30,holdout_evaluation,3,0.5935998553824832,518.641841362814,0.043370718497941,50.017711646040745,0.08203070395151088,0.1,False,True,False,True,True,False,False,True,False,True,False,True
ID120,1986-09-30,1986-12-31,1987-09-30,holdout_evaluation,3,0.32571915806444607,38.80768176821597,0.018474134680487253,2.770892414009554,0.0783089437300965,0.1,False,True,False,True,False,True,False,True,False,True,False,True
ID127,1986-09-30,1986-12-31,1987-09-30,holdout_evaluation,5,0.15847694259870787,71.22935900863934,0.002773348656684691,7.909254188483784,0.009265567687908146,0.1,False,True,False,True,False,True,False,True,False,True,False,True
ID128,1986-09-30,1986-12-31,1987-09-30,holdout_evaluation,5,0.2877692833453172,705.7341294783847,0.013891877123639797,74.65391347752107,0.03749875321645839,0.1,False,True,False,True,False,True,False,True,False,True,False,True
ID129,1986-09-30,1986-12-31,1987-09-30,holdout_evaluation,5,0.4819125738972443,54.2709091656874,0.017576154732490377,5.376045903983982,0.04881513306849402,0.1,False,True,False,True,False,True,False,True,False,True,False,True
ID130,1986-09-30,1986-12-31,1987-09-30,holdout_evaluation,5,0.2509071760913152,12.615126335222415,0.005414464133939913,0.7021925865958509,0.017149924503277836,0.1,False,True,False,True,False,True,False,True,False,True,False,True
ID131,1986-09-30,1986-12-31,1987-09-30,holdout_evaluation,5,0.1494275816711454,300.21048037317394,0.00010045980666339906,78.31595882185655,0.01158481743194441,0.1,False,True,False,True,False,True,False,True,False,True,False,True
ID134,1986-09-30,1986-12-31,1987-09-30,holdout_evaluation,4,0.9094195781256289,2934.935084699132,0.33753135480061386,161.68968739962938,0.5228847173398304,0.1,True,False,True,False,True,False,False,True,False,True,True,False
ID137,1986-09-30,1986-12-31,1987-09-30,holdout_evaluation,5,0.5722654384103005,10.741613266710738,0.008087281583036943,2.6656776556378468,0.047311037878755235,0.1,False,True,False,True,False,True,False,True,False,True,False,True
ID138,1986-09-30,1986-12-31,1987-09-30,holdout_evaluation,5,0.6953628834579078,8.601147214055096,0.044860502983792475,2.6845339877477525,0.0665872396312045,0.1,False,True,False,True,True,False,False,True,False,True,False,True
ID139,1986-09-30,1986-12-31,1987-09-30,holdout_evaluation,3,0.6059000755782855,10.679378378608618,0.03806214709074085,2.784543500782086,0.07797549977702266,0.1,False,True,False,True,True,False,False,True,False,True,False,True
ID140,1986-09-30,1986-12-31,1987-09-30,holdout_evaluation,5,0.8229033736517647,31.08780835411268,0.015828563273602103,6.390671664893852,0.03336327930725528,0.1,True,False,False,True,False,True,False,True,False,True,False,True
ID141,1986-09-30,1986-12-31,1987-09-30,holdout_evaluation,5,0.6801762565056828,8.226169450188753,0.005801418350046342,2.2216921080962746,0.021241841461967212,0.1,False,True,False,True,False,True,False,True,False,True,False,True
ID142,1986-09-30,1986-12-31,1987-09-30,holdout_evaluation,5,0.39257290870992056,4.618466533062003,0.0043555845803183784,0.9905154886602116,0.055221347695941315,0.1,False,True,False,True,False,True,False,True,True,False,False,True
ID143,1986-09-30,1986-12-31,1987-09-30,holdout_evaluation,5,0.4581209387078786,10.895859066774552,0.012325541570016951,2.004014647838733,0.04077264771054137,0.1,False,True,False,True,False,True,False,True,False,True,False,True
ID144,1986-09-30,1986-12-31,1987-09-30,holdout_evaluation,5,0.64117792187607,21.38138812665979,0.017812797985244613,5.760994235763803,0.09223039319159228,0.1,False,True,False,True,False,True,False,True,False,True,False,True
ID145,1986-09-30,1986-12-31,1987-09-30,holdout_evaluation,5,0.2755866940987806,13.875790711555311,0.003383896912308144,2.7834688960806595,0.03163262802895178,0.1,False,True,False,True,False,True,False,True,True,False,False,True
ID154,1986-09-30,1986-12-31,1987-09-30,holdout_evaluation,5,0.5241438761945542,10.028641119992804,0.0076334667838834445,1.6205746832744397,0.03508557352158452,0.1,False,True,False,True,False,True,False,True,False,True,False,True
ID155,1986-09-30,1986-12-31,1987-09-30,holdout_evaluation,5,0.5967961297988422,11.751926554131588,0.00349717811870957,1.7323881146865534,0.014771251193774449,0.1,False,True,False,True,False,True,False,True,False,True,False,True
ID157,1986-09-30,1986-12-31,1987-09-30,holdout_evaluation,5,0.6409080688725346,258.3985789926803,0.030470003530941977,28.328641515594256,0.06130895151665418,0.1,False,True,False,True,False,True,False,True,False,True,False,True
ID158,1986-09-30,1986-12-31,1987-09-30,holdout_evaluation,5,0.5520869395652327,29.560246909033978,0.016544406968675374,3.3191004482121294,0.023152688448215247,0.1,False,True,False,True,False,True,False,True,True,False,False,True
ID159,1986-09-30,1986-12-31,1987-09-30,holdout_evaluation,5,0.2871021384651155,120.12334468430313,0.009724994643037917,16.00389062187613,0.03636462512935447,0.1,False,True,False,True,False,True,False,True,False,True,False,True
ID160,1986-09-30,1986-12-31,1987-09-30,holdout_evaluation,5,0.4669752476901725,89.22058422584676,0.00925421770266473,3.9425536093873594,0.02641613353196091,0.1,False,True,False,True,False,True,False,True,False,True,False,True
ID161,1986-09-30,1986-12-31,1987-09-30,holdout_evaluation,5,0.4737691146084972,114.19177496281796,0.011720408988787758,4.249876541456087,0.05025535968357201,0.1,False,True,False,True,False,True,False,True,False,True,False,True
ID166,1986-09-30,1986-12-31,1987-09-30,holdout_evaluation,5,0.550802193571053,6960521392.82227,0.13487935378464852,4.711800472058257,0.19389885773038146,0.1,False,True,True,False,True,False,False,True,False,True,False,True
ID167,1986-09-30,1986-12-31,1987-09-30,holdout_evaluation,5,0.5988432851049355,187.64553546696334,0.025480761725575854,9.685936838076964,0.12749177578482598,0.1,False,True,False,True,False,True,False,True,False,True,False,True
ID168,1986-09-30,1986-12-31,1987-09-30,holdout_evaluation,4,0.8219869683067915,30.92900838695856,0.005787647113603467,4.14086706166203,0.6612452851342063,0.1,True,False,False,True,False,True,False,True,False,True,True,False
ID176,1986-09-30,1986-12-31,1987-09-30,holdout_evaluation,5,0.7534795267083538,75.04883808548627,0.03793705555389659,11.128330039267796,0.1702254964969509,0.1,False,True,False,True,True,False,False,True,False,True,False,True
ID192,1986-09-30,1986-12-31,1987-09-30,holdout_evaluation,5,0.625082408746301,8.066430380135024,0.013799951109003613,3.518429773183795,0.0419345364082985,0.1,False,True,False,True,False,True,False,True,False,True,False,True
ID193,1986-09-30,1986-12-31,1987-09-30,holdout_evaluation,6,0.717015582609278,176.86291714136874,0.041927777111651084,31.83827677891661,0.10908156742408016,0.1,False,True,False,True,True,False,False,True,False,True,False,True
ID197,1986-09-30,1986-12-31,1987-09-30,holdout_evaluation,6,0.25809968993626053,4.892392945978953,0.0032698863770586066,0.719142095395959,0.023023533529760373,0.1,False,True,False,True,False,True,False,True,False,True,False,True
ID2,1986-09-30,1986-12-31,1987-09-30,holdout_evaluation,6,0.7549174637904378,88.37946928660287,0.026800953673568974,15.477831044585574,0.15642569843982324,0.1,False,True,False,True,False,True,False,True,False,True,False,True
ID23,1986-09-30,1986-12-31,1987-09-30,holdout_evaluation,5,0.718443068587924,1110.7566763505874,0.021920742911320623,131.19301301112992,0.16235521709565448,0.1,False,True,False,True,False,True,False,True,False,True,False,True
ID24,1986-09-30,1986-12-31,1987-09-30,holdout_evaluation,5,0.7200238703863248,1593.600402402614,0.03054905643910362,112.91404082354667,0.09126756365291466,0.1,False,True,True,False,False,True,False,True,False,True,False,True
ID25,1986-09-30,1986-12-31,1987-09-30,holdout_evaluation,5,0.7200238703863248,845.210395114803,0.0298106586025733,125.36845342276668,0.09126756365291466,0.1,False,True,False,True,False,True,False,True,False,True,False,True
ID30,1986-09-30,1986-12-31,1987-09-30,holdout_evaluation,2,0.8635353249221589,298.7350883666271,0.03432317639109156,29.283596476868453,0.3023520922138697,0.1,True,False,False,True,False,True,False,True,False,True,False,True
ID42,1986-09-30,1986-12-31,1987-09-30,holdout_evaluation,5,0.7440706572459821,668.8739845994523,0.02587346790482409,80.92442234819512,0.04941326238723268,0.1,False,True,False,True,False,True,False,True,False,True,False,True
ID43,1986-09-30,1986-12-31,1987-09-30,holdout_evaluation,5,0.6458974122262552,22.230870921347496,0.009870929041821932,2.527203150576785,0.021276064556971393,0.1,False,True,False,True,False,True,False,True,True,False,False,True
ID46,1986-09-30,1986-12-31,1987-09-30,holdout_evaluation,5,0.6619256767338819,39.858984058289415,0.02189215537642652,4.189306886931723,0.13172976976705797,0.1,False,True,False,True,False,True,False,True,False,True,False,True
ID60,1986-09-30,1986-12-31,1987-09-30,holdout_evaluation,4,0.49829999064621777,103.40418580723562,0.051921874996530934,13.16265259231109,0.031125820449445594,0.1,False,True,False,True,True,False,False,True,False,True,False,True
ID61,1986-09-30,1986-12-31,1987-09-30,holdout_evaluation,4,0.26293082699434955,2.5071937149974657,0.0019330474401751258,0.9480992720458395,0.0367093174670613,0.1,False,True,False,True,False,True,False,True,False,True,False,True
ID62,1986-09-30,1986-12-31,1987-09-30,holdout_evaluation,4,0.4433435944339237,26.332771908677884,0.013874040997204878,4.35297179422099,0.04609284520726578,0.1,False,True,False,True,False,True,False,True,False,True,False,True
ID63,1986-09-30,1986-12-31,1987-09-30,holdout_evaluation,5,0.8162936490501304,11.568643895676594,0.00400274332413747,3.2550500751017726,0.20134322184907177,0.1,True,False,False,True,False,True,False,True,False,True,False,True
ID64,1986-09-30,1986-12-31,1987-09-30,holdout_evaluation,5,0.26464908904931106,20.192356827768627,0.008010000478096845,2.123767813043712,0.031282406641872866,0.1,False,True,False,True,False,True,False,True,False,True,False,True
ID89,1986-09-30,1986-12-31,1987-09-30,holdout_evaluation,5,0.8091398337696505,17.78766202022335,0.02306467779918636,3.1370995078204578,0.26888747387153367,0.1,True,False,False,True,False,True,False,True,False,True,False,True
ID9,1986-09-30,1986-12-31,1987-09-30,holdout_evaluation,5,0.6734940138855179,4865.385830411293,0.018683325423899236,479.8518338418519,0.0891985790275854,0.1,False,True,True,False,False,True,True,False,False,True,False,True
ID90,1986-09-30,1986-12-31,1987-09-30,holdout_evaluation,5,0.9107487830451177,3.795488270648673,0.03115361029055727,3.39752328089073,0.2863840896366155,0.1,True,False,False,True,False,True,False,True,False,True,False,True
ID99,1986-09-30,1986-12-31,1987-09-30,holdout_evaluation,3,0.3577252940689255,22.152466346643212,0.07618077738600358,6.313703511555722,0.015539670897347228,0.1,False,True,False,True,True,False,False,True,False,True,False,True
ID56,1986-12-31,1987-03-31,1987-12-31,holdout_evaluation,3,0.7131704986438963,28.199132081070154,0.01509686409713658,2.6580144821196274,0.06775693146385454,0.1,False,True,False,True,False,True,False,True,False,True,False,True
ID71,1986-12-31,1987-03-31,1987-12-31,holdout_evaluation,6,0.2771207651983334,9.999315052839894,0.005973851238810376,1.7294071478957604,0.015214885563520353,0.1,False,True,False,True,False,True,False,True,False,True,False,True
ID21,1987-03-31,1987-06-30,1988-03-31,holdout_evaluation,5,0.27718809206674727,44250.944874043606,0.003739343288109582,4690.90092344643,0.16114254718986998,0.1,False,True,True,False,False,True,True,False,False,True,False,True
ID7,1987-03-31,1987-06-30,1988-03-31,holdout_evaluation,5,0.7474837344344243,102.33921580497541,0.027800925917771682,8.77364250049519,0.039405540303905626,0.1,False,True,False,True,False,True,False,True,True,False,False,True
ID1,1987-09-30,1987-12-31,1988-09-30,holdout_evaluation,7,0.46320672586120604,55.49930133951953,0.020400616352443588,2.7687365403487894,0.01894326514807687,0.1,False,True,False,True,False,True,False,True,False,True,False,True
ID10,1987-09-30,1987-12-31,1988-09-30,holdout_evaluation,5,0.7429883630079298,97.85130385845184,0.02708569857934788,8.404570043339751,0.039387781402825,0.1,False,True,False,True,False,True,False,True,False,True,False,True
ID101,1987-09-30,1987-12-31,1988-09-30,holdout_evaluation,3,0.19731631899282193,4.338781596405271,0.0031179208536149306,0.8696584896580528,0.020763306646352432,0.1,False,True,False,True,False,True,False,True,False,True,False,True
ID116,1987-09-30,1987-12-31,1988-09-30,holdout_evaluation,6,0.2534542655617133,47.74328059967919,0.005519961068272411,7.681006779474657,0.016392450339210357,0.1,False,True,False,True,False,True,False,True,False,True,False,True
ID117,1987-09-30,1987-12-31,1988-09-30,holdout_evaluation,6,0.22929803899513618,28.211267339902285,0.005403848808091501,3.8909104098631784,0.01767255058306426,0.1,False,True,False,True,False,True,False,True,False,True,False,True
ID118,1987-09-30,1987-12-31,1988-09-30,holdout_evaluation,6,0.2046249332944718,14.538369632483441,0.009379919488765903,2.056221707812538,0.018825417602545663,0.1,False,True,False,True,False,True,False,True,False,True,False,True
ID119,1987-09-30,1987-12-31,1988-09-30,holdout_evaluation,6,0.4406546413533766,5.021102870283784,0.016796492643170506,1.8093875326596705,0.05257872206283967,0.1,False,True,False,True,False,True,False,True,False,True,False,True
ID12,1987-09-30,1987-12-31,1988-09-30,holdout_evaluation,4,0.5501148040832715,267.8829938854741,0.034406303622200395,44.12703995404545,0.13722120408978522,0.1,False,True,False,True,False,True,False,True,False,True,False,True
ID120,1987-09-30,1987-12-31,1988-09-30,holdout_evaluation,4,0.3443982996623552,73.19766022330677,0.019853200427785756,3.5233350600097655,0.02462471462933426,0.1,False,True,False,True,False,True,False,True,True,False,False,True
ID127,1987-09-30,1987-12-31,1988-09-30,holdout_evaluation,6,0.21511081042095248,55.659755452031845,0.002773348656684691,8.207462746453873,0.028228913726046335,0.1,False,True,False,True,False,True,False,True,False,True,False,True
ID128,1987-09-30,1987-12-31,1988-09-30,holdout_evaluation,6,0.3876801952362091,902.8966212611783,0.01277752814323464,89.77576049770128,0.03527969637051121,0.1,False,True,False,True,False,True,False,True,False,True,False,True
ID129,1987-09-30,1987-12-31,1988-09-30,holdout_evaluation,6,0.43741371150376296,89.05032029313665,0.022928027712109417,5.8065320436929975,0.09556455699590455,0.1,False,True,False,True,False,True,False,True,False,True,False,True
ID130,1987-09-30,1987-12-31,1988-09-30,holdout_evaluation,6,0.29506646176792967,11.422291163034421,0.004376813168749999,0.7244885320884096,0.06668080666805071,0.1,False,True,False,True,False,True,False,True,False,True,False,True
ID131,1987-09-30,1987-12-31,1988-09-30,holdout_evaluation,6,0.13473368358387489,309.0171773743892,0.00040023120725645334,81.90748165747114,0.011558362915240136,0.1,False,True,False,True,False,True,False,True,True,False,False,True
ID134,1987-09-30,1987-12-31,1988-09-30,holdout_evaluation,5,0.785183893174206,3715.0927184773136,0.3095696095951507,186.20583798512249,0.4663321432755081,0.1,False,True,True,False,True,False,False,True,False,True,True,False
ID137,1987-09-30,1987-12-31,1988-09-30,holdout_evaluation,6,0.40535371762688116,36.49995880298181,0.010318972333497274,2.9349151859002127,0.027793903344130025,0.1,False,True,False,True,False,True,False,True,False,True,False,True
ID138,1987-09-30,1987-12-31,1988-09-30,holdout_evaluation,6,0.7243011674221794,21.11044852876679,0.06051601388199819,2.592904213437063,0.01794260449301372,0.1,False,True,False,True,True,False,False,True,False,True,False,True
ID139,1987-09-30,1987-12-31,1988-09-30,holdout_evaluation,4,0.5524937845065627,20.434316903119463,0.04448645622700112,2.8592901575279717,0.046512392968896296,0.1,False,True,False,True,True,False,False,True,False,True,False,True
ID140,1987-09-30,1987-12-31,1988-09-30,holdout_evaluation,6,0.8144090292607201,43.993494081018355,0.0108799780847975,5.372777807537931,0.033623270950896275,0.1,True,False,False,True,False,True,False,True,False,True,False,True
ID141,1987-09-30,1987-12-31,1988-09-30,holdout_evaluation,6,0.567767834027129,10.372216127070855,0.005256413919679971,2.2122475699575586,0.026719863904892414,0.1,False,True,False,True,False,True,False,True,False,True,False,True
ID142,1987-09-30,1987-12-31,1988-09-30,holdout_evaluation,6,0.39274847006522307,6.632695715143893,0.0043555845803183784,1.6193860268409284,0.06370698655316578,0.1,False,True,False,True,False,True,False,True,False,True,False,True
ID143,1987-09-30,1987-12-31,1988-09-30,holdout_evaluation,6,0.46935422367596263,7.8684482079327,0.01871766551656866,2.1861046736978538,0.04197777041698121,0.1,False,True,False,True,False,True,False,True,False,True,False,True
ID144,1987-09-30,1987-12-31,1988-09-30,holdout_evaluation,6,0.7523672453311634,48.86498607287805,0.01748101667093336,5.715714524362411,0.14503742065589081,0.1,False,True,False,True,False,True,False,True,False,True,False,True
ID145,1987-09-30,1987-12-31,1988-09-30,holdout_evaluation,6,0.152051184687523,27.782626900685443,0.003383896912308144,3.1217061424469326,0.012760823703745573,0.1,False,True,False,True,False,True,False,True,False,True,False,True
ID154,1987-09-30,1987-12-31,1988-09-30,holdout_evaluation,6,0.6608641780414515,7.357939580911553,0.009980890221583896,1.7910507779015805,0.036755454663069044,0.1,False,True,False,True,False,True,False,True,False,True,False,True
ID155,1987-09-30,1987-12-31,1988-09-30,holdout_evaluation,6,0.489296573904556,12.20605300928629,0.005218437709207084,1.751890728805419,0.030463989760977046,0.1,False,True,False,True,False,True,False,True,False,True,False,True
ID157,1987-09-30,1987-12-31,1988-09-30,holdout_evaluation,6,0.7670846789313781,402.82600358093174,0.028378171827036832,29.23581625902756,0.08807775064612963,0.1,False,True,False,True,False,True,False,True,False,True,False,True
ID158,1987-09-30,1987-12-31,1988-09-30,holdout_evaluation,6,0.46283327616599135,58.36121928025439,0.016544406968675374,3.3616654255670446,0.02766448085763441,0.1,False,True,False,True,False,True,False,True,False,True,False,True
ID159,1987-09-30,1987-12-31,1988-09-30,holdout_evaluation,6,0.3390735489909287,160.20413424269762,0.01280938299976351,18.761723046935163,0.035446731507577045,0.1,False,True,False,True,False,True,False,True,False,True,False,True
ID160,1987-09-30,1987-12-31,1988-09-30,holdout_evaluation,6,0.49623070805956704,161.6314310771396,0.00925421770266473,4.001500343460491,0.03583841684766693,0.1,False,True,False,True,False,True,False,True,False,True,False,True
ID161,1987-09-30,1987-12-31,1988-09-30,holdout_evaluation,6,0.4947303212032192,195.3022806815801,0.017284614668351028,4.74104938040345,0.03025931104436989,0.1,False,True,False,True,False,True,False,True,False,True,False,True
ID168,1987-09-30,1987-12-31,1988-09-30,holdout_evaluation,5,0.8401658330389365,40.054714701188075,0.006358398314293856,3.8529132414876175,0.6596926663498754,0.1,True,False,False,True,False,True,False,True,False,True,True,False
ID176,1987-09-30,1987-12-31,1988-09-30,holdout_evaluation,6,0.8436358679827787,428.8374932329524,0.022340934698231965,11.39327441624375,0.32078380159443537,0.1,True,False,False,True,False,True,False,True,False,True,True,False
ID192,1987-09-30,1987-12-31,1988-09-30,holdout_evaluation,6,0.6855885897604032,10.871838053713507,0.009798995933493041,2.9869748184556393,0.044712120785333605,0.1,False,True,False,True,False,True,False,True,True,False,False,True
ID30,1987-09-30,1987-12-31,1988-09-30,holdout_evaluation,3,0.7054569424505482,238.580512325874,0.0642879940892436,29.88916634057331,0.2619433969957126,0.1,False,True,False,True,True,False,False,True,False,True,False,True
ID42,1987-09-30,1987-12-31,1988-09-30,holdout_evaluation,6,0.776254565466524,599.2780974022749,0.021412125312319803,84.63902531157856,0.02816139639673368,0.1,False,True,False,True,False,True,False,True,False,True,False,True
ID43,1987-09-30,1987-12-31,1988-09-30,holdout_evaluation,6,0.6962015210188665,28.643167007335826,0.009335621667964181,2.2781708314279556,0.02950375505345463,0.1,False,True,False,True,False,True,False,True,False,True,False,True
ID46,1987-09-30,1987-12-31,1988-09-30,holdout_evaluation,6,0.6587398396774408,54.1580341016105,0.045401076407605045,5.157475097185794,0.056675503855159806,0.1,False,True,False,True,True,False,False,True,False,True,False,True
ID60,1987-09-30,1987-12-31,1988-09-30,holdout_evaluation,5,0.39432595773177537,105.2469713630318,0.072075986286022,11.51632457942821,0.06859863766221519,0.1,False,True,False,True,True,False,False,True,False,True,False,True
ID61,1987-09-30,1987-12-31,1988-09-30,holdout_evaluation,5,0.25056536805992385,16.7569870458417,0.0029559647201254325,1.2746708136554885,0.008857631585009459,0.1,False,True,False,True,False,True,False,True,False,True,False,True
ID62,1987-09-30,1987-12-31,1988-09-30,holdout_evaluation,5,0.39058705048057896,8.589135566091128,0.010577890035134149,3.9772084760450146,0.023065333385647174,0.1,False,True,False,True,False,True,False,True,False,True,False,True
ID64,1987-09-30,1987-12-31,1988-09-30,holdout_evaluation,6,0.3497460707760334,24.992201909365676,0.011208457701378377,2.0338180532987944,0.02386363932550567,0.1,False,True,False,True,False,True,False,True,False,True,False,True
ID9,1987-09-30,1987-12-31,1988-09-30,holdout_evaluation,6,0.6129738098545485,3985.7265624730926,0.019688151216313766,496.5874028483708,0.15468813320585206,0.1,False,True,True,False,False,True,True,False,True,False,False,True
ID90,1987-09-30,1987-12-31,1988-09-30,holdout_evaluation,6,0.745972159353959,2.132221347653591,0.03257227811682502,3.183093221155984,0.1779704785397998,0.1,False,True,False,True,False,True,False,True,False,True,False,True
ID99,1987-09-30,1987-12-31,1988-09-30,holdout_evaluation,4,0.32007876107917727,9.728789465139362,0.06337430672166025,5.401702643769376,0.11967698754916958,0.1,False,True,False,True,True,False,False,True,False,True,False,True
ID56,1987-12-31,1988-03-31,1988-12-31,holdout_evaluation,4,0.5957588885695045,10.613851021112701,0.019236437520138008,2.8822568370476693,0.018521587024109457,0.1,False,True,False,True,False,True,False,True,True,False,False,True
ID3,1988-03-31,1988-06-30,1989-03-31,holdout_evaluation,1,0.5568801533961901,6927.9075904097235,0.013432872875664387,570.0598086219244,0.03811472250087767,0.1,False,True,True,False,False,True,True,False,False,True,False,True
ID7,1988-03-31,1988-06-30,1989-03-31,holdout_evaluation,6,0.7215607450256731,19.674181827108793,0.028082922148466798,7.817671542624847,0.23966679781512248,0.1,False,True,False,True,False,True,False,True,False,True,False,True
ID1,1988-09-30,1988-12-31,1989-09-30,holdout_evaluation,8,0.4617393096776266,62.63637743645697,0.02011042755239018,2.7860352073695656,0.15217337654213053,0.1,False,True,False,True,False,True,False,True,True,False,False,True
ID10,1988-09-30,1988-12-31,1989-09-30,holdout_evaluation,6,0.7213364600142662,18.807802801114878,0.027223728234718615,7.48945580057181,0.2398800582545575,0.1,False,True,False,True,False,True,False,True,False,True,False,True
ID101,1988-09-30,1988-12-31,1989-09-30,holdout_evaluation,4,0.2872787451836402,12.732029473102692,0.0031179208536149306,0.9230180046591516,0.02788975209854114,0.1,False,True,False,True,False,True,False,True,False,True,False,True
ID116,1988-09-30,1988-12-31,1989-09-30,holdout_evaluation,7,0.3036674322602978,45.468112473555,0.005519961068272411,7.823145191242773,0.018994443917484186,0.1,False,True,False,True,False,True,False,True,False,True,False,True
ID117,1988-09-30,1988-12-31,1989-09-30,holdout_evaluation,7,0.27322674852901685,30.033062879713768,0.00539520270130328,4.173812681487826,0.017048334268595977,0.1,False,True,False,True,False,True,False,True,False,True,False,True
ID118,1988-09-30,1988-12-31,1989-09-30,holdout_evaluation,7,0.3375263926199995,16.815524860385164,0.00825456444706114,2.075313597239361,0.017871910090396882,0.1,False,True,False,True,False,True,False,True,False,True,False,True
ID119,1988-09-30,1988-12-31,1989-09-30,holdout_evaluation,7,0.2948140731620509,17.339989782490015,0.016796492643170506,2.2807593975863623,0.0017689620533291328,0.1,False,True,False,True,False,True,False,True,False,True,False,True
ID12,1988-09-30,1988-12-31,1989-09-30,holdout_evaluation,5,0.6300523818196333,113.86953410063651,0.04569646025345954,41.11186036916786,0.05194937138490427,0.1,False,True,False,True,True,False,False,True,False,True,False,True
ID120,1988-09-30,1988-12-31,1989-09-30,holdout_evaluation,5,0.4839714491076989,30.795232768059368,0.011855397757309514,3.3840716401833557,0.09156047895393882,0.1,False,True,False,True,False,True,False,True,False,True,False,True
ID134,1988-09-30,1988-12-31,1989-09-30,holdout_evaluation,6,0.8149455166054244,2131.1232449967965,0.16449267569586093,211.58240956153836,0.5099683117387596,0.1,True,False,True,False,True,False,False,True,False,True,True,False
ID139,1988-09-30,1988-12-31,1989-09-30,holdout_evaluation,5,0.5709761931638806,11.571505443588958,0.04418799726309963,2.8385165836343766,0.09555071298967517,0.1,False,True,False,True,True,False,False,True,False,True,False,True
ID140,1988-09-30,1988-12-31,1989-09-30,holdout_evaluation,7,0.7878462614810197,41.95260746602975,0.010852101703920564,4.286749904285691,0.0904561058584827,0.1,False,True,False,True,False,True,False,True,False,True,False,True
ID141,1988-09-30,1988-12-31,1989-09-30,holdout_evaluation,7,0.6085517658952492,9.701814825075054,0.005659721817725179,2.221319811850391,0.024825245373418105,0.1,False,True,False,True,False,True,False,True,False,True,False,True
ID142,1988-09-30,1988-12-31,1989-09-30,holdout_evaluation,7,0.42034969679905104,10.451258780422595,0.0043555845803183784,2.057480165194804,0.02873244962863232,0.1,False,True,False,True,False,True,False,True,True,False,False,True
ID143,1988-09-30,1988-12-31,1989-09-30,holdout_evaluation,7,0.34707090851074174,23.24083509023437,0.009483970977132371,2.5009143921751256,0.006902091246685465,0.1,False,True,False,True,False,True,False,True,False,True,False,True
ID144,1988-09-30,1988-12-31,1989-09-30,holdout_evaluation,7,0.7396598521879658,48.3956690672982,0.022888855248250302,6.377558499934642,0.017583659191893076,0.1,False,True,False,True,False,True,False,True,False,True,False,True
ID154,1988-09-30,1988-12-31,1989-09-30,holdout_evaluation,7,0.5799189101512658,9.552048764324173,0.009980890221583896,1.8730415326412773,0.0186678095413277,0.1,False,True,False,True,False,True,False,True,False,True,False,True
ID155,1988-09-30,1988-12-31,1989-09-30,holdout_evaluation,7,0.6256224871198731,12.649341999122031,0.007846369283601298,2.1411704395317184,0.06687051240102256,0.1,False,True,False,True,False,True,False,True,False,True,False,True
ID168,1988-09-30,1988-12-31,1989-09-30,holdout_evaluation,6,0.8829555124741242,16.196114769673635,0.008113584696759768,3.855989317436798,0.6565302072865119,0.1,True,False,False,True,False,True,False,True,False,True,True,False
ID192,1988-09-30,1988-12-31,1989-09-30,holdout_evaluation,7,0.7435130680297384,11.471478339922738,0.00808601726671164,2.763083552428821,0.062418656938116164,0.1,False,True,False,True,False,True,False,True,True,False,False,True
ID30,1988-09-30,1988-12-31,1989-09-30,holdout_evaluation,4,0.7970421061109023,225.92420514678435,0.07874907797495702,28.699337472944798,0.33408677719111024,0.1,False,True,False,True,True,False,False,True,False,True,True,False
ID42,1988-09-30,1988-12-31,1989-09-30,holdout_evaluation,7,0.7154584160706858,555.5571386827141,0.023223402501195103,78.70991084696179,0.030095069584585816,0.1,False,True,False,True,False,True,False,True,False,True,False,True
ID43,1988-09-30,1988-12-31,1989-09-30,holdout_evaluation,7,0.705055318861949,25.34140838735762,0.006207685979676561,2.3427497465520672,0.030545633593310705,0.1,False,True,False,True,False,True,False,True,False,True,False,True
ID46,1988-09-30,1988-12-31,1989-09-30,holdout_evaluation,7,0.6050997666704349,52.163007713189195,0.03899086358868114,5.339657264620482,0.09790181895740441,0.1,False,True,False,True,True,False,False,True,False,True,False,True
ID60,1988-09-30,1988-12-31,1989-09-30,holdout_evaluation,6,0.4297591859765526,33.234581215627536,0.06886445432988464,11.694410667938929,0.13606862234325082,0.1,False,True,False,True,True,False,False,True,False,True,False,True
ID61,1988-09-30,1988-12-31,1989-09-30,holdout_evaluation,6,0.2650872684593677,47.53484020530905,0.001370143722461828,1.270889813649262,0.03122551606837914,0.1,False,True,False,True,False,True,False,True,False,True,False,True
ID62,1988-09-30,1988-12-31,1989-09-30,holdout_evaluation,6,0.38029503980681556,8.143248444583943,0.010577890035134149,3.967427028074364,0.10300965772411928,0.1,False,True,False,True,False,True,False,True,False,True,False,True
ID99,1988-09-30,1988-12-31,1989-09-30,holdout_evaluation,5,0.32112619494256955,53.88577864383885,0.07618077738600358,5.103015739257177,0.03196331380398028,0.1,False,True,False,True,True,False,False,True,False,True,False,True
ID56,1988-12-31,1989-03-31,1989-12-31,holdout_evaluation,5,0.527337330038173,22.558020568861995,0.01694488407145908,2.548982054705729,0.04734586395610152,0.1,False,True,False,True,False,True,False,True,False,True,False,True
ID3,1989-03-31,1989-06-30,1990-03-31,holdout_evaluation,2,0.5160257397825011,3477.9965063891923,0.009619036179148586,565.5308917158073,0.041066698390917256,0.1,False,True,True,False,False,True,True,False,False,True,False,True
ID22,1989-06-30,1989-09-30,1990-06-30,holdout_evaluation,1,0.1620850493074698,0.0,0.0125920350580903,3.5598396447544283,0.003895475053673115,0.1,False,True,False,True,False,True,False,True,False,True,False,True
ID101,1989-09-30,1989-12-31,1990-09-30,holdout_evaluation,5,0.2534265230743775,3.153737788142859,0.0031179208536149306,0.8819006728999524,0.017473174372081533,0.1,False,True,False,True,False,True,False,True,False,True,False,True
ID12,1989-09-30,1989-12-31,1990-09-30,holdout_evaluation,6,0.6556320204132409,162.49357550359133,0.043663668109661546,40.367561548649036,0.06690409883856269,0.1,False,True,False,True,True,False,False,True,False,True,False,True
ID120,1989-09-30,1989-12-31,1990-09-30,holdout_evaluation,6,0.4922828580373015,102.884260880983,0.019853200427785756,4.868336969035924,0.01988969541034775,0.1,False,True,False,True,False,True,False,True,False,True,False,True
ID134,1989-09-30,1989-12-31,1990-09-30,holdout_evaluation,7,0.8519692602772744,3003.2733653978466,0.1580344728953255,218.19689841943165,0.9737674647949301,0.1,True,False,True,False,True,False,False,True,False,True,True,False
ID139,1989-09-30,1989-12-31,1990-09-30,holdout_evaluation,6,0.5727874388145723,5.723058542362559,0.03392673419888729,2.671570505615624,0.06312243420904498,0.1,False,True,False,True,False,True,False,True,True,False,False,True
ID168,1989-09-30,1989-12-31,1990-09-30,holdout_evaluation,7,0.8905024123353857,12.562335631671631,0.008925526161107977,3.857334919862443,0.6431889089693998,0.1,True,False,False,True,False,True,False,True,False,True,True,False
ID30,1989-09-30,1989-12-31,1990-09-30,holdout_evaluation,5,0.8516391114747286,218.34407908101124,0.07215843545134396,31.763416302134303,0.1877357628067735,0.1,True,False,False,True,True,False,False,True,False,True,False,True
ID99,1989-09-30,1989-12-31,1990-09-30,holdout_evaluation,6,0.4591954841441581,20.626910487454655,0.07490149362219706,5.1017297906002295,0.03186648642187787,0.1,False,True,False,True,True,False,False,True,False,True,False,True
ID56,1989-12-31,1990-03-31,1990-12-31,holdout_evaluation,6,0.596974754445538,22.389334871484706,0.021708446663186005,2.755879490145176,0.06360369025203348,0.1,False,True,False,True,False,True,False,True,False,True,False,True
ID3,1990-03-31,1990-06-30,1991-03-31,holdout_evaluation,3,0.5858935525447883,2048.4085478541397,0.006234069089235957,545.3830011817967,0.03468185930952835,0.1,False,True,True,False,False,True,True,False,False,True,False,True
ID22,1990-06-30,1990-09-30,1991-06-30,holdout_evaluation,2,0.17480322235436246,0.0,0.006029763922494283,3.2104835359343165,0.004794747168825812,0.1,False,True,False,True,False,True,False,True,False,True,False,True
ID101,1990-09-30,1990-12-31,1991-09-30,holdout_evaluation,6,0.2686355966175563,11.922423677530784,0.0074431635133394534,0.9574826653708349,0.014340613704608755,0.1,False,True,False,True,False,True,False,True,False,True,False,True
ID12,1990-09-30,1990-12-31,1991-09-30,holdout_evaluation,7,0.5767831596330258,52.308590858970405,0.043663668109661546,40.14815459291058,0.05352528876852315,0.1,False,True,False,True,True,False,False,True,True,False,False,True
ID120,1990-09-30,1990-12-31,1991-09-30,holdout_evaluation,7,0.5382881356530475,69.96577100340339,0.019853200427785756,4.919245150425161,0.054562056770329645,0.1,False,True,False,True,False,True,False,True,False,True,False,True
ID134,1990-09-30,1990-12-31,1991-09-30,holdout_evaluation,8,0.8886764273790768,1591.5961151294805,0.17703290154503473,229.25811259285823,0.9927863645296694,0.1,True,False,True,False,True,False,False,True,False,True,True,False
ID139,1990-09-30,1990-12-31,1991-09-30,holdout_evaluation,7,0.646129649274327,15.451232927843545,0.03392673419888729,2.6827748518908945,0.12168242498961816,0.1,False,True,False,True,False,True,False,True,False,True,False,True
ID30,1990-09-30,1990-12-31,1991-09-30,holdout_evaluation,6,0.805017293149801,273.47173404302134,0.0573081647035481,33.814629383535674,0.1633782373140833,0.1,False,True,False,True,True,False,False,True,False,True,False,True
ID56,1990-12-31,1991-03-31,1991-12-31,holdout_evaluation,7,0.5987283047889822,3.5462581434286227,0.01681711631992594,3.112562802193097,0.06295830163864541,0.1,False,True,False,True,False,True,False,True,False,True,False,True
ID3,1991-03-31,1991-06-30,1992-03-31,holdout_evaluation,4,0.581316230200996,5016.991001004704,0.008544161679331797,553.2235414748094,0.035927177664369155,0.1,False,True,True,False,False,True,True,False,False,True,False,True
ID22,1991-06-30,1991-09-30,1992-06-30,holdout_evaluation,3,0.24963986175442904,80089262.53532991,0.0030570245092035667,2.9597002093324454,0.005310500220045691,0.1,False,True,True,False,False,True,False,True,True,False,False,True
ID101,1991-09-30,1991-12-31,1992-09-30,holdout_evaluation,7,0.17136366152831362,14.050927218104977,0.006868017855303813,0.9980769620345818,0.007406476596098308,0.1,False,True,False,True,False,True,False,True,False,True,False,True
ID12,1991-09-30,1991-12-31,1992-09-30,holdout_evaluation,8,0.4746103054907475,33.07259460710557,0.02785703668175292,40.31167784116273,0.02194885051148085,0.1,False,True,False,True,False,True,False,True,False,True,False,True
ID120,1991-09-30,1991-12-31,1992-09-30,holdout_evaluation,8,0.3336966148103198,17.006130848095403,0.026842114550381123,5.44554970790215,0.05238422488797477,0.1,False,True,False,True,False,True,False,True,False,True,False,True
ID139,1991-09-30,1991-12-31,1992-09-30,holdout_evaluation,8,0.5794401458185674,47.93592516100212,0.03758501601036093,3.02789896853534,0.022269712679339422,0.1,False,True,False,True,True,False,False,True,False,True,False,True
ID30,1991-09-30,1991-12-31,1992-09-30,holdout_evaluation,7,0.8129069445550701,203.25641330457407,0.07050399919071762,34.93493138848112,0.21605449602982502,0.1,True,False,False,True,True,False,False,True,False,True,False,True
ID3,1992-03-31,1992-06-30,1993-03-31,holdout_evaluation,5,0.5652435125635148,2551.792513692514,0.006963939140697772,561.1538803853704,0.038271974248430214,0.1,False,True,True,False,False,True,True,False,False,True,False,True
ID22,1992-06-30,1992-09-30,1993-06-30,holdout_evaluation,4,0.20301046777273601,0.0,0.002541788756545718,2.964073335724442,0.02630427997679588,0.1,False,True,False,True,False,True,False,True,False,True,False,True
ID101,1992-09-30,1992-12-31,1993-09-30,holdout_evaluation,8,0.2654199861822137,15.155265460865397,0.006440263382926236,1.0134231962424092,0.005445243939551419,0.1,False,True,False,True,False,True,False,True,False,True,False,True
ID120,1992-09-30,1992-12-31,1993-09-30,holdout_evaluation,9,0.4023993299678061,31.550280988921465,0.015322758476840913,5.884069668801911,0.08986037357303132,0.1,False,True,False,True,False,True,False,True,False,True,False,True
ID139,1992-09-30,1992-12-31,1993-09-30,holdout_evaluation,9,0.5404655915295898,28.61920095264937,0.034787677403812174,2.6337113763375326,0.13206941154536592,0.1,False,True,False,True,False,True,False,True,True,False,False,True
ID30,1992-09-30,1992-12-31,1993-09-30,holdout_evaluation,8,0.7516289112858991,190.49620124823883,0.0573081647035481,37.874212794139,0.09827745264629163,0.1,False,True,False,True,True,False,False,True,True,False,False,True
ID3,1993-03-31,1993-06-30,1994-03-31,holdout_evaluation,6,0.6026766513889068,3451.911626157269,0.003192419540694453,590.4460765211907,0.036988972153013985,0.1,False,True,True,False,False,True,True,False,False,True,False,True
ID22,1993-06-30,1993-09-30,1994-06-30,holdout_evaluation,5,0.2157577873053902,1796556850.969792,0.004688059721110787,3.090858159681225,0.011608716160689675,0.1,False,True,True,False,False,True,False,True,False,True,False,True
ID101,1993-09-30,1993-12-31,1994-09-30,holdout_evaluation,9,0.0930372753399546,8.954915483995672,0.0060139652162650575,1.020785424504203,0.015221457020473964,0.1,False,True,False,True,False,True,False,True,False,True,False,True
ID120,1993-09-30,1993-12-31,1994-09-30,holdout_evaluation,10,0.4501961027749543,163.6559416126543,0.026842114550381123,7.158261033266567,0.04731656100366591,0.1,False,True,False,True,False,True,False,True,False,True,False,True
ID3,1994-03-31,1994-06-30,1995-03-31,holdout_evaluation,7,0.5564954274049879,8114.551525824748,0.0025697603632740505,628.7312128245956,0.019957696414988978,0.1,False,True,True,False,False,True,True,False,False,True,False,True
ID22,1994-06-30,1994-09-30,1995-06-30,holdout_evaluation,6,0.10435330004506799,0.0,0.003781950095443853,3.0011620392620424,0.00505043805289933,0.1,False,True,False,True,False,True,False,True,False,True,False,True
ID101,1994-09-30,1994-12-31,1995-09-30,holdout_evaluation,10,0.11341560626138986,11.784143746894596,0.006678415025127062,1.116736740308522,0.09463631527137041,0.1,False,True,False,True,False,True,False,True,False,True,False,True
ID3,1995-03-31,1995-06-30,1996-03-31,holdout_evaluation,8,0.5746913333746686,2439.475052185229,0.0022473288399970787,611.0718074167364,0.04417316139430808,0.1,False,True,True,False,False,True,True,False,False,True,False,True
ID22,1995-06-30,1995-09-30,1996-06-30,holdout_evaluation,7,0.18435331801524008,1018236089.4803421,0.001340354708308149,1.2543836287283214,0.01096824480411112,0.1,False,True,True,False,False,True,False,True,False,True,False,True
ID3,1996-03-31,1996-06-30,1997-03-31,holdout_evaluation,9,0.5614129200888357,4583.730914617676,0.0022473288399970787,649.1584868820239,0.0664073108934956,0.1,False,True,True,False,False,True,True,False,False,True,False,True
ID22,1996-06-30,1996-09-30,1997-06-30,holdout_evaluation,8,0.21897798870963603,0.0,0.0034069844959319314,1.2954843852908005,0.004372975602230845,0.1,False,True,False,True,False,True,False,True,False,True,False,True
ID3,1997-03-31,1997-06-30,1998-03-31,holdout_evaluation,10,0.5879167606765583,17396.60625810319,0.003192419540694453,802.0038628408121,0.04906474498283932,0.1,False,True,True,False,False,True,True,False,False,True,False,True
ID22,1997-06-30,1997-09-30,1998-06-30,holdout_evaluation,9,0.22534274867588833,0.0,0.0010462438085205303,1.2243995777202115,0.025292350385413803,0.1,False,True,False,True,False,True,False,True,False,True,False,True
ID3,1998-03-31,1998-06-30,1999-03-31,holdout_evaluation,11,0.5668882863140882,6072.509773676732,0.004745651042389866,877.7928874213388,0.03446308741389601,0.1,False,True,True,False,False,True,True,False,True,False,False,True
ID22,1998-06-30,1998-09-30,1999-06-30,holdout_evaluation,10,0.17916012550244104,904208749.8412004,0.0034069844959319314,1.6552848603938033,0.041622873937550466,0.1,False,True,True,False,False,True,False,True,False,True,False,True
ID3,1999-03-31,1999-06-30,2000-03-31,holdout_evaluation,12,0.5732782750207308,5027.388614892343,0.004855036990206035,918.9157136774411,0.0377270006799684,0.1,False,True,True,False,False,True,True,False,False,True,False,True
ID22,1999-06-30,1999-09-30,2000-06-30,holdout_evaluation,11,0.32352739942594716,2003291528.0561423,0.00657677365483531,2.751642664744346,0.05675178039415592,0.1,False,True,True,False,False,True,False,True,False,True,False,True
ID3,2000-03-31,2000-06-30,2001-03-31,holdout_evaluation,13,0.5598129149242332,12260.146469814095,0.004855036990206035,989.9563387699595,0.03407681450954984,0.1,False,True,True,False,False,True,True,False,False,True,False,True
ID22,2000-06-30,2000-09-30,2001-06-30,holdout_evaluation,12,0.38307602129064644,1931463583.7683463,0.010626920961948276,3.8131227270278867,0.01709691556047558,0.1,False,True,True,False,False,True,False,True,True,False,False,True
ID3,2001-03-31,2001-06-30,2002-03-31,holdout_evaluation,14,0.5565096864886458,8734.03256158693,0.0050481734423791225,1042.43708467629,0.046563886026486964,0.1,False,True,True,False,False,True,True,False,False,True,False,True
ID22,2001-06-30,2001-09-30,2002-06-30,holdout_evaluation,13,0.3179816737719231,0.0,0.009641109033017538,3.772694713805207,0.0764095180808502,0.1,False,True,False,True,False,True,False,True,False,True,False,True
ID22,2002-06-30,2002-09-30,2003-06-30,holdout_evaluation,14,0.2875794555563338,5479689007.76876,0.016482926145379603,5.2631556335170515,0.29765373192142786,0.1,False,True,True,False,False,True,False,True,False,True,False,True
