unique_id,cutoff,ds,y,y_hat
ID0,1980-09-30,1980-12-31,3.67,11.256546
ID0,1980-09-30,1981-03-31,3.35,14.10873
ID0,1980-09-30,1981-06-30,2.94,16.017448
ID0,1980-09-30,1981-09-30,1.75,15.463516
ID0,1981-09-30,1981-12-31,1.53,3.6620681
ID0,1981-09-30,1982-03-31,1.61,6.780484
ID0,1981-09-30,1982-06-30,1.78,7.8219423
ID0,1981-09-30,1982-09-30,1.48,8.006611
ID0,1982-09-30,1982-12-31,1.29,4.5522604
ID0,1982-09-30,1983-03-31,2.58,7.569977
ID0,1982-09-30,1983-06-30,4.03,9.685984
ID0,1982-09-30,1983-09-30,4.57,11.662764
ID0,1983-09-30,1983-12-31,5.07,6.8811274
ID0,1983-09-30,1984-03-31,5.86,9.595577
ID0,1983-09-30,1984-06-30,6.79,11.939011
ID0,1983-09-30,1984-09-30,5.02,14.79421
ID0,1984-09-30,1984-12-31,3.24,8.4409275
ID0,1984-09-30,1985-03-31,2.78,11.421869
ID0,1984-09-30,1985-06-30,2.25,14.085754
ID0,1984-09-30,1985-09-30,1.02,14.348426
ID1,1981-09-30,1981-12-31,90.0,89.94327
ID1,1981-09-30,1982-03-31,90.0,90.21931
ID1,1981-09-30,1982-06-30,90.0,91.39294
ID1,1981-09-30,1982-09-30,90.0,90.66699
ID1,1982-09-30,1982-12-31,83.0,92.53943
ID1,1982-09-30,1983-03-31,83.0,92.83523
ID1,1982-09-30,1983-06-30,83.0,93.350395
ID1,1982-09-30,1983-09-30,83.0,92.66945
ID1,1983-09-30,1983-12-31,81.0,80.492584
ID1,1983-09-30,1984-03-31,81.0,81.49785
ID1,1983-09-30,1984-06-30,81.0,82.7595
ID1,1983-09-30,1984-09-30,81.0,82.99197
ID1,1984-09-30,1984-12-31,80.0,80.19578
ID1,1984-09-30,1985-03-31,80.0,80.93341
ID1,1984-09-30,1985-06-30,80.0,81.72434
ID1,1984-09-30,1985-09-30,80.0,81.55181
ID1,1985-09-30,1985-12-31,83.0,79.65818
ID1,1985-09-30,1986-03-31,83.0,80.33928
ID1,1985-09-30,1986-06-30,87.0,81.095184
ID1,1985-09-30,1986-09-30,86.0,80.86332
ID1,1986-09-30,1986-12-31,92.0,89.078285
ID1,1986-09-30,1987-03-31,93.0,89.723465
ID1,1986-09-30,1987-06-30,98.0,92.48733
ID1,1986-09-30,1987-09-30,98.0,91.20097
ID1,1987-09-30,1987-12-31,102.0,102.61974
ID1,1987-09-30,1988-03-31,105.0,103.23645
ID1,1987-09-30,1988-06-30,109.0,107.52994
ID1,1987-09-30,1988-09-30,110.0,105.77097
ID1,1988-09-30,1988-12-31,100.0,113.10191
ID1,1988-09-30,1989-03-31,101.0,114.951805
ID1,1988-09-30,1989-06-30,99.0,118.911415
ID1,1988-09-30,1989-09-30,99.0,117.84012
ID10,1983-09-30,1983-12-31,72.0,75.0132
ID10,1983-09-30,1984-03-31,89.0,86.471176
ID10,1983-09-30,1984-06-30,75.0,88.686646
ID10,1983-09-30,1984-09-30,102.0,87.14717
ID10,1984-09-30,1984-12-31,77.0,86.980484
ID10,1984-09-30,1985-03-31,126.0,99.36701
ID10,1984-09-30,1985-06-30,97.0,91.54151
ID10,1984-09-30,1985-09-30,116.0,106.26898
ID10,1985-09-30,1985-12-31,96.0,98.07035
ID10,1985-09-30,1986-03-31,145.0,125.18703
ID10,1985-09-30,1986-06-30,112.0,104.49088
ID10,1985-09-30,1986-09-30,146.0,121.61383
ID10,1986-09-30,1986-12-31,123.0,124.88078
ID10,1986-09-30,1987-03-31,161.0,157.33293
ID10,1986-09-30,1987-06-30,168.0,128.4138
ID10,1986-09-30,1987-09-30,162.0,149.90146
ID10,1987-09-30,1987-12-31,138.0,142.9248
ID10,1987-09-30,1988-03-31,168.0,174.29472
ID10,1987-09-30,1988-06-30,169.0,166.39339
ID10,1987-09-30,1988-09-30,182.0,169.66252
ID10,1988-09-30,1988-12-31,152.0,158.60518
ID10,1988-09-30,1989-03-31,132.0,182.72052
ID10,1988-09-30,1989-06-30,133.0,184.3132
ID10,1988-09-30,1989-09-30,143.0,187.87398
ID101,1985-09-30,1985-12-31,92.0,91.99655
ID101,1985-09-30,1986-03-31,92.1,92.42253
ID101,1985-09-30,1986-06-30,92.4,93.3035
ID101,1985-09-30,1986-09-30,93.0,92.894325
ID101,1986-09-30,1986-12-31,92.7,93.33826
ID101,1986-09-30,1987-03-31,94.3,93.824585
ID101,1986-09-30,1987-06-30,95.1,94.78445
ID101,1986-09-30,1987-09-30,95.7,94.42255
ID101,1987-09-30,1987-12-31,98.1,95.623184
ID101,1987-09-30,1988-03-31,99.0,97.07476
ID101,1987-09-30,1988-06-30,99.4,98.05844
ID101,1987-09-30,1988-09-30,100.2,97.79862
ID101,1988-09-30,1988-12-31,99.3,101.56321
ID101,1988-09-30,1989-03-31,99.1,102.786644
ID101,1988-09-30,1989-06-30,100.4,103.56524
ID101,1988-09-30,1989-09-30,101.1,103.29368
ID101,1989-09-30,1989-12-31,101.9,100.58547
ID101,1989-09-30,1990-03-31,103.1,101.40729
ID101,1989-09-30,1990-06-30,103.9,102.691
ID101,1989-09-30,1990-09-30,105.6,102.61724
ID101,1990-09-30,1990-12-31,106.0,106.04374
ID101,1990-09-30,1991-03-31,107.7,106.99307
ID101,1990-09-30,1991-06-30,109.9,108.17254
ID101,1990-09-30,1991-09-30,112.1,108.29581
ID101,1991-09-30,1991-12-31,114.0,112.51347
ID101,1991-09-30,1992-03-31,114.9,114.311935
ID101,1991-09-30,1992-06-30,115.3,115.98453
ID101,1991-09-30,1992-09-30,115.9,116.533394
ID101,1992-09-30,1992-12-31,116.1,116.78209
ID101,1992-09-30,1993-03-31,118.5,117.920334
ID101,1992-09-30,1993-06-30,119.2,119.06116
ID101,1992-09-30,1993-09-30,120.1,118.92233
ID101,1993-09-30,1993-12-31,121.7,120.051445
ID101,1993-09-30,1994-03-31,122.7,121.93014
ID101,1993-09-30,1994-06-30,124.1,122.78737
ID101,1993-09-30,1994-09-30,126.0,122.23674
ID101,1994-09-30,1994-12-31,131.4,126.74804
ID101,1994-09-30,1995-03-31,138.2,128.28845
ID101,1994-09-30,1995-06-30,145.6,129.43402
ID101,1994-09-30,1995-09-30,150.5,129.42686
ID102,1978-09-30,1978-12-31,7736.0,8104.7705
ID102,1978-09-30,1979-03-31,7912.0,7906.239
ID102,1978-09-30,1979-06-30,7872.0,8201.87
ID102,1978-09-30,1979-09-30,8176.0,8005.9106
ID102,1979-09-30,1979-12-31,8176.0,8110.9517
ID102,1979-09-30,1980-03-31,8456.0,8217.389
ID102,1979-09-30,1980-06-30,8636.0,8280.589
ID102,1979-09-30,1980-09-30,9312.0,8334.987
ID102,1980-09-30,1980-12-31,9320.0,9242.925
ID102,1980-09-30,1981-03-31,9976.0,9420.929
ID102,1980-09-30,1981-06-30,10000.0,9451.059
ID102,1980-09-30,1981-09-30,9928.0,9746.399
ID102,1981-09-30,1981-12-31,9640.0,9855.037
ID102,1981-09-30,1982-03-31,9920.0,10259.136
ID102,1981-09-30,1982-06-30,10460.0,10281.863
ID102,1981-09-30,1982-09-30,10992.0,10304.936
ID102,1982-09-30,1982-12-31,11288.0,10732.568
ID102,1982-09-30,1983-03-31,11340.0,11054.043
ID102,1982-09-30,1983-06-30,11816.0,11305.353
ID102,1982-09-30,1983-09-30,12116.0,11379.121
ID102,1983-09-30,1983-12-31,12608.0,12176.122
ID102,1983-09-30,1984-03-31,13000.0,12215.573
ID102,1983-09-30,1984-06-30,12636.0,12555.71
ID102,1983-09-30,1984-09-30,13064.0,12642.051
ID102,1984-09-30,1984-12-31,13788.0,13220.225
ID102,1984-09-30,1985-03-31,14288.0,13384.777
ID102,1984-09-30,1985-06-30,14504.0,13325.826
ID102,1984-09-30,1985-09-30,15096.0,13463.254
ID102,1985-09-30,1985-12-31,15688.0,15437.597
ID102,1985-09-30,1986-03-31,15312.0,15744.885
ID102,1985-09-30,1986-06-30,15468.0,15659.913
ID102,1985-09-30,1986-09-30,16516.0,15849.181
ID103,1976-09-30,1976-12-31,142.0,134.31874
ID103,1976-09-30,1977-03-31,147.0,137.45912
ID103,1976-09-30,1977-06-30,139.0,132.88542
ID103,1976-09-30,1977-09-30,157.0,142.14207
ID103,1977-09-30,1977-12-31,152.0,157.1983
ID103,1977-09-30,1978-03-31,161.0,161.6962
ID103,1977-09-30,1978-06-30,146.0,155.03217
ID103,1977-09-30,1978-09-30,159.0,166.08472
ID103,1978-09-30,1978-12-31,163.0,153.21593
ID103,1978-09-30,1979-03-31,167.0,160.83392
ID103,1978-09-30,1979-06-30,152.0,150.45403
ID103,1978-09-30,1979-09-30,180.0,162.70825
ID103,1979-09-30,1979-12-31,186.0,178.76102
ID103,1979-09-30,1980-03-31,194.0,185.03935
ID103,1979-09-30,1980-06-30,181.0,171.47833
ID103,1979-09-30,1980-09-30,204.0,188.86761
ID104,1978-09-30,1978-12-31,194.0,206.11922
ID104,1978-09-30,1979-03-31,193.0,216.96404
ID104,1978-09-30,1979-06-30,190.0,209.65213
ID104,1978-09-30,1979-09-30,193.0,212.87271
ID104,1979-09-30,1979-12-31,208.0,187.3365
ID104,1979-09-30,1980-03-31,212.0,192.80017
ID104,1979-09-30,1980-06-30,191.0,190.04037
ID104,1979-09-30,1980-09-30,219.0,193.16042
ID104,1980-09-30,1980-12-31,270.0,223.59758
ID104,1980-09-30,1981-03-31,268.0,225.74014
ID104,1980-09-30,1981-06-30,260.0,213.27554
ID104,1980-09-30,1981-09-30,251.0,226.53665
ID104,1981-09-30,1981-12-31,285.0,278.27158
ID104,1981-09-30,1982-03-31,287.0,276.66486
ID104,1981-09-30,1982-06-30,302.0,263.41153
ID104,1981-09-30,1982-09-30,298.0,264.4558
ID104,1982-09-30,1982-12-31,315.0,320.0296
ID104,1982-09-30,1983-03-31,302.0,318.54193
ID104,1982-09-30,1983-06-30,307.0,322.69086
ID104,1982-09-30,1983-09-30,358.0,312.91794
ID104,1983-09-30,1983-12-31,363.0,360.95453
ID104,1983-09-30,1984-03-31,361.0,352.5743
ID104,1983-09-30,1984-06-30,337.0,358.98068
ID104,1983-09-30,1984-09-30,375.0,376.2258
ID104,1984-09-30,1984-12-31,385.0,368.4143
ID104,1984-09-30,1985-03-31,404.0,365.3948
ID104,1984-09-30,1985-06-30,402.0,353.95633
ID104,1984-09-30,1985-09-30,455.0,385.29822
ID104,1985-09-30,1985-12-31,441.0,454.2541
ID104,1985-09-30,1986-03-31,505.0,461.29877
ID104,1985-09-30,1986-06-30,492.0,449.89566
ID104,1985-09-30,1986-09-30,546.0,481.4764
ID105,1978-09-30,1978-12-31,88.0,88.10363
ID105,1978-09-30,1979-03-31,88.0,84.79364
ID105,1978-09-30,1979-06-30,87.0,87.18328
ID105,1978-09-30,1979-09-30,95.0,90.026245
ID105,1979-09-30,1979-12-31,98.0,96.242
ID105,1979-09-30,1980-03-31,99.0,95.71874
ID105,1979-09-30,1980-06-30,98.0,96.35583
ID105,1979-09-30,1980-09-30,106.0,100.47706
ID105,1980-09-30,1980-12-31,114.0,107.069275
ID105,1980-09-30,1981-03-31,121.0,108.177315
ID105,1980-09-30,1981-06-30,115.0,107.342094
ID105,1980-09-30,1981-09-30,122.0,112.87305
ID105,1981-09-30,1981-12-31,125.0,124.74194
ID105,1981-09-30,1982-03-31,126.0,128.76736
ID105,1981-09-30,1982-06-30,124.0,124.80794
ID105,1981-09-30,1982-09-30,131.0,129.37271
ID105,1982-09-30,1982-12-31,139.0,131.6752
ID105,1982-09-30,1983-03-31,135.0,135.2479
ID105,1982-09-30,1983-06-30,130.0,131.94199
ID105,1982-09-30,1983-09-30,141.0,137.01973
ID105,1983-09-30,1983-12-31,147.0,144.30887
ID105,1983-09-30,1984-03-31,152.0,143.34343
ID105,1983-09-30,1984-06-30,140.0,140.12976
ID105,1983-09-30,1984-09-30,154.0,146.91267
ID105,1984-09-30,1984-12-31,162.0,155.68188
ID105,1984-09-30,1985-03-31,168.0,158.08311
ID105,1984-09-30,1985-06-30,157.0,150.42981
ID105,1984-09-30,1985-09-30,178.0,160.07138
ID105,1985-09-30,1985-12-31,185.0,179.579
ID105,1985-09-30,1986-03-31,185.0,184.93723
ID105,1985-09-30,1986-06-30,179.0,174.18622
ID105,1985-09-30,1986-09-30,189.0,187.77228
ID107,1978-09-30,1978-12-31,98.0,103.20259
ID107,1978-09-30,1979-03-31,101.0,105.14996
ID107,1978-09-30,1979-06-30,98.0,102.91491
ID107,1978-09-30,1979-09-30,102.0,101.59601
ID107,1979-09-30,1979-12-31,97.0,100.91728
ID107,1979-09-30,1980-03-31,102.0,104.07512
ID107,1979-09-30,1980-06-30,100.0,102.126045
ID107,1979-09-30,1980-09-30,101.0,103.23365
ID107,1980-09-30,1980-12-31,108.0,97.75485
ID107,1980-09-30,1981-03-31,118.0,102.23229
ID107,1980-09-30,1981-06-30,112.0,100.719734
ID107,1980-09-30,1981-09-30,115.0,102.08544
ID107,1981-09-30,1981-12-31,115.0,118.291725
ID107,1981-09-30,1982-03-31,117.0,125.38864
ID107,1981-09-30,1982-06-30,109.0,121.330246
ID107,1981-09-30,1982-09-30,114.0,122.26076
ID107,1982-09-30,1982-12-31,109.0,112.55226
ID107,1982-09-30,1983-03-31,111.0,117.3415
ID107,1982-09-30,1983-06-30,105.0,112.09762
ID107,1982-09-30,1983-09-30,110.0,115.57357
ID107,1983-09-30,1983-12-31,113.0,107.290924
ID107,1983-09-30,1984-03-31,113.0,110.18047
ID107,1983-09-30,1984-06-30,108.0,105.98712
ID107,1983-09-30,1984-09-30,110.0,110.206566
ID107,1984-09-30,1984-12-31,112.0,111.13153
ID107,1984-09-30,1985-03-31,119.0,112.55284
ID107,1984-09-30,1985-06-30,116.0,108.68485
ID107,1984-09-30,1985-09-30,122.0,110.96684
ID107,1985-09-30,1985-12-31,131.0,122.85324
ID107,1985-09-30,1986-03-31,135.0,127.48964
ID107,1985-09-30,1986-06-30,133.0,124.6707
ID107,1985-09-30,1986-09-30,138.0,127.1792
ID108,1982-09-30,1982-12-31,1622.0,1793.9426
ID108,1982-09-30,1983-03-31,1754.0,1780.7156
ID108,1982-09-30,1983-06-30,1938.0,1929.4102
ID108,1982-09-30,1983-09-30,2348.0,2118.2466
ID108,1983-09-30,1983-12-31,2605.0,1957.3264
ID108,1983-09-30,1984-03-31,2540.0,2008.7257
ID108,1983-09-30,1984-06-30,2419.0,2160.0874
ID108,1983-09-30,1984-09-30,3225.0,2461.3708
ID108,1984-09-30,1984-12-31,3228.0,3078.498
ID108,1984-09-30,1985-03-31,2673.0,3001.6433
ID108,1984-09-30,1985-06-30,3405.0,2926.8086
ID108,1984-09-30,1985-09-30,4412.0,3362.1094
ID108,1985-09-30,1985-12-31,4047.0,4093.6455
ID108,1985-09-30,1986-03-31,4254.0,3660.1895
ID108,1985-09-30,1986-06-30,4587.0,3981.9277
ID108,1985-09-30,1986-09-30,5127.0,4649.41
ID108,1986-09-30,1986-12-31,4207.0,4647.2217
ID108,1986-09-30,1987-03-31,4587.0,4512.7695
ID108,1986-09-30,1987-06-30,4206.0,4917.7036
ID108,1986-09-30,1987-09-30,4778.0,5395.2676
ID109,1982-09-30,1982-12-31,5887.0,5670.2334
ID109,1982-09-30,1983-03-31,6031.0,5762.4873
ID109,1982-09-30,1983-06-30,6638.0,6135.718
ID109,1982-09-30,1983-09-30,7321.0,6264.6055
ID109,1983-09-30,1983-12-31,7573.0,7038.448
ID109,1983-09-30,1984-03-31,7930.0,7066.297
ID109,1983-09-30,1984-06-30,8258.0,7435.094
ID109,1983-09-30,1984-09-30,9568.0,7710.5103
ID109,1984-09-30,1984-12-31,9949.0,9249.957
ID109,1984-09-30,1985-03-31,9545.0,9286.283
ID109,1984-09-30,1985-06-30,11412.0,9497.599
ID109,1984-09-30,1985-09-30,13064.0,10102.28
ID109,1985-09-30,1985-12-31,12555.0,12552.569
ID109,1985-09-30,1986-03-31,12706.0,12107.897
ID109,1985-09-30,1986-06-30,13464.0,12993.011
ID109,1985-09-30,1986-09-30,14817.0,13793.719
ID109,1986-09-30,1986-12-31,13053.0,13909.242
ID109,1986-09-30,1987-03-31,13464.0,13743.926
ID109,1986-09-30,1987-06-30,13280.0,14613.638
ID109,1986-09-30,1987-09-30,3584.0,15524.927
ID11,1981-09-30,1981-12-31,218.0,175.55275
ID11,1981-09-30,1982-03-31,274.0,212.6894
ID11,1981-09-30,1982-06-30,211.0,175.2081
ID11,1981-09-30,1982-09-30,288.0,166.92403
ID110,1982-12-31,1983-03-31,93.0,115.00474
ID110,1982-12-31,1983-06-30,105.0,129.61307
ID110,1982-12-31,1983-09-30,82.0,116.28623
ID110,1982-12-31,1983-12-31,133.0,145.18153
ID110,1983-12-31,1984-03-31,85.0,103.95459
ID110,1983-12-31,1984-06-30,115.0,113.77309
ID110,1983-12-31,1984-09-30,108.0,100.37599
ID110,1983-12-31,1984-12-31,109.0,137.5159
ID110,1984-12-31,1985-03-31,140.0,88.54753
ID110,1984-12-31,1985-06-30,92.0,108.70704
ID110,1984-12-31,1985-09-30,132.0,100.62659
ID110,1984-12-31,1985-12-31,124.0,115.23809
ID110,1985-12-31,1986-03-31,144.0,140.00844
ID110,1985-12-31,1986-06-30,104.0,118.022415
ID110,1985-12-31,1986-09-30,125.0,133.88843
ID110,1985-12-31,1986-12-31,100.0,126.81591
ID111,1982-12-31,1983-03-31,1795.0,1751.5538
ID111,1982-12-31,1983-06-30,2026.0,1962.815
ID111,1982-12-31,1983-09-30,1879.0,1812.3877
ID111,1982-12-31,1983-12-31,2230.0,1987.826
ID111,1983-12-31,1984-03-31,1978.0,2067.823
ID111,1983-12-31,1984-06-30,2288.0,2258.1797
ID111,1983-12-31,1984-09-30,2148.0,2096.9585
ID111,1983-12-31,1984-12-31,2146.0,2332.4204
ID111,1984-12-31,1985-03-31,2575.0,1962.7988
ID111,1984-12-31,1985-06-30,2168.0,2216.8804
ID111,1984-12-31,1985-09-30,2587.0,2082.7966
ID111,1984-12-31,1985-12-31,2398.0,2191.7144
ID111,1985-12-31,1986-03-31,2881.0,2627.0835
ID111,1985-12-31,1986-06-30,2703.0,2480.2146
ID111,1985-12-31,1986-09-30,3124.0,2624.362
ID111,1985-12-31,1986-12-31,2881.0,2470.3926
ID112,1978-09-30,1978-12-31,330.0,328.86615
ID112,1978-09-30,1979-03-31,332.0,331.62888
ID112,1978-09-30,1979-06-30,334.0,338.79404
ID112,1978-09-30,1979-09-30,340.0,322.9768
ID112,1979-09-30,1979-12-31,328.0,342.21436
ID112,1979-09-30,1980-03-31,333.0,345.83496
ID112,1979-09-30,1980-06-30,344.0,349.79227
ID112,1979-09-30,1980-09-30,339.0,341.42822
ID112,1980-09-30,1980-12-31,363.0,332.20554
ID112,1980-09-30,1981-03-31,386.0,337.15582
ID112,1980-09-30,1981-06-30,384.0,344.39584
ID112,1980-09-30,1981-09-30,385.0,340.8486
ID112,1981-09-30,1981-12-31,383.0,397.95352
ID112,1981-09-30,1982-03-31,387.0,408.88116
ID112,1981-09-30,1982-06-30,378.0,410.461
ID112,1981-09-30,1982-09-30,380.0,402.58594
ID112,1982-09-30,1982-12-31,368.0,375.2827
ID112,1982-09-30,1983-03-31,363.0,384.60843
ID112,1982-09-30,1983-06-30,364.0,380.75586
ID112,1982-09-30,1983-09-30,369.0,380.2712
ID112,1983-09-30,1983-12-31,373.0,362.23422
ID112,1983-09-30,1984-03-31,376.0,364.17764
ID112,1983-09-30,1984-06-30,371.0,365.07648
ID112,1983-09-30,1984-09-30,373.0,366.7411
ID112,1984-09-30,1984-12-31,383.0,374.01712
ID112,1984-09-30,1985-03-31,394.0,375.09348
ID112,1984-09-30,1985-06-30,410.0,374.81375
ID112,1984-09-30,1985-09-30,424.0,374.5027
ID112,1985-09-30,1985-12-31,447.0,430.78848
ID112,1985-09-30,1986-03-31,450.0,436.79453
ID112,1985-09-30,1986-06-30,468.0,442.78564
ID112,1985-09-30,1986-09-30,476.0,443.60623
ID113,1982-09-30,1982-12-31,119.5,98.28199
ID113,1982-09-30,1983-03-31,107.5,100.60363
ID113,1982-09-30,1983-06-30,140.9,102.61227
ID113,1982-09-30,1983-09-30,199.3,117.0519
ID113,1983-09-30,1983-12-31,297.6,169.37302
ID113,1983-09-30,1984-03-31,334.7,155.03853
ID113,1983-09-30,1984-06-30,230.5,167.76434
ID113,1983-09-30,1984-09-30,200.3,204.8301
ID113,1984-09-30,1984-12-31,178.3,255.31458
ID113,1984-09-30,1985-03-31,215.7,282.4761
ID113,1984-09-30,1985-06-30,253.7,224.7846
ID113,1984-09-30,1985-09-30,262.4,209.50229
ID114,1982-12-31,1983-03-31,4909.0,4647.535
ID114,1982-12-31,1983-06-30,5373.0,4804.7944
ID114,1982-12-31,1983-09-30,5231.0,4536.5137
ID114,1982-12-31,1983-12-31,6072.0,5081.3516
ID114,1983-12-31,1984-03-31,6300.0,5872.8604
ID114,1983-12-31,1984-06-30,6653.0,6072.674
ID114,1983-12-31,1984-09-30,6010.0,5854.2153
ID114,1983-12-31,1984-12-31,8112.0,6430.8535
ID114,1984-12-31,1985-03-31,8340.0,7670.4155
ID114,1984-12-31,1985-06-30,8631.0,7858.8735
ID114,1984-12-31,1985-09-30,8115.0,7367.8584
ID114,1984-12-31,1985-12-31,9647.0,8524.232
ID114,1985-12-31,1986-03-31,8221.0,9279.623
ID114,1985-12-31,1986-06-30,8489.0,9457.884
ID114,1985-12-31,1986-09-30,9860.0,8859.279
ID114,1985-12-31,1986-12-31,11204.0,10124.706
ID115,1978-09-30,1978-12-31,89.0,92.505615
ID115,1978-09-30,1979-03-31,99.0,99.654366
ID115,1978-09-30,1979-06-30,91.0,96.45481
ID115,1978-09-30,1979-09-30,100.0,99.334465
ID115,1979-09-30,1979-12-31,92.0,95.9922
ID115,1979-09-30,1980-03-31,101.0,104.74603
ID115,1979-09-30,1980-06-30,100.0,99.11745
ID115,1979-09-30,1980-09-30,107.0,104.814865
ID115,1980-09-30,1980-12-31,101.0,101.13493
ID115,1980-09-30,1981-03-31,111.0,110.2524
ID115,1980-09-30,1981-06-30,108.0,106.8573
ID115,1980-09-30,1981-09-30,112.0,112.63924
ID115,1981-09-30,1981-12-31,107.0,107.22542
ID115,1981-09-30,1982-03-31,116.0,116.14565
ID115,1981-09-30,1982-06-30,110.0,113.6376
ID115,1981-09-30,1982-09-30,116.0,117.38716
ID115,1982-09-30,1982-12-31,109.0,111.41631
ID115,1982-09-30,1983-03-31,115.0,120.063484
ID115,1982-09-30,1983-06-30,121.0,115.83769
ID115,1982-09-30,1983-09-30,124.0,119.65863
ID115,1983-09-30,1983-12-31,120.0,120.1057
ID115,1983-09-30,1984-03-31,134.0,127.30941
ID115,1983-09-30,1984-06-30,126.0,128.43443
ID115,1983-09-30,1984-09-30,133.0,130.6268
ID115,1984-09-30,1984-12-31,127.0,128.10823
ID115,1984-09-30,1985-03-31,148.0,137.52116
ID115,1984-09-30,1985-06-30,145.0,134.55736
ID115,1984-09-30,1985-09-30,150.0,138.17854
ID115,1985-09-30,1985-12-31,133.0,144.63596
ID115,1985-09-30,1986-03-31,163.0,159.62839
ID115,1985-09-30,1986-06-30,155.0,154.48979
ID115,1985-09-30,1986-09-30,159.0,157.83131
ID116,1982-09-30,1982-12-31,456.8,450.00632
ID116,1982-09-30,1983-03-31,461.9,455.13696
ID116,1982-09-30,1983-06-30,469.2,458.69684
ID116,1982-09-30,1983-09-30,474.3,459.14343
ID116,1983-09-30,1983-12-31,486.5,477.994
ID116,1983-09-30,1984-03-31,451.4,482.63852
ID116,1983-09-30,1984-06-30,500.0,487.43076
ID116,1983-09-30,1984-09-30,508.0,486.1394
ID116,1984-09-30,1984-12-31,511.2,517.8659
ID116,1984-09-30,1985-03-31,521.8,500.40955
ID116,1984-09-30,1985-06-30,526.6,527.3413
ID116,1984-09-30,1985-09-30,531.3,524.8676
ID116,1985-09-30,1985-12-31,541.9,534.01025
ID116,1985-09-30,1986-03-31,554.3,527.2697
ID116,1985-09-30,1986-06-30,557.6,547.30786
ID116,1985-09-30,1986-09-30,572.0,544.5608
ID116,1986-09-30,1986-12-31,573.6,575.68066
ID116,1986-09-30,1987-03-31,581.3,584.6618
ID116,1986-09-30,1987-06-30,590.2,587.29834
ID116,1986-09-30,1987-09-30,602.0,588.7884
ID116,1987-09-30,1987-12-31,610.8,600.54395
ID116,1987-09-30,1988-03-31,613.3,608.6177
ID116,1987-09-30,1988-06-30,622.2,613.78015
ID116,1987-09-30,1988-09-30,634.4,617.2845
ID116,1988-09-30,1988-12-31,646.0,637.4237
ID116,1988-09-30,1989-03-31,652.9,640.6391
ID116,1988-09-30,1989-06-30,658.8,648.0636
ID116,1988-09-30,1989-09-30,668.3,650.3498
ID117,1982-09-30,1982-12-31,296.4,290.69656
ID117,1982-09-30,1983-03-31,298.3,293.78433
ID117,1982-09-30,1983-06-30,302.6,296.5342
ID117,1982-09-30,1983-09-30,304.6,295.89206
ID117,1983-09-30,1983-12-31,306.3,307.83487
ID117,1983-09-30,1984-03-31,300.6,309.90228
ID117,1983-09-30,1984-06-30,318.0,313.01044
ID117,1983-09-30,1984-09-30,328.6,311.7569
ID117,1984-09-30,1984-12-31,327.0,330.33694
ID117,1984-09-30,1985-03-31,333.5,327.90594
ID117,1984-09-30,1985-06-30,338.6,338.51587
ID117,1984-09-30,1985-09-30,335.2,339.71725
ID117,1985-09-30,1985-12-31,339.7,334.1829
ID117,1985-09-30,1986-03-31,345.1,335.6307
ID117,1985-09-30,1986-06-30,349.2,344.3586
ID117,1985-09-30,1986-09-30,358.2,341.97348
ID117,1986-09-30,1986-12-31,361.0,359.51358
ID117,1986-09-30,1987-03-31,365.5,363.87082
ID117,1986-09-30,1987-06-30,371.4,368.02313
ID117,1986-09-30,1987-09-30,378.5,367.006
ID117,1987-09-30,1987-12-31,384.9,378.91183
ID117,1987-09-30,1988-03-31,386.2,382.87515
ID117,1987-09-30,1988-06-30,395.3,387.05066
ID117,1987-09-30,1988-09-30,398.8,388.8459
ID117,1988-09-30,1988-12-31,407.3,402.0565
ID117,1988-09-30,1989-03-31,411.0,403.88107
ID117,1988-09-30,1989-06-30,411.7,410.6799
ID117,1988-09-30,1989-09-30,424.3,409.58896
ID118,1982-09-30,1982-12-31,126.8,126.572685
ID118,1982-09-30,1983-03-31,127.9,128.90376
ID118,1982-09-30,1983-06-30,129.9,130.13881
ID118,1982-09-30,1983-09-30,131.6,131.80228
ID118,1983-09-30,1983-12-31,138.1,132.69911
ID118,1983-09-30,1984-03-31,128.7,134.15776
ID118,1983-09-30,1984-06-30,139.3,135.9135
ID118,1983-09-30,1984-09-30,145.2,136.36032
ID118,1984-09-30,1984-12-31,146.1,150.11272
ID118,1984-09-30,1985-03-31,151.3,145.87404
ID118,1984-09-30,1985-06-30,153.0,152.31432
ID118,1984-09-30,1985-09-30,154.3,153.63454
ID118,1985-09-30,1985-12-31,155.6,155.35999
ID118,1985-09-30,1986-03-31,158.4,155.26912
ID118,1985-09-30,1986-06-30,159.3,160.16942
ID118,1985-09-30,1986-09-30,162.6,160.57275
ID118,1986-09-30,1986-12-31,165.3,162.60043
ID118,1986-09-30,1987-03-31,166.6,165.80815
ID118,1986-09-30,1987-06-30,170.9,166.82797
ID118,1986-09-30,1987-09-30,173.7,167.10379
ID118,1987-09-30,1987-12-31,178.2,175.22852
ID118,1987-09-30,1988-03-31,180.1,177.0156
ID118,1987-09-30,1988-06-30,182.8,179.6271
ID118,1987-09-30,1988-09-30,184.3,179.98265
ID118,1988-09-30,1988-12-31,188.9,186.67183
ID118,1988-09-30,1989-03-31,191.8,187.64818
ID118,1988-09-30,1989-06-30,193.2,190.47919
ID118,1988-09-30,1989-09-30,194.2,189.67868
ID119,1982-09-30,1982-12-31,92.0,94.12948
ID119,1982-09-30,1983-03-31,93.0,97.43549
ID119,1982-09-30,1983-06-30,92.0,96.9998
ID119,1982-09-30,1983-09-30,95.0,98.41553
ID119,1983-09-30,1983-12-31,96.0,93.94339
ID119,1983-09-30,1984-03-31,99.0,96.29142
ID119,1983-09-30,1984-06-30,98.0,95.67111
ID119,1983-09-30,1984-09-30,101.0,97.44497
ID119,1984-09-30,1984-12-31,102.0,101.279686
ID119,1984-09-30,1985-03-31,104.0,103.77473
ID119,1984-09-30,1985-06-30,103.0,103.181274
ID119,1984-09-30,1985-09-30,104.0,104.88849
ID119,1985-09-30,1985-12-31,101.0,104.12736
ID119,1985-09-30,1986-03-31,102.0,106.61687
ID119,1985-09-30,1986-06-30,100.0,105.95126
ID119,1985-09-30,1986-09-30,98.0,106.73786
ID119,1986-09-30,1986-12-31,99.0,96.530464
ID119,1986-09-30,1987-03-31,102.0,98.38922
ID119,1986-09-30,1987-06-30,100.0,98.10981
ID119,1986-09-30,1987-09-30,101.0,97.47797
ID119,1987-09-30,1987-12-31,103.0,101.53163
ID119,1987-09-30,1988-03-31,108.0,103.91113
ID119,1987-09-30,1988-06-30,109.0,102.97078
ID119,1987-09-30,1988-09-30,113.0,102.189026
ID119,1988-09-30,1988-12-31,115.0,114.5216
ID119,1988-09-30,1989-03-31,119.0,118.88561
ID119,1988-09-30,1989-06-30,119.0,118.9615
ID119,1988-09-30,1989-09-30,120.0,120.194786
ID12,1984-09-30,1984-12-31,664.0,711.1621
ID12,1984-09-30,1985-03-31,607.0,716.34033
ID12,1984-09-30,1985-06-30,568.0,747.1069
ID12,1984-09-30,1985-09-30,528.0,744.51416
ID12,1985-09-30,1985-12-31,520.0,507.27817
ID12,1985-09-30,1986-03-31,476.0,511.94577
ID12,1985-09-30,1986-06-30,452.0,531.37177
ID12,1985-09-30,1986-09-30,437.0,519.0738
ID12,1986-09-30,1986-12-31,421.0,445.4162
ID12,1986-09-30,1987-03-31,425.0,438.143
ID12,1986-09-30,1987-06-30,477.0,447.96536
ID12,1986-09-30,1987-09-30,521.0,435.60938
ID12,1987-09-30,1987-12-31,464.0,518.352
ID12,1987-09-30,1988-03-31,447.0,506.69733
ID12,1987-09-30,1988-06-30,465.0,529.5243
ID12,1987-09-30,1988-09-30,451.0,541.997
ID12,1988-09-30,1988-12-31,428.0,414.9455
ID12,1988-09-30,1989-03-31,418.0,412.67392
ID12,1988-09-30,1989-06-30,407.0,440.49316
ID12,1988-09-30,1989-09-30,411.0,447.46765
ID12,1989-09-30,1989-12-31,419.0,403.18036
ID12,1989-09-30,1990-03-31,427.0,397.21753
ID12,1989-09-30,1990-06-30,442.0,406.0815
ID12,1989-09-30,1990-09-30,434.0,403.77295
ID12,1990-09-30,1990-12-31,424.0,441.71445
ID12,1990-09-30,1991-03-31,413.0,444.6374
ID12,1990-09-30,1991-06-30,423.0,450.69507
ID12,1990-09-30,1991-09-30,427.0,442.65427
ID12,1991-09-30,1991-12-31,434.0,419.6655
ID12,1991-09-30,1992-03-31,429.0,417.8559
ID12,1991-09-30,1992-06-30,428.0,430.3124
ID12,1991-09-30,1992-09-30,436.0,426.29703
ID120,1984-09-30,1984-12-31,115.4,118.31507
ID120,1984-09-30,1985-03-31,112.1,120.3403
ID120,1984-09-30,1985-06-30,115.3,121.85619
ID120,1984-09-30,1985-09-30,117.0,121.716515
ID120,1985-09-30,1985-12-31,122.8,116.2451
ID120,1985-09-30,1986-03-31,124.4,115.83085
ID120,1985-09-30,1986-06-30,123.1,118.35231
ID120,1985-09-30,1986-09-30,127.1,118.80017
ID120,1986-09-30,1986-12-31,136.5,130.45439
ID120,1986-09-30,1987-03-31,141.3,130.40572
ID120,1986-09-30,1987-06-30,143.7,131.22914
ID120,1986-09-30,1987-09-30,145.9,132.39832
ID120,1987-09-30,1987-12-31,147.1,151.45917
ID120,1987-09-30,1988-03-31,147.6,154.02046
ID120,1987-09-30,1988-06-30,151.5,154.72972
ID120,1987-09-30,1988-09-30,155.8,154.92516
ID120,1988-09-30,1988-12-31,164.1,156.34627
ID120,1988-09-30,1989-03-31,169.1,158.10774
ID120,1988-09-30,1989-06-30,180.3,160.81816
ID120,1988-09-30,1989-09-30,185.4,161.72002
ID120,1989-09-30,1989-12-31,195.6,190.21478
ID120,1989-09-30,1990-03-31,199.2,191.5341
ID120,1989-09-30,1990-06-30,196.0,197.81393
ID120,1989-09-30,1990-09-30,197.1,197.73018
ID120,1990-09-30,1990-12-31,193.2,200.74875
ID120,1990-09-30,1991-03-31,194.7,203.03665
ID120,1990-09-30,1991-06-30,190.8,204.10307
ID120,1990-09-30,1991-09-30,189.5,203.37444
ID120,1991-09-30,1991-12-31,194.9,187.11671
ID120,1991-09-30,1992-03-31,197.1,190.01373
ID120,1991-09-30,1992-06-30,198.8,188.84862
ID120,1991-09-30,1992-09-30,203.8,187.96573
ID120,1992-09-30,1992-12-31,222.6,206.53584
ID120,1992-09-30,1993-03-31,224.3,208.42586
ID120,1992-09-30,1993-06-30,227.7,208.34032
ID120,1992-09-30,1993-09-30,235.3,208.15852
ID120,1993-09-30,1993-12-31,252.0,245.04353
ID120,1993-09-30,1994-03-31,255.7,245.19553
ID120,1993-09-30,1994-06-30,259.3,246.87405
ID120,1993-09-30,1994-09-30,266.2,248.13785
ID121,1974-09-30,1974-12-31,14.08,15.839232
ID121,1974-09-30,1975-03-31,14.31,18.341105
ID121,1974-09-30,1975-06-30,14.58,20.227268
ID121,1974-09-30,1975-09-30,14.92,21.505487
ID121,1975-09-30,1975-12-31,15.14,17.126318
ID121,1975-09-30,1976-03-31,15.5,19.582151
ID121,1975-09-30,1976-06-30,15.64,21.46806
ID121,1975-09-30,1976-09-30,16.03,22.723207
ID121,1976-09-30,1976-12-31,17.03,18.05128
ID121,1976-09-30,1977-03-31,17.1,20.579456
ID121,1976-09-30,1977-06-30,17.06,22.290762
ID121,1976-09-30,1977-09-30,16.91,23.648203
ID121,1977-09-30,1977-12-31,17.0,19.391949
ID121,1977-09-30,1978-03-31,16.95,21.772614
ID121,1977-09-30,1978-06-30,17.22,23.2384
ID121,1977-09-30,1978-09-30,17.42,24.383478
ID122,1974-09-30,1974-12-31,617.7,607.21405
ID122,1974-09-30,1975-03-31,628.0,613.2759
ID122,1974-09-30,1975-06-30,638.9,621.0072
ID122,1974-09-30,1975-09-30,645.1,621.45245
ID122,1975-09-30,1975-12-31,662.8,650.8925
ID122,1975-09-30,1976-03-31,675.7,657.3814
ID122,1975-09-30,1976-06-30,691.1,666.1088
ID122,1975-09-30,1976-09-30,710.0,664.13947
ID122,1976-09-30,1976-12-31,729.5,718.71954
ID122,1976-09-30,1977-03-31,743.3,726.5858
ID122,1976-09-30,1977-06-30,755.9,736.6419
ID122,1976-09-30,1977-09-30,770.7,737.3598
ID122,1977-09-30,1977-12-31,774.4,779.2507
ID122,1977-09-30,1978-03-31,784.5,787.7825
ID122,1977-09-30,1978-06-30,800.9,797.2332
ID122,1977-09-30,1978-09-30,815.9,799.1998
ID123,1974-09-30,1974-12-31,110.4,110.48139
ID123,1974-09-30,1975-03-31,112.6,110.783134
ID123,1974-09-30,1975-06-30,111.2,111.87596
ID123,1974-09-30,1975-09-30,110.5,111.05403
ID123,1975-09-30,1975-12-31,111.4,110.95828
ID123,1975-09-30,1976-03-31,113.1,112.11258
ID123,1975-09-30,1976-06-30,115.9,112.68311
ID123,1975-09-30,1976-09-30,118.4,111.400856
ID123,1976-09-30,1976-12-31,121.4,119.27436
ID123,1976-09-30,1977-03-31,124.3,121.40353
ID123,1976-09-30,1977-06-30,128.7,122.68583
ID123,1976-09-30,1977-09-30,131.6,122.542854
ID123,1977-09-30,1977-12-31,137.7,134.07973
ID123,1977-09-30,1978-03-31,140.2,136.2851
ID123,1977-09-30,1978-06-30,140.7,139.63838
ID123,1977-09-30,1978-09-30,142.2,140.14049
ID124,1974-09-30,1974-12-31,37.7,35.83021
ID124,1974-09-30,1975-03-31,38.2,38.430946
ID124,1974-09-30,1975-06-30,39.1,40.14305
ID124,1974-09-30,1975-09-30,38.8,41.383278
ID124,1975-09-30,1975-12-31,44.5,41.495964
ID124,1975-09-30,1976-03-31,45.7,43.42977
ID124,1975-09-30,1976-06-30,46.3,44.765152
ID124,1975-09-30,1976-09-30,49.3,45.20262
ID124,1976-09-30,1976-12-31,49.8,53.054752
ID124,1976-09-30,1977-03-31,50.0,54.321426
ID124,1976-09-30,1977-06-30,50.7,55.21704
ID124,1976-09-30,1977-09-30,49.3,56.114338
ID124,1977-09-30,1977-12-31,45.7,50.544273
ID124,1977-09-30,1978-03-31,45.9,52.15477
ID124,1977-09-30,1978-06-30,46.2,53.515923
ID124,1977-09-30,1978-09-30,48.9,54.100906
ID125,1974-09-30,1974-12-31,10.0,12.065502
ID125,1974-09-30,1975-03-31,11.85,15.917067
ID125,1974-09-30,1975-06-30,11.7,17.646694
ID125,1974-09-30,1975-09-30,13.42,20.14587
ID125,1975-09-30,1975-12-31,11.2,13.609872
ID125,1975-09-30,1976-03-31,13.63,17.570057
ID125,1975-09-30,1976-06-30,13.65,18.899296
ID125,1975-09-30,1976-09-30,15.93,21.542812
ID125,1976-09-30,1976-12-31,13.33,15.597336
ID125,1976-09-30,1977-03-31,16.05,19.827438
ID125,1976-09-30,1977-06-30,15.92,20.921364
ID125,1976-09-30,1977-09-30,18.22,23.763952
ID125,1977-09-30,1977-12-31,14.46,17.334946
ID125,1977-09-30,1978-03-31,16.69,21.619873
ID125,1977-09-30,1978-06-30,16.2,22.560783
ID125,1977-09-30,1978-09-30,18.12,25.515953
ID126,1981-09-30,1981-12-31,89.0,91.531044
ID126,1981-09-30,1982-03-31,95.0,97.42768
ID126,1981-09-30,1982-06-30,99.0,100.271515
ID126,1981-09-30,1982-09-30,99.0,99.804535
ID126,1982-09-30,1982-12-31,94.0,96.02839
ID126,1982-09-30,1983-03-31,101.0,101.70672
ID126,1982-09-30,1983-06-30,101.0,104.8498
ID126,1982-09-30,1983-09-30,103.0,104.243324
ID126,1983-09-30,1983-12-31,97.0,99.53034
ID126,1983-09-30,1984-03-31,104.0,105.48188
ID126,1983-09-30,1984-06-30,107.0,106.659584
ID126,1983-09-30,1984-09-30,106.0,106.83649
ID126,1984-09-30,1984-12-31,94.0,102.773224
ID126,1984-09-30,1985-03-31,105.0,109.43242
ID126,1984-09-30,1985-06-30,109.0,111.16142
ID126,1984-09-30,1985-09-30,112.0,110.4155
ID126,1985-09-30,1985-12-31,106.0,104.12472
ID126,1985-09-30,1986-03-31,114.0,112.97487
ID126,1985-09-30,1986-06-30,125.0,116.064835
ID126,1985-09-30,1986-09-30,119.0,116.40937
ID127,1982-09-30,1982-12-31,812.0,802.1496
ID127,1982-09-30,1983-03-31,821.0,807.21216
ID127,1982-09-30,1983-06-30,829.0,813.88556
ID127,1982-09-30,1983-09-30,840.0,813.1235
ID127,1983-09-30,1983-12-31,850.0,843.912
ID127,1983-09-30,1984-03-31,860.0,849.8917
ID127,1983-09-30,1984-06-30,874.0,857.81116
ID127,1983-09-30,1984-09-30,885.0,856.93335
ID127,1984-09-30,1984-12-31,898.0,889.1094
ID127,1984-09-30,1985-03-31,909.0,897.15686
ID127,1984-09-30,1985-06-30,917.0,907.86163
ID127,1984-09-30,1985-09-30,930.0,906.1857
ID127,1985-09-30,1985-12-31,944.0,934.5458
ID127,1985-09-30,1986-03-31,957.0,942.6476
ID127,1985-09-30,1986-06-30,965.0,951.9711
ID127,1985-09-30,1986-09-30,974.0,951.02594
ID127,1986-09-30,1986-12-31,988.0,979.5076
ID127,1986-09-30,1987-03-31,994.0,989.75464
ID127,1986-09-30,1987-06-30,1003.0,997.6475
ID127,1986-09-30,1987-09-30,1014.0,995.11554
ID127,1987-09-30,1987-12-31,1029.0,1018.9854
ID127,1987-09-30,1988-03-31,1046.0,1026.1055
ID127,1987-09-30,1988-06-30,1066.0,1034.938
ID127,1987-09-30,1988-09-30,1090.0,1032.3115
ID128,1982-09-30,1982-12-31,4187.0,4101.75
ID128,1982-09-30,1983-03-31,4299.0,4137.506
ID128,1982-09-30,1983-06-30,4378.0,4193.7974
ID128,1982-09-30,1983-09-30,4439.0,4195.3784
ID128,1983-09-30,1983-12-31,4521.0,4482.3105
ID128,1983-09-30,1984-03-31,4589.0,4542.15
ID128,1983-09-30,1984-06-30,4665.0,4602.62
ID128,1983-09-30,1984-09-30,4682.0,4589.9424
ID128,1984-09-30,1984-12-31,4725.0,4716.6396
ID128,1984-09-30,1985-03-31,4773.0,4776.7236
ID128,1984-09-30,1985-06-30,4837.0,4837.5654
ID128,1984-09-30,1985-09-30,4841.0,4805.706
ID128,1985-09-30,1985-12-31,5012.0,4855.5596
ID128,1985-09-30,1986-03-31,5107.0,4898.9766
ID128,1985-09-30,1986-06-30,5172.0,4967.174
ID128,1985-09-30,1986-09-30,5249.0,4920.0254
ID128,1986-09-30,1986-12-31,5412.0,5341.006
ID128,1986-09-30,1987-03-31,5544.0,5393.0415
ID128,1986-09-30,1987-06-30,5651.0,5446.7466
ID128,1986-09-30,1987-09-30,5820.0,5413.485
ID128,1987-09-30,1987-12-31,6029.0,5897.6577
ID128,1987-09-30,1988-03-31,6129.0,5976.7993
ID128,1987-09-30,1988-06-30,6255.0,6037.0195
ID128,1987-09-30,1988-09-30,6421.0,6056.157
ID129,1982-09-30,1982-12-31,124.8,123.54997
ID129,1982-09-30,1983-03-31,130.6,124.417946
ID129,1982-09-30,1983-06-30,132.0,126.94014
ID129,1982-09-30,1983-09-30,135.9,130.6178
ID129,1983-09-30,1983-12-31,143.3,134.0551
ID129,1983-09-30,1984-03-31,147.3,136.60298
ID129,1983-09-30,1984-06-30,152.4,139.23015
ID129,1983-09-30,1984-09-30,147.0,141.99373
ID129,1984-09-30,1984-12-31,143.3,151.87248
ID129,1984-09-30,1985-03-31,144.3,155.7348
ID129,1984-09-30,1985-06-30,146.0,158.8981
ID129,1984-09-30,1985-09-30,140.2,155.23474
ID129,1985-09-30,1985-12-31,151.7,138.60309
ID129,1985-09-30,1986-03-31,154.5,140.82617
ID129,1985-09-30,1986-06-30,154.9,144.39925
ID129,1985-09-30,1986-09-30,160.7,139.46773
ID129,1986-09-30,1986-12-31,168.9,167.58861
ID129,1986-09-30,1987-03-31,173.7,168.97992
ID129,1986-09-30,1987-06-30,178.3,170.20201
ID129,1986-09-30,1987-09-30,189.3,168.97763
ID129,1987-09-30,1987-12-31,203.2,193.03867
ID129,1987-09-30,1988-03-31,213.1,195.46931
ID129,1987-09-30,1988-06-30,219.1,197.34766
ID129,1987-09-30,1988-09-30,231.8,201.43083
ID13,1983-03-31,1983-06-30,24906.0,25211.691
ID13,1983-03-31,1983-09-30,26025.0,26460.992
ID13,1983-03-31,1983-12-31,27309.0,27143.664
ID13,1983-03-31,1984-03-31,26942.0,27172.363
ID13,1984-03-31,1984-06-30,25325.0,26087.016
ID13,1984-03-31,1984-09-30,25237.0,27136.953
ID13,1984-03-31,1984-12-31,24363.0,28034.182
ID13,1984-03-31,1985-03-31,23927.0,27637.002
ID13,1985-03-31,1985-06-30,23381.0,23035.73
ID13,1985-03-31,1985-09-30,24847.0,23452.865
ID13,1985-03-31,1985-12-31,26533.0,23779.623
ID13,1985-03-31,1986-03-31,27657.0,23521.709
ID130,1982-09-30,1982-12-31,70.8,71.17842
ID130,1982-09-30,1983-03-31,72.3,72.973785
ID130,1982-09-30,1983-06-30,74.7,74.94988
ID130,1982-09-30,1983-09-30,77.3,76.100494
ID130,1983-09-30,1983-12-31,79.0,78.836914
ID130,1983-09-30,1984-03-31,81.0,80.60099
ID130,1983-09-30,1984-06-30,83.7,82.83114
ID130,1983-09-30,1984-09-30,86.3,84.12423
ID130,1984-09-30,1984-12-31,87.7,87.94298
ID130,1984-09-30,1985-03-31,89.4,89.877106
ID130,1984-09-30,1985-06-30,91.8,92.25965
ID130,1984-09-30,1985-09-30,94.3,93.39151
ID130,1985-09-30,1985-12-31,96.1,95.78818
ID130,1985-09-30,1986-03-31,97.5,97.635284
ID130,1985-09-30,1986-06-30,99.6,99.96093
ID130,1985-09-30,1986-09-30,101.9,101.18302
ID130,1986-09-30,1986-12-31,101.1,103.346634
ID130,1986-09-30,1987-03-31,107.5,104.891754
ID130,1986-09-30,1987-06-30,104.8,106.98745
ID130,1986-09-30,1987-09-30,108.1,107.9483
ID130,1987-09-30,1987-12-31,111.7,106.96483
ID130,1987-09-30,1988-03-31,115.8,110.99205
ID130,1987-09-30,1988-06-30,118.8,110.26335
ID130,1987-09-30,1988-09-30,124.3,111.73375
ID131,1982-09-30,1982-12-31,10266.0,10197.384
ID131,1982-09-30,1983-03-31,10361.0,10276.318
ID131,1982-09-30,1983-06-30,10457.0,10375.007
ID131,1982-09-30,1983-09-30,10553.0,10340.382
ID131,1983-09-30,1983-12-31,10657.0,10579.093
ID131,1983-09-30,1984-03-31,10762.0,10661.307
ID131,1983-09-30,1984-06-30,10868.0,10763.357
ID131,1983-09-30,1984-09-30,10976.0,10727.471
ID131,1984-09-30,1984-12-31,11084.0,11007.611
ID131,1984-09-30,1985-03-31,11193.0,11095.533
ID131,1984-09-30,1985-06-30,11303.0,11203.115
ID131,1984-09-30,1985-09-30,11415.0,11167.593
ID131,1985-09-30,1985-12-31,11527.0,11446.98
ID131,1985-09-30,1986-03-31,11641.0,11539.562
ID131,1985-09-30,1986-06-30,11755.0,11652.271
ID131,1985-09-30,1986-09-30,11871.0,11617.427
ID131,1986-09-30,1986-12-31,11988.0,11904.086
ID131,1986-09-30,1987-03-31,12106.0,12000.701
ID131,1986-09-30,1987-06-30,12226.0,12117.71
ID131,1986-09-30,1987-09-30,12346.0,12081.185
ID131,1987-09-30,1987-12-31,12468.0,12380.908
ID131,1987-09-30,1988-03-31,12591.0,12481.226
ID131,1987-09-30,1988-06-30,12715.0,12603.472
ID131,1987-09-30,1988-09-30,12840.0,12564.902
ID132,1974-09-30,1974-12-31,28060.0,27731.75
ID132,1974-09-30,1975-03-31,28780.0,28515.047
ID132,1974-09-30,1975-06-30,29104.0,28647.96
ID132,1974-09-30,1975-09-30,29752.0,28782.184
ID132,1975-09-30,1975-12-31,31152.0,29649.68
ID132,1975-09-30,1976-03-31,30356.0,30337.613
ID132,1975-09-30,1976-06-30,31324.0,30464.73
ID132,1975-09-30,1976-09-30,31768.0,30709.326
ID132,1976-09-30,1976-12-31,32008.0,32520.432
ID132,1976-09-30,1977-03-31,32552.0,32216.23
ID132,1976-09-30,1977-06-30,32944.0,32780.86
ID132,1976-09-30,1977-09-30,32940.0,32773.586
ID132,1977-09-30,1977-12-31,34076.0,33109.61
ID132,1977-09-30,1978-03-31,34412.0,33163.984
ID132,1977-09-30,1978-06-30,34808.0,33810.14
ID132,1977-09-30,1978-09-30,34500.0,33545.51
ID133,1974-09-30,1974-12-31,20628.0,20384.229
ID133,1974-09-30,1975-03-31,20676.0,20771.762
ID133,1974-09-30,1975-06-30,20804.0,20951.088
ID133,1974-09-30,1975-09-30,21024.0,20767.426
ID133,1975-09-30,1975-12-31,21108.0,21075.678
ID133,1975-09-30,1976-03-31,20984.0,21242.346
ID133,1975-09-30,1976-06-30,21268.0,21438.904
ID133,1975-09-30,1976-09-30,21372.0,21329.531
ID133,1976-09-30,1976-12-31,21676.0,21377.326
ID133,1976-09-30,1977-03-31,21844.0,21362.516
ID133,1976-09-30,1977-06-30,21540.0,21628.188
ID133,1976-09-30,1977-09-30,21416.0,21551.887
ID133,1977-09-30,1977-12-31,21604.0,21515.57
ID133,1977-09-30,1978-03-31,21940.0,21593.469
ID133,1977-09-30,1978-06-30,22288.0,21645.363
ID133,1977-09-30,1978-09-30,22464.0,21447.785
ID134,1983-09-30,1983-12-31,477.0,477.50302
ID134,1983-09-30,1984-03-31,674.0,511.79443
ID134,1983-09-30,1984-06-30,753.0,545.73944
ID134,1983-09-30,1984-09-30,634.0,490.1069
ID134,1984-09-30,1984-12-31,317.0,618.7958
ID134,1984-09-30,1985-03-31,119.0,731.4363
ID134,1984-09-30,1985-06-30,89.0,784.989
ID134,1984-09-30,1985-09-30,166.0,664.0549
ID134,1985-09-30,1985-12-31,423.0,161.70927
ID134,1985-09-30,1986-03-31,707.0,204.48633
ID134,1985-09-30,1986-06-30,535.0,248.7251
ID134,1985-09-30,1986-09-30,587.0,276.61755
ID134,1986-09-30,1986-12-31,813.0,627.829
ID134,1986-09-30,1987-03-31,1268.0,672.39856
ID134,1986-09-30,1987-06-30,1169.0,584.3735
ID134,1986-09-30,1987-09-30,1154.0,653.5381
ID134,1987-09-30,1987-12-31,984.0,1164.1577
ID134,1987-09-30,1988-03-31,895.0,1371.3353
ID134,1987-09-30,1988-06-30,931.0,1234.9471
ID134,1987-09-30,1988-09-30,403.0,1203.5044
ID134,1988-09-30,1988-12-31,339.0,545.6494
ID134,1988-09-30,1989-03-31,310.0,774.0071
ID134,1988-09-30,1989-06-30,708.0,801.1717
ID134,1988-09-30,1989-09-30,291.0,536.3591
ID134,1989-09-30,1989-12-31,51.0,298.55203
ID134,1989-09-30,1990-03-31,107.0,536.19794
ID134,1989-09-30,1990-06-30,385.0,635.8455
ID134,1989-09-30,1990-09-30,743.0,377.38803
ID134,1990-09-30,1990-12-31,1538.0,429.01917
ID134,1990-09-30,1991-03-31,1765.0,438.5132
ID134,1990-09-30,1991-06-30,2018.0,612.33795
ID134,1990-09-30,1991-09-30,1387.0,771.09247
ID135,1974-09-30,1974-12-31,270.0,223.59758
ID135,1974-09-30,1975-03-31,268.0,225.74014
ID135,1974-09-30,1975-06-30,260.0,213.27554
ID135,1974-09-30,1975-09-30,251.0,226.53665
ID135,1975-09-30,1975-12-31,285.0,278.27158
ID135,1975-09-30,1976-03-31,287.0,276.66486
ID135,1975-09-30,1976-06-30,302.0,263.41153
ID135,1975-09-30,1976-09-30,298.0,264.4558
ID135,1976-09-30,1976-12-31,315.0,320.0296
ID135,1976-09-30,1977-03-31,302.0,318.54193
ID135,1976-09-30,1977-06-30,307.0,322.69086
ID135,1976-09-30,1977-09-30,358.0,312.91794
ID135,1977-09-30,1977-12-31,363.0,360.95453
ID135,1977-09-30,1978-03-31,361.0,352.5743
ID135,1977-09-30,1978-06-30,337.0,358.98068
ID135,1977-09-30,1978-09-30,375.0,376.2258
ID136,1974-09-30,1974-12-31,104.0,102.29461
ID136,1974-09-30,1975-03-31,108.7,106.478615
ID136,1974-09-30,1975-06-30,106.0,103.457634
ID136,1974-09-30,1975-09-30,110.4,106.979095
ID136,1975-09-30,1975-12-31,115.5,110.294655
ID136,1975-09-30,1976-03-31,120.0,115.341446
ID136,1975-09-30,1976-06-30,116.9,112.41445
ID136,1975-09-30,1976-09-30,124.4,115.89175
ID136,1976-09-30,1976-12-31,128.8,126.539246
ID136,1976-09-30,1977-03-31,133.6,130.7375
ID136,1976-09-30,1977-06-30,130.4,127.98606
ID136,1976-09-30,1977-09-30,136.7,132.18698
ID136,1977-09-30,1977-12-31,131.8,138.26753
ID136,1977-09-30,1978-03-31,132.4,142.72107
ID136,1977-09-30,1978-06-30,127.6,139.65503
ID136,1977-09-30,1978-09-30,134.0,144.13557
ID137,1982-09-30,1982-12-31,85.51,82.675674
ID137,1982-09-30,1983-03-31,86.05,84.34936
ID137,1982-09-30,1983-06-30,85.42,85.86748
ID137,1982-09-30,1983-09-30,89.88,85.42055
ID137,1983-09-30,1983-12-31,90.02,91.13953
ID137,1983-09-30,1984-03-31,89.58,92.13421
ID137,1983-09-30,1984-06-30,90.57,92.73651
ID137,1983-09-30,1984-09-30,88.22,94.54729
ID137,1984-09-30,1984-12-31,83.13,88.49859
ID137,1984-09-30,1985-03-31,83.53,89.16036
ID137,1984-09-30,1985-06-30,81.83,89.901276
ID137,1984-09-30,1985-09-30,79.03,89.738815
ID137,1985-09-30,1985-12-31,86.66,78.042305
ID137,1985-09-30,1986-03-31,84.67,78.91682
ID137,1985-09-30,1986-06-30,85.12,79.96135
ID137,1985-09-30,1986-09-30,87.91,78.27739
ID137,1986-09-30,1986-12-31,92.49,92.8069
ID137,1986-09-30,1987-03-31,94.75,92.43389
ID137,1986-09-30,1987-06-30,97.82,92.74266
ID137,1986-09-30,1987-09-30,103.02,92.483444
ID137,1987-09-30,1987-12-31,110.16,106.267586
ID137,1987-09-30,1988-03-31,108.77,107.06722
ID137,1987-09-30,1988-06-30,106.77,109.18343
ID137,1987-09-30,1988-09-30,107.09,111.135475
ID138,1982-09-30,1982-12-31,24.39,21.635693
ID138,1982-09-30,1983-03-31,22.6,24.279274
ID138,1982-09-30,1983-06-30,23.51,26.19737
ID138,1982-09-30,1983-09-30,25.23,26.942081
ID138,1983-09-30,1983-12-31,25.61,28.248447
ID138,1983-09-30,1984-03-31,27.12,29.236946
ID138,1983-09-30,1984-06-30,26.31,30.920906
ID138,1983-09-30,1984-09-30,24.98,32.17058
ID138,1984-09-30,1984-12-31,23.94,26.561346
ID138,1984-09-30,1985-03-31,21.7,28.567728
ID138,1984-09-30,1985-06-30,21.61,29.677982
ID138,1984-09-30,1985-09-30,22.05,30.344975
ID138,1985-09-30,1985-12-31,22.37,22.849844
ID138,1985-09-30,1986-03-31,23.2,23.854916
ID138,1985-09-30,1986-06-30,22.63,24.974346
ID138,1985-09-30,1986-09-30,24.44,25.479992
ID138,1986-09-30,1986-12-31,25.12,26.525461
ID138,1986-09-30,1987-03-31,26.42,28.119043
ID138,1986-09-30,1987-06-30,27.21,29.09515
ID138,1986-09-30,1987-09-30,28.54,31.000643
ID138,1987-09-30,1987-12-31,30.0,30.205912
ID138,1987-09-30,1988-03-31,31.96,32.658657
ID138,1987-09-30,1988-06-30,32.24,33.646454
ID138,1987-09-30,1988-09-30,35.34,35.361668
ID139,1984-09-30,1984-12-31,43.4,42.723736
ID139,1984-09-30,1985-03-31,44.1,43.217693
ID139,1984-09-30,1985-06-30,43.0,43.87183
ID139,1984-09-30,1985-09-30,42.3,44.376606
ID139,1985-09-30,1985-12-31,42.7,44.22919
ID139,1985-09-30,1986-03-31,40.1,44.837284
ID139,1985-09-30,1986-06-30,38.0,44.914074
ID139,1985-09-30,1986-09-30,33.3,44.445923
ID139,1986-09-30,1986-12-31,32.7,34.527565
ID139,1986-09-30,1987-03-31,36.3,35.702255
ID139,1986-09-30,1987-06-30,38.4,36.136425
ID139,1986-09-30,1987-09-30,41.4,34.55663
ID139,1987-09-30,1987-12-31,41.9,42.70816
ID139,1987-09-30,1988-03-31,42.9,44.53099
ID139,1987-09-30,1988-06-30,42.8,45.923767
ID139,1987-09-30,1988-09-30,43.6,46.260834
ID139,1988-09-30,1988-12-31,45.2,44.105556
ID139,1988-09-30,1989-03-31,44.7,46.860065
ID139,1988-09-30,1989-06-30,42.9,47.704365
ID139,1988-09-30,1989-09-30,40.1,49.23234
ID139,1989-09-30,1989-12-31,40.2,41.759815
ID139,1989-09-30,1990-03-31,38.3,42.6844
ID139,1989-09-30,1990-06-30,39.6,42.915283
ID139,1989-09-30,1990-09-30,43.4,42.294815
ID139,1990-09-30,1990-12-31,46.4,44.956985
ID139,1990-09-30,1991-03-31,51.3,45.228893
ID139,1990-09-30,1991-06-30,54.6,46.587414
ID139,1990-09-30,1991-09-30,56.4,47.51623
ID139,1991-09-30,1991-12-31,60.9,58.45433
ID139,1991-09-30,1992-03-31,61.6,59.838657
ID139,1991-09-30,1992-06-30,61.7,61.6775
ID139,1991-09-30,1992-09-30,63.8,62.616455
ID139,1992-09-30,1992-12-31,64.4,65.75167
ID139,1992-09-30,1993-03-31,62.0,68.02885
ID139,1992-09-30,1993-06-30,58.3,68.62748
ID139,1992-09-30,1993-09-30,54.0,69.57302
ID14,1983-03-31,1983-06-30,128797.0,135700.33
ID14,1983-03-31,1983-09-30,122665.0,128918.9
ID14,1983-03-31,1983-12-31,133925.0,139729.42
ID14,1983-03-31,1984-03-31,130428.0,132288.4
ID14,1984-03-31,1984-06-30,129709.0,133116.06
ID14,1984-03-31,1984-09-30,125517.0,127892.11
ID14,1984-03-31,1984-12-31,134699.0,137598.31
ID14,1984-03-31,1985-03-31,131711.0,132786.33
ID14,1985-03-31,1985-06-30,127676.0,132666.4
ID14,1985-03-31,1985-09-30,120658.0,128368.66
ID14,1985-03-31,1985-12-31,121006.0,137576.97
ID14,1985-03-31,1986-03-31,116420.0,133222.16
ID140,1982-09-30,1982-12-31,103.0,108.405396
ID140,1982-09-30,1983-03-31,102.0,111.86312
ID140,1982-09-30,1983-06-30,73.0,89.18994
ID140,1982-09-30,1983-09-30,96.0,111.23997
ID140,1983-09-30,1983-12-31,100.0,95.265594
ID140,1983-09-30,1984-03-31,93.0,97.67308
ID140,1983-09-30,1984-06-30,76.0,77.535324
ID140,1983-09-30,1984-09-30,110.0,97.81603
ID140,1984-09-30,1984-12-31,112.0,112.75198
ID140,1984-09-30,1985-03-31,115.0,108.623436
ID140,1984-09-30,1985-06-30,80.0,90.941345
ID140,1984-09-30,1985-09-30,108.0,116.3443
ID140,1985-09-30,1985-12-31,110.0,108.65544
ID140,1985-09-30,1986-03-31,109.0,109.17401
ID140,1985-09-30,1986-06-30,75.0,86.50892
ID140,1985-09-30,1986-09-30,107.0,111.20512
ID140,1986-09-30,1986-12-31,111.0,109.16817
ID140,1986-09-30,1987-03-31,116.0,111.947044
ID140,1986-09-30,1987-06-30,83.0,85.31518
ID140,1986-09-30,1987-09-30,117.0,110.87669
ID140,1987-09-30,1987-12-31,121.0,120.179085
ID140,1987-09-30,1988-03-31,127.0,123.530815
ID140,1987-09-30,1988-06-30,87.0,95.901184
ID140,1987-09-30,1988-09-30,123.0,123.327324
ID140,1988-09-30,1988-12-31,122.0,124.87939
ID140,1988-09-30,1989-03-31,123.0,132.28197
ID140,1988-09-30,1989-06-30,86.0,100.729004
ID140,1988-09-30,1989-09-30,116.0,129.24582
ID141,1982-09-30,1982-12-31,85.0,83.95499
ID141,1982-09-30,1983-03-31,89.0,88.80382
ID141,1982-09-30,1983-06-30,73.0,77.269165
ID141,1982-09-30,1983-09-30,89.0,89.66671
ID141,1983-09-30,1983-12-31,90.0,88.11519
ID141,1983-09-30,1984-03-31,80.0,93.20878
ID141,1983-09-30,1984-06-30,78.0,80.6082
ID141,1983-09-30,1984-09-30,96.0,93.28475
ID141,1984-09-30,1984-12-31,96.0,95.27663
ID141,1984-09-30,1985-03-31,101.0,93.07281
ID141,1984-09-30,1985-06-30,83.0,87.40839
ID141,1984-09-30,1985-09-30,102.0,101.47097
ID141,1985-09-30,1985-12-31,101.0,99.626816
ID141,1985-09-30,1986-03-31,107.0,100.546875
ID141,1985-09-30,1986-06-30,89.0,91.25254
ID141,1985-09-30,1986-09-30,103.0,105.78646
ID141,1986-09-30,1986-12-31,104.0,101.68887
ID141,1986-09-30,1987-03-31,110.0,108.54942
ID141,1986-09-30,1987-06-30,91.0,93.65094
ID141,1986-09-30,1987-09-30,109.0,106.787346
ID141,1987-09-30,1987-12-31,111.0,108.556274
ID141,1987-09-30,1988-03-31,113.0,115.70235
ID141,1987-09-30,1988-06-30,97.0,99.93862
ID141,1987-09-30,1988-09-30,117.0,113.41204
ID141,1988-09-30,1988-12-31,121.0,116.48626
ID141,1988-09-30,1989-03-31,124.0,121.52118
ID141,1988-09-30,1989-06-30,104.0,106.889
ID141,1988-09-30,1989-09-30,121.0,122.66885
ID142,1982-09-30,1982-12-31,87.0,88.4397
ID142,1982-09-30,1983-03-31,89.0,91.536064
ID142,1982-09-30,1983-06-30,91.0,91.757614
ID142,1982-09-30,1983-09-30,91.0,92.42909
ID142,1983-09-30,1983-12-31,90.0,90.25002
ID142,1983-09-30,1984-03-31,95.0,92.884026
ID142,1983-09-30,1984-06-30,95.0,94.23992
ID142,1983-09-30,1984-09-30,94.0,93.98082
ID142,1984-09-30,1984-12-31,94.0,93.54798
ID142,1984-09-30,1985-03-31,97.0,97.17998
ID142,1984-09-30,1985-06-30,95.0,98.037735
ID142,1984-09-30,1985-09-30,99.0,96.76585
ID142,1985-09-30,1985-12-31,98.0,98.39494
ID142,1985-09-30,1986-03-31,100.0,101.77647
ID142,1985-09-30,1986-06-30,99.0,101.04617
ID142,1985-09-30,1986-09-30,103.0,102.06008
ID142,1986-09-30,1986-12-31,100.0,102.00767
ID142,1986-09-30,1987-03-31,101.0,104.91061
ID142,1986-09-30,1987-06-30,98.0,103.86591
ID142,1986-09-30,1987-09-30,96.0,106.62866
ID142,1987-09-30,1987-12-31,99.0,94.16054
ID142,1987-09-30,1988-03-31,102.0,95.98977
ID142,1987-09-30,1988-06-30,101.0,95.19786
ID142,1987-09-30,1988-09-30,104.0,95.533646
ID142,1988-09-30,1988-12-31,102.0,105.726265
ID142,1988-09-30,1989-03-31,104.0,108.18983
ID142,1988-09-30,1989-06-30,104.0,107.06919
ID142,1988-09-30,1989-09-30,106.0,107.11668
ID143,1982-09-30,1982-12-31,93.0,96.05902
ID143,1982-09-30,1983-03-31,95.0,99.79024
ID143,1982-09-30,1983-06-30,93.0,98.95064
ID143,1982-09-30,1983-09-30,97.0,100.70783
ID143,1983-09-30,1983-12-31,98.0,95.160164
ID143,1983-09-30,1984-03-31,101.0,98.10238
ID143,1983-09-30,1984-06-30,99.0,97.043915
ID143,1983-09-30,1984-09-30,102.0,99.310905
ID143,1984-09-30,1984-12-31,103.0,102.02942
ID143,1984-09-30,1985-03-31,106.0,104.8846
ID143,1984-09-30,1985-06-30,104.0,103.36598
ID143,1984-09-30,1985-09-30,105.0,105.54232
ID143,1985-09-30,1985-12-31,101.0,105.03046
ID143,1985-09-30,1986-03-31,103.0,108.14187
ID143,1985-09-30,1986-06-30,99.0,106.59686
ID143,1985-09-30,1986-09-30,97.0,107.487686
ID143,1986-09-30,1986-12-31,98.0,95.238174
ID143,1986-09-30,1987-03-31,102.0,97.822365
ID143,1986-09-30,1987-06-30,100.0,96.59445
ID143,1986-09-30,1987-09-30,102.0,96.2462
ID143,1987-09-30,1987-12-31,103.0,102.602394
ID143,1987-09-30,1988-03-31,109.0,105.99446
ID143,1987-09-30,1988-06-30,109.0,104.31625
ID143,1987-09-30,1988-09-30,114.0,103.95547
ID143,1988-09-30,1988-12-31,116.0,114.66225
ID143,1988-09-30,1989-03-31,121.0,119.93723
ID143,1988-09-30,1989-06-30,119.0,119.36812
ID143,1988-09-30,1989-09-30,121.0,121.49694
ID144,1982-09-30,1982-12-31,97.0,105.492935
ID144,1982-09-30,1983-03-31,95.0,110.32348
ID144,1982-09-30,1983-06-30,86.0,102.3833
ID144,1982-09-30,1983-09-30,93.0,100.82911
ID144,1983-09-30,1983-12-31,99.0,92.89884
ID144,1983-09-30,1984-03-31,104.0,94.834595
ID144,1983-09-30,1984-06-30,88.0,89.165665
ID144,1983-09-30,1984-09-30,94.0,93.15497
ID144,1984-09-30,1984-12-31,107.0,97.27469
ID144,1984-09-30,1985-03-31,110.0,100.48116
ID144,1984-09-30,1985-06-30,101.0,90.274864
ID144,1984-09-30,1985-09-30,106.0,95.17631
ID144,1985-09-30,1985-12-31,105.0,113.44317
ID144,1985-09-30,1986-03-31,107.0,118.05432
ID144,1985-09-30,1986-06-30,96.0,107.52791
ID144,1985-09-30,1986-09-30,93.0,111.48106
ID144,1986-09-30,1986-12-31,103.0,93.63299
ID144,1986-09-30,1987-03-31,108.0,96.64273
ID144,1986-09-30,1987-06-30,81.0,90.49404
ID144,1986-09-30,1987-09-30,87.0,91.638336
ID144,1987-09-30,1987-12-31,101.0,95.35409
ID144,1987-09-30,1988-03-31,110.0,100.41421
ID144,1987-09-30,1988-06-30,101.0,84.35322
ID144,1987-09-30,1988-09-30,111.0,86.166275
ID144,1988-09-30,1988-12-31,119.0,119.34478
ID144,1988-09-30,1989-03-31,122.0,125.86827
ID144,1988-09-30,1989-06-30,114.0,110.553925
ID144,1988-09-30,1989-09-30,118.0,117.34849
ID145,1982-09-30,1982-12-31,266.0,261.32748
ID145,1982-09-30,1983-03-31,268.4,262.68375
ID145,1982-09-30,1983-06-30,273.2,264.3779
ID145,1982-09-30,1983-09-30,273.2,262.38467
ID145,1983-09-30,1983-12-31,275.1,276.24054
ID145,1983-09-30,1984-03-31,275.8,277.95853
ID145,1983-09-30,1984-06-30,276.8,281.11752
ID145,1983-09-30,1984-09-30,277.9,278.34543
ID145,1984-09-30,1984-12-31,280.3,278.09024
ID145,1984-09-30,1985-03-31,281.2,279.24338
ID145,1984-09-30,1985-06-30,283.5,282.36734
ID145,1984-09-30,1985-09-30,285.8,280.3165
ID145,1985-09-30,1985-12-31,286.0,286.55032
ID145,1985-09-30,1986-03-31,287.5,287.60074
ID145,1985-09-30,1986-06-30,287.4,290.09665
ID145,1985-09-30,1986-09-30,289.0,288.84662
ID145,1986-09-30,1986-12-31,291.1,288.07318
ID145,1986-09-30,1987-03-31,298.5,289.677
ID145,1986-09-30,1987-06-30,301.4,291.51147
ID145,1986-09-30,1987-09-30,306.4,290.66107
ID145,1987-09-30,1987-12-31,310.9,306.9839
ID145,1987-09-30,1988-03-31,307.8,311.65662
ID145,1987-09-30,1988-06-30,310.6,313.6365
ID145,1987-09-30,1988-09-30,308.0,313.0263
ID146,1974-09-30,1974-12-31,104.0,102.29461
ID146,1974-09-30,1975-03-31,108.7,106.478615
ID146,1974-09-30,1975-06-30,106.0,103.457634
ID146,1974-09-30,1975-09-30,110.4,106.979095
ID146,1975-09-30,1975-12-31,115.5,110.294655
ID146,1975-09-30,1976-03-31,120.0,115.341446
ID146,1975-09-30,1976-06-30,116.9,112.41445
ID146,1975-09-30,1976-09-30,124.4,115.89175
ID146,1976-09-30,1976-12-31,128.8,126.539246
ID146,1976-09-30,1977-03-31,133.8,130.7375
ID146,1976-09-30,1977-06-30,130.4,127.98606
ID146,1976-09-30,1977-09-30,136.7,132.18698
ID146,1977-09-30,1977-12-31,131.8,138.22672
ID146,1977-09-30,1978-03-31,132.4,142.78012
ID146,1977-09-30,1978-06-30,127.7,139.61003
ID146,1977-09-30,1978-09-30,134.0,144.09157
ID147,1974-09-30,1974-12-31,101.6,102.33678
ID147,1974-09-30,1975-03-31,106.0,105.98308
ID147,1974-09-30,1975-06-30,107.2,107.24424
ID147,1974-09-30,1975-09-30,108.6,106.50905
ID147,1975-09-30,1975-12-31,109.0,108.434105
ID147,1975-09-30,1976-03-31,111.4,112.4192
ID147,1975-09-30,1976-06-30,113.4,113.56431
ID147,1975-09-30,1976-09-30,115.6,113.504715
ID147,1976-09-30,1976-12-31,116.5,115.94406
ID147,1976-09-30,1977-03-31,120.6,118.92189
ID147,1976-09-30,1977-06-30,121.5,120.40563
ID147,1976-09-30,1977-09-30,122.8,120.87315
ID147,1977-09-30,1977-12-31,120.8,123.17363
ID147,1977-09-30,1978-03-31,122.5,126.25897
ID147,1977-09-30,1978-06-30,123.4,127.344574
ID147,1977-09-30,1978-09-30,127.0,127.46024
ID148,1974-09-30,1974-12-31,102.5,102.4627
ID148,1974-09-30,1975-03-31,105.6,104.4956
ID148,1974-09-30,1975-06-30,105.7,105.53276
ID148,1974-09-30,1975-09-30,108.3,106.29087
ID148,1975-09-30,1975-12-31,111.0,107.91901
ID148,1975-09-30,1976-03-31,112.5,110.62336
ID148,1975-09-30,1976-06-30,113.5,111.09066
ID148,1975-09-30,1976-09-30,119.3,112.21862
ID148,1976-09-30,1976-12-31,121.1,120.84824
ID148,1976-09-30,1977-03-31,123.7,122.982704
ID148,1976-09-30,1977-06-30,124.4,123.57868
ID148,1976-09-30,1977-09-30,128.7,126.09245
ID148,1977-09-30,1977-12-31,125.7,129.57864
ID148,1977-09-30,1978-03-31,126.2,131.78578
ID148,1977-09-30,1978-06-30,125.6,132.33727
ID148,1977-09-30,1978-09-30,129.3,135.05804
ID149,1974-09-30,1974-12-31,103.5,102.03987
ID149,1974-09-30,1975-03-31,106.4,103.54098
ID149,1974-09-30,1975-06-30,106.1,104.25091
ID149,1974-09-30,1975-09-30,109.3,105.416435
ID149,1975-09-30,1975-12-31,112.7,109.74523
ID149,1975-09-30,1976-03-31,116.2,111.993706
ID149,1975-09-30,1976-06-30,118.2,112.17857
ID149,1975-09-30,1976-09-30,126.3,113.71511
ID149,1976-09-30,1976-12-31,132.8,128.2527
ID149,1976-09-30,1977-03-31,137.6,131.10454
ID149,1976-09-30,1977-06-30,140.4,131.88661
ID149,1976-09-30,1977-09-30,145.1,135.3438
ID149,1977-09-30,1977-12-31,145.5,147.61807
ID149,1977-09-30,1978-03-31,144.7,150.48836
ID149,1977-09-30,1978-06-30,142.3,151.69008
ID149,1977-09-30,1978-09-30,145.4,154.14273
ID15,1983-03-31,1983-06-30,23124.0,21078.105
ID15,1983-03-31,1983-09-30,26375.0,21268.547
ID15,1983-03-31,1983-12-31,26513.0,18548.232
ID15,1983-03-31,1984-03-31,31874.0,22149.281
ID15,1984-03-31,1984-06-30,36355.0,32149.861
ID15,1984-03-31,1984-09-30,32115.0,32809.1
ID15,1984-03-31,1984-12-31,28230.0,31121.855
ID15,1984-03-31,1985-03-31,18889.0,34352.0
ID15,1985-03-31,1985-06-30,19612.0,22930.605
ID15,1985-03-31,1985-09-30,29231.0,23605.26
ID15,1985-03-31,1985-12-31,34971.0,22852.186
ID15,1985-03-31,1986-03-31,35974.0,20492.842
ID150,1974-09-30,1974-12-31,102.1,102.73902
ID150,1974-09-30,1975-03-31,105.1,105.07486
ID150,1974-09-30,1975-06-30,105.5,106.17807
ID150,1974-09-30,1975-09-30,107.9,106.88335
ID150,1975-09-30,1975-12-31,110.3,107.19987
ID150,1975-09-30,1976-03-31,110.8,109.988754
ID150,1975-09-30,1976-06-30,111.3,110.66512
ID150,1975-09-30,1976-09-30,116.0,111.668976
ID150,1976-09-30,1976-12-31,115.7,117.03697
ID150,1976-09-30,1977-03-31,117.3,118.54099
ID150,1976-09-30,1977-06-30,117.1,118.96334
ID150,1976-09-30,1977-09-30,121.0,120.968346
ID150,1977-09-30,1977-12-31,116.7,120.31684
ID150,1977-09-30,1978-03-31,117.7,121.91401
ID150,1977-09-30,1978-06-30,118.0,122.19995
ID150,1977-09-30,1978-09-30,122.0,124.59378
ID151,1974-09-30,1974-12-31,103.4,101.91997
ID151,1974-09-30,1975-03-31,108.3,106.61626
ID151,1974-09-30,1975-06-30,107.7,104.71408
ID151,1974-09-30,1975-09-30,110.0,105.93591
ID151,1975-09-30,1975-12-31,112.9,110.672806
ID151,1975-09-30,1976-03-31,117.5,115.9078
ID151,1975-09-30,1976-06-30,116.4,114.71448
ID151,1975-09-30,1976-09-30,119.4,115.9585
ID151,1976-09-30,1976-12-31,123.3,120.621284
ID151,1976-09-30,1977-03-31,128.2,124.80621
ID151,1976-09-30,1977-06-30,127.0,123.89184
ID151,1976-09-30,1977-09-30,129.2,125.18657
ID151,1977-09-30,1977-12-31,126.5,131.06552
ID151,1977-09-30,1978-03-31,127.5,135.3412
ID151,1977-09-30,1978-06-30,126.1,134.17802
ID151,1977-09-30,1978-09-30,130.2,135.19182
ID152,1974-09-30,1974-12-31,2.06,5.5880337
ID152,1974-09-30,1975-03-31,2.22,8.38847
ID152,1974-09-30,1975-06-30,2.16,10.124531
ID152,1974-09-30,1975-09-30,2.38,12.884392
ID152,1975-09-30,1975-12-31,2.47,5.8141513
ID152,1975-09-30,1976-03-31,2.48,8.53804
ID152,1975-09-30,1976-06-30,2.27,10.302409
ID152,1975-09-30,1976-09-30,1.92,13.06053
ID152,1976-09-30,1976-12-31,2.32,5.3838444
ID152,1976-09-30,1977-03-31,2.45,8.153835
ID152,1976-09-30,1977-06-30,2.29,10.069452
ID152,1976-09-30,1977-09-30,2.27,12.354559
ID152,1977-09-30,1977-12-31,2.23,5.696515
ID152,1977-09-30,1978-03-31,2.13,8.314797
ID152,1977-09-30,1978-06-30,2.1,10.132638
ID152,1977-09-30,1978-09-30,2.38,12.575842
ID153,1974-09-30,1974-12-31,3.59,6.7259054
ID153,1974-09-30,1975-03-31,4.5,9.662007
ID153,1974-09-30,1975-06-30,4.04,11.479601
ID153,1974-09-30,1975-09-30,3.8,13.3447695
ID153,1975-09-30,1975-12-31,3.53,6.744005
ID153,1975-09-30,1976-03-31,4.75,9.674729
ID153,1975-09-30,1976-06-30,4.4,11.367365
ID153,1975-09-30,1976-09-30,3.93,13.107674
ID153,1976-09-30,1976-12-31,3.93,6.8398476
ID153,1976-09-30,1977-03-31,5.03,9.843379
ID153,1976-09-30,1977-06-30,4.41,11.726355
ID153,1976-09-30,1977-09-30,3.59,13.287981
ID153,1977-09-30,1977-12-31,3.52,6.7418966
ID153,1977-09-30,1978-03-31,4.97,9.863783
ID153,1977-09-30,1978-06-30,4.89,11.569214
ID153,1977-09-30,1978-09-30,4.44,12.774909
ID154,1982-09-30,1982-12-31,83.0,82.82438
ID154,1982-09-30,1983-03-31,85.0,86.52934
ID154,1982-09-30,1983-06-30,78.0,80.71668
ID154,1982-09-30,1983-09-30,89.0,89.26347
ID154,1983-09-30,1983-12-31,86.0,86.31201
ID154,1983-09-30,1984-03-31,90.0,89.67659
ID154,1983-09-30,1984-06-30,83.0,84.12969
ID154,1983-09-30,1984-09-30,95.0,92.890785
ID154,1984-09-30,1984-12-31,94.0,92.13002
ID154,1984-09-30,1985-03-31,101.0,96.43938
ID154,1984-09-30,1985-06-30,91.0,90.71822
ID154,1984-09-30,1985-09-30,102.0,100.43567
ID154,1985-09-30,1985-12-31,99.0,99.75755
ID154,1985-09-30,1986-03-31,103.0,105.882484
ID154,1985-09-30,1986-06-30,94.0,98.094864
ID154,1985-09-30,1986-09-30,105.0,107.62442
ID154,1986-09-30,1986-12-31,103.0,101.73912
ID154,1986-09-30,1987-03-31,103.0,107.69989
ID154,1986-09-30,1987-06-30,94.0,99.97145
ID154,1986-09-30,1987-09-30,107.0,109.36298
ID154,1987-09-30,1987-12-31,107.0,104.2443
ID154,1987-09-30,1988-03-31,113.0,107.272415
ID154,1987-09-30,1988-06-30,100.0,100.19246
ID154,1987-09-30,1988-09-30,118.0,110.349785
ID154,1988-09-30,1988-12-31,116.0,116.23132
ID154,1988-09-30,1989-03-31,119.0,120.89235
ID154,1988-09-30,1989-06-30,107.0,111.20738
ID154,1988-09-30,1989-09-30,122.0,124.258095
ID155,1982-09-30,1982-12-31,72.9,78.113686
ID155,1982-09-30,1983-03-31,79.5,84.11133
ID155,1982-09-30,1983-06-30,72.6,80.10738
ID155,1982-09-30,1983-09-30,82.8,87.67098
ID155,1983-09-30,1983-12-31,76.0,75.76168
ID155,1983-09-30,1984-03-31,85.1,82.750046
ID155,1983-09-30,1984-06-30,80.5,77.63361
ID155,1983-09-30,1984-09-30,89.1,86.68094
ID155,1984-09-30,1984-12-31,84.8,84.018936
ID155,1984-09-30,1985-03-31,94.2,92.15656
ID155,1984-09-30,1985-06-30,89.5,87.53076
ID155,1984-09-30,1985-09-30,99.3,95.12058
ID155,1985-09-30,1985-12-31,93.1,94.75659
ID155,1985-09-30,1986-03-31,103.5,103.15518
ID155,1985-09-30,1986-06-30,96.4,98.55225
ID155,1985-09-30,1986-09-30,107.2,105.76636
ID155,1986-09-30,1986-12-31,101.7,101.29358
ID155,1986-09-30,1987-03-31,109.5,110.842224
ID155,1986-09-30,1987-06-30,101.3,104.945496
ID155,1986-09-30,1987-09-30,112.6,113.45297
ID155,1987-09-30,1987-12-31,105.5,107.05857
ID155,1987-09-30,1988-03-31,115.4,115.846985
ID155,1987-09-30,1988-06-30,108.0,108.82008
ID155,1987-09-30,1988-09-30,129.9,118.029076
ID155,1988-09-30,1988-12-31,112.4,122.548386
ID155,1988-09-30,1989-03-31,123.6,130.74155
ID155,1988-09-30,1989-06-30,114.9,123.72652
ID155,1988-09-30,1989-09-30,131.0,137.85017
ID156,1981-09-30,1981-12-31,89.0,91.531044
ID156,1981-09-30,1982-03-31,95.0,97.42768
ID156,1981-09-30,1982-06-30,99.0,100.271515
ID156,1981-09-30,1982-09-30,99.0,99.804535
ID156,1982-09-30,1982-12-31,94.0,96.02839
ID156,1982-09-30,1983-03-31,101.0,101.70672
ID156,1982-09-30,1983-06-30,101.0,104.8498
ID156,1982-09-30,1983-09-30,103.0,104.243324
ID156,1983-09-30,1983-12-31,97.0,99.53034
ID156,1983-09-30,1984-03-31,104.0,105.48188
ID156,1983-09-30,1984-06-30,107.0,106.659584
ID156,1983-09-30,1984-09-30,106.0,106.83649
ID156,1984-09-30,1984-12-31,94.0,102.773224
ID156,1984-09-30,1985-03-31,105.0,109.43242
ID156,1984-09-30,1985-06-30,109.0,111.16142
ID156,1984-09-30,1985-09-30,112.0,110.4155
ID156,1985-09-30,1985-12-31,106.0,104.12472
ID156,1985-09-30,1986-03-31,114.0,112.97487
ID156,1985-09-30,1986-06-30,125.0,116.064835
ID156,1985-09-30,1986-09-30,119.0,116.40937
ID157,1982-09-30,1982-12-31,453.0,459.32693
ID157,1982-09-30,1983-03-31,466.0,461.99008
ID157,1982-09-30,1983-06-30,461.0,471.11768
ID157,1982-09-30,1983-09-30,466.0,477.21625
ID157,1983-09-30,1983-12-31,461.0,450.1952
ID157,1983-09-30,1984-03-31,449.0,459.3422
ID157,1983-09-30,1984-06-30,427.0,461.54642
ID157,1983-09-30,1984-09-30,414.0,468.88834
ID157,1984-09-30,1984-12-31,381.0,413.08044
ID157,1984-09-30,1985-03-31,371.0,414.32245
ID157,1984-09-30,1985-06-30,377.0,409.11694
ID157,1984-09-30,1985-09-30,351.0,405.19168
ID157,1985-09-30,1985-12-31,404.0,343.47925
ID157,1985-09-30,1986-03-31,431.0,347.97482
ID157,1985-09-30,1986-06-30,455.0,360.02676
ID157,1985-09-30,1986-09-30,481.0,346.4711
ID157,1986-09-30,1986-12-31,507.0,508.46262
ID157,1986-09-30,1987-03-31,523.0,509.8872
ID157,1986-09-30,1987-06-30,550.0,519.86304
ID157,1986-09-30,1987-09-30,604.0,514.19415
ID157,1987-09-30,1987-12-31,665.0,598.60004
ID157,1987-09-30,1988-03-31,679.0,604.73706
ID157,1987-09-30,1988-06-30,654.0,616.79535
ID157,1987-09-30,1988-09-30,685.0,636.7794
ID158,1982-09-30,1982-12-31,86.4,87.87879
ID158,1982-09-30,1983-03-31,87.8,89.02575
ID158,1982-09-30,1983-06-30,86.3,90.71184
ID158,1982-09-30,1983-09-30,87.0,92.21708
ID158,1983-09-30,1983-12-31,87.6,84.53354
ID158,1983-09-30,1984-03-31,86.6,86.03668
ID158,1983-09-30,1984-06-30,83.7,86.32959
ID158,1983-09-30,1984-09-30,81.7,87.81812
ID158,1984-09-30,1984-12-31,77.5,82.2526
ID158,1984-09-30,1985-03-31,76.7,82.71189
ID158,1984-09-30,1985-06-30,77.6,81.93844
ID158,1984-09-30,1985-09-30,74.8,81.19139
ID158,1985-09-30,1985-12-31,80.1,74.57497
ID158,1985-09-30,1986-03-31,83.6,75.090744
ID158,1985-09-30,1986-06-30,86.2,76.35872
ID158,1985-09-30,1986-09-30,89.3,74.63264
ID158,1986-09-30,1986-12-31,92.8,93.469154
ID158,1986-09-30,1987-03-31,97.1,95.50326
ID158,1986-09-30,1987-06-30,98.0,97.59907
ID158,1986-09-30,1987-09-30,103.6,97.10267
ID158,1987-09-30,1987-12-31,109.1,105.01267
ID158,1987-09-30,1988-03-31,110.3,108.40734
ID158,1987-09-30,1988-06-30,106.2,109.20392
ID158,1987-09-30,1988-09-30,108.6,111.60357
ID159,1982-09-30,1982-12-31,832.0,811.43134
ID159,1982-09-30,1983-03-31,851.4,820.8294
ID159,1982-09-30,1983-06-30,872.1,831.7052
ID159,1982-09-30,1983-09-30,887.6,830.6017
ID159,1983-09-30,1983-12-31,904.3,900.6407
ID159,1983-09-30,1984-03-31,918.3,912.2752
ID159,1983-09-30,1984-06-30,935.0,925.05994
ID159,1983-09-30,1984-09-30,947.1,923.4089
ID159,1984-09-30,1984-12-31,961.7,953.6421
ID159,1984-09-30,1985-03-31,972.3,964.21875
ID159,1984-09-30,1985-06-30,986.8,978.04175
ID159,1984-09-30,1985-09-30,993.7,976.0476
ID159,1985-09-30,1985-12-31,1026.5,999.8472
ID159,1985-09-30,1986-03-31,1046.5,1008.5012
ID159,1985-09-30,1986-06-30,1067.6,1021.8356
ID159,1985-09-30,1986-09-30,1087.7,1017.0011
ID159,1986-09-30,1986-12-31,1122.3,1105.5273
ID159,1986-09-30,1987-03-31,1146.6,1116.3243
ID159,1986-09-30,1987-06-30,1169.3,1130.7256
ID159,1986-09-30,1987-09-30,1208.6,1126.7456
ID159,1987-09-30,1987-12-31,1253.5,1224.1024
ID159,1987-09-30,1988-03-31,1273.0,1238.0392
ID159,1987-09-30,1988-06-30,1302.1,1252.7029
ID159,1987-09-30,1988-09-30,1326.1,1259.4691
ID16,1983-03-31,1983-06-30,550720.0,541766.75
ID16,1983-03-31,1983-09-30,515889.0,529496.6
ID16,1983-03-31,1983-12-31,565356.0,542747.9
ID16,1983-03-31,1984-03-31,568416.0,534198.75
ID16,1984-03-31,1984-06-30,591947.0,590462.1
ID16,1984-03-31,1984-09-30,571253.0,567571.0
ID16,1984-03-31,1984-12-31,625722.0,597418.4
ID16,1984-03-31,1985-03-31,559137.0,593110.25
ID16,1985-03-31,1985-06-30,447298.0,585022.2
ID16,1985-03-31,1985-09-30,400444.0,562783.5
ID16,1985-03-31,1985-12-31,429054.0,610805.2
ID16,1985-03-31,1986-03-31,464296.0,568836.56
ID160,1982-09-30,1982-12-31,85.2,79.6621
ID160,1982-09-30,1983-03-31,86.6,80.997246
ID160,1982-09-30,1983-06-30,90.5,82.43571
ID160,1982-09-30,1983-09-30,90.7,81.89383
ID160,1983-09-30,1983-12-31,92.2,94.49122
ID160,1983-09-30,1984-03-31,92.0,96.86885
ID160,1983-09-30,1984-06-30,91.6,98.89099
ID160,1983-09-30,1984-09-30,91.7,98.03671
ID160,1984-09-30,1984-12-31,89.7,92.41061
ID160,1984-09-30,1985-03-31,90.7,92.859344
ID160,1984-09-30,1985-06-30,90.7,94.332886
ID160,1984-09-30,1985-09-30,84.5,93.82994
ID160,1985-09-30,1985-12-31,93.6,84.36542
ID160,1985-09-30,1986-03-31,96.5,85.67204
ID160,1985-09-30,1986-06-30,98.7,86.64457
ID160,1985-09-30,1986-09-30,103.7,83.745056
ID160,1986-09-30,1986-12-31,106.4,109.470985
ID160,1986-09-30,1987-03-31,109.2,111.30629
ID160,1986-09-30,1987-06-30,111.8,112.60624
ID160,1986-09-30,1987-09-30,117.6,111.76016
ID160,1987-09-30,1987-12-31,124.9,118.92994
ID160,1987-09-30,1988-03-31,123.0,121.42431
ID160,1987-09-30,1988-06-30,121.2,123.171555
ID160,1987-09-30,1988-09-30,118.1,126.07926
ID161,1982-09-30,1982-12-31,119.8,114.852875
ID161,1982-09-30,1983-03-31,121.4,117.55957
ID161,1982-09-30,1983-06-30,124.3,118.91539
ID161,1982-09-30,1983-09-30,129.8,119.22823
ID161,1983-09-30,1983-12-31,135.3,131.94373
ID161,1983-09-30,1984-03-31,136.5,133.78285
ID161,1983-09-30,1984-06-30,138.6,135.8533
ID161,1983-09-30,1984-09-30,137.0,138.32925
ID161,1984-09-30,1984-12-31,136.0,140.27351
ID161,1984-09-30,1985-03-31,136.2,141.29048
ID161,1984-09-30,1985-06-30,137.5,143.36667
ID161,1984-09-30,1985-09-30,138.4,142.71144
ID161,1985-09-30,1985-12-31,145.2,137.48985
ID161,1985-09-30,1986-03-31,151.2,138.36151
ID161,1985-09-30,1986-06-30,156.2,140.45523
ID161,1985-09-30,1986-09-30,161.9,139.26505
ID161,1986-09-30,1986-12-31,171.9,166.31377
ID161,1986-09-30,1987-03-31,174.8,168.99118
ID161,1986-09-30,1987-06-30,178.8,171.95232
ID161,1986-09-30,1987-09-30,189.7,172.4699
ID161,1987-09-30,1987-12-31,198.8,192.73627
ID161,1987-09-30,1988-03-31,202.6,194.69826
ID161,1987-09-30,1988-06-30,204.6,196.67656
ID161,1987-09-30,1988-09-30,202.5,200.32584
ID162,1974-09-30,1974-12-31,112.0,106.80727
ID162,1974-09-30,1975-03-31,115.0,112.214745
ID162,1974-09-30,1975-06-30,94.0,96.239365
ID162,1974-09-30,1975-09-30,122.0,116.56602
ID162,1975-09-30,1975-12-31,123.0,119.360756
ID162,1975-09-30,1976-03-31,125.0,124.71672
ID162,1975-09-30,1976-06-30,99.0,106.910995
ID162,1975-09-30,1976-09-30,129.0,128.21144
ID162,1976-09-30,1976-12-31,129.0,126.54047
ID162,1976-09-30,1977-03-31,130.0,131.20107
ID162,1976-09-30,1977-06-30,101.0,111.071304
ID162,1976-09-30,1977-09-30,134.0,134.35783
ID162,1977-09-30,1977-12-31,132.0,132.39272
ID162,1977-09-30,1978-03-31,136.0,136.21548
ID162,1977-09-30,1978-06-30,106.0,113.37701
ID162,1977-09-30,1978-09-30,139.0,139.36519
ID163,1974-09-30,1974-12-31,113.0,107.12397
ID163,1974-09-30,1975-03-31,116.0,108.493454
ID163,1974-09-30,1975-06-30,90.0,93.322174
ID163,1974-09-30,1975-09-30,122.0,116.89194
ID163,1975-09-30,1975-12-31,128.0,119.74276
ID163,1975-09-30,1976-03-31,126.0,123.20652
ID163,1975-09-30,1976-06-30,98.0,103.56544
ID163,1975-09-30,1976-09-30,135.0,127.50385
ID163,1976-09-30,1976-12-31,139.0,135.58472
ID163,1976-09-30,1977-03-31,138.0,136.86542
ID163,1976-09-30,1977-06-30,102.0,113.59668
ID163,1976-09-30,1977-09-30,142.0,141.44684
ID163,1977-09-30,1977-12-31,138.0,143.33383
ID163,1977-09-30,1978-03-31,141.0,143.6258
ID163,1977-09-30,1978-06-30,105.0,116.32718
ID163,1977-09-30,1978-09-30,145.0,148.1036
ID164,1981-09-30,1981-12-31,75.0,71.45696
ID164,1981-09-30,1982-03-31,73.0,73.48877
ID164,1981-09-30,1982-06-30,75.0,74.17373
ID164,1981-09-30,1982-09-30,76.0,80.337814
ID164,1982-09-30,1982-12-31,86.0,73.131485
ID164,1982-09-30,1983-03-31,91.0,75.30005
ID164,1982-09-30,1983-06-30,95.0,76.928444
ID164,1982-09-30,1983-09-30,90.0,78.601166
ID164,1983-09-30,1983-12-31,90.0,96.61976
ID164,1983-09-30,1984-03-31,99.0,98.034966
ID164,1983-09-30,1984-06-30,115.0,101.13199
ID164,1983-09-30,1984-09-30,157.0,96.8833
ID164,1984-09-30,1984-12-31,175.0,142.86707
ID164,1984-09-30,1985-03-31,177.0,143.09962
ID164,1984-09-30,1985-06-30,177.0,150.09933
ID164,1984-09-30,1985-09-30,191.0,165.90512
ID164,1985-09-30,1985-12-31,164.0,190.6323
ID164,1985-09-30,1986-03-31,162.0,188.2672
ID164,1985-09-30,1986-06-30,142.0,187.7522
ID164,1985-09-30,1986-09-30,99.0,200.22925
ID165,1979-09-30,1979-12-31,108.0,94.933136
ID165,1979-09-30,1980-03-31,114.0,96.87702
ID165,1979-09-30,1980-06-30,127.0,100.74529
ID165,1979-09-30,1980-09-30,143.0,102.099106
ID165,1980-09-30,1980-12-31,143.0,142.70517
ID165,1980-09-30,1981-03-31,154.0,141.31859
ID165,1980-09-30,1981-06-30,143.0,146.62994
ID165,1980-09-30,1981-09-30,129.0,152.2929
ID165,1981-09-30,1981-12-31,119.0,127.42335
ID165,1981-09-30,1982-03-31,115.0,134.73264
ID165,1981-09-30,1982-06-30,110.0,133.22157
ID165,1981-09-30,1982-09-30,114.0,130.19102
ID165,1982-09-30,1982-12-31,127.0,111.316475
ID165,1982-09-30,1983-03-31,140.0,115.9018
ID165,1982-09-30,1983-06-30,153.0,115.20112
ID165,1982-09-30,1983-09-30,164.0,114.49796
ID165,1983-09-30,1983-12-31,164.0,169.69572
ID165,1983-09-30,1984-03-31,168.0,170.40651
ID165,1983-09-30,1984-06-30,183.0,173.41257
ID165,1983-09-30,1984-09-30,188.0,176.896
ID166,1982-09-30,1982-12-31,15.0,15.469363
ID166,1982-09-30,1983-03-31,16.0,17.941338
ID166,1982-09-30,1983-06-30,18.0,18.874367
ID166,1982-09-30,1983-09-30,20.0,20.619936
ID166,1983-09-30,1983-12-31,28.0,20.963816
ID166,1983-09-30,1984-03-31,32.0,23.0265
ID166,1983-09-30,1984-06-30,35.0,24.786703
ID166,1983-09-30,1984-09-30,36.0,26.209713
ID166,1984-09-30,1984-12-31,36.0,37.757523
ID166,1984-09-30,1985-03-31,39.0,38.95306
ID166,1984-09-30,1985-06-30,45.0,40.158257
ID166,1984-09-30,1985-09-30,54.0,40.422558
ID166,1985-09-30,1985-12-31,60.0,50.48664
ID166,1985-09-30,1986-03-31,64.0,51.652218
ID166,1985-09-30,1986-06-30,69.0,54.711727
ID166,1985-09-30,1986-09-30,71.0,58.263416
ID166,1986-09-30,1986-12-31,64.0,71.85107
ID166,1986-09-30,1987-03-31,68.0,72.72807
ID166,1986-09-30,1987-06-30,60.0,75.536156
ID166,1986-09-30,1987-09-30,53.0,76.54973
ID167,1982-09-30,1982-12-31,104.0,95.48822
ID167,1982-09-30,1983-03-31,115.0,97.4563
ID167,1982-09-30,1983-06-30,122.0,100.18089
ID167,1982-09-30,1983-09-30,133.0,98.15296
ID167,1983-09-30,1983-12-31,145.0,135.93472
ID167,1983-09-30,1984-03-31,152.0,138.77527
ID167,1983-09-30,1984-06-30,161.0,141.59804
ID167,1983-09-30,1984-09-30,173.0,143.37474
ID167,1984-09-30,1984-12-31,180.0,172.56424
ID167,1984-09-30,1985-03-31,190.0,175.30653
ID167,1984-09-30,1985-06-30,200.0,178.6253
ID167,1984-09-30,1985-09-30,202.0,183.10527
ID167,1985-09-30,1985-12-31,200.0,202.96574
ID167,1985-09-30,1986-03-31,208.0,208.11888
ID167,1985-09-30,1986-06-30,223.0,213.45036
ID167,1985-09-30,1986-09-30,231.0,213.85117
ID167,1986-09-30,1986-12-31,239.0,228.03107
ID167,1986-09-30,1987-03-31,248.0,233.49478
ID167,1986-09-30,1987-06-30,273.0,242.58864
ID167,1986-09-30,1987-09-30,323.0,242.4822
ID168,1983-09-30,1983-12-31,5.6,8.30846
ID168,1983-09-30,1984-03-31,5.59,10.7615795
ID168,1983-09-30,1984-06-30,5.57,12.807814
ID168,1983-09-30,1984-09-30,5.53,14.582817
ID168,1984-09-30,1984-12-31,5.5,8.250025
ID168,1984-09-30,1985-03-31,5.48,10.709878
ID168,1984-09-30,1985-06-30,5.44,12.753246
ID168,1984-09-30,1985-09-30,5.45,14.492008
ID168,1985-09-30,1985-12-31,5.49,8.157676
ID168,1985-09-30,1986-03-31,5.54,10.603375
ID168,1985-09-30,1986-06-30,5.58,12.631896
ID168,1985-09-30,1986-09-30,5.63,14.401199
ID168,1986-09-30,1986-12-31,5.68,8.348313
ID168,1986-09-30,1987-03-31,5.69,10.805727
ID168,1986-09-30,1987-06-30,5.71,12.833086
ID168,1986-09-30,1987-09-30,5.72,14.636597
ID168,1987-09-30,1987-12-31,5.73,8.437725
ID168,1987-09-30,1988-03-31,5.74,10.905205
ID168,1987-09-30,1988-06-30,5.77,12.937458
ID168,1987-09-30,1988-09-30,5.79,14.699064
ID168,1988-09-30,1988-12-31,5.78,8.478618
ID168,1988-09-30,1989-03-31,5.78,10.952609
ID168,1988-09-30,1989-06-30,5.81,12.9835205
ID168,1988-09-30,1989-09-30,5.83,14.733031
ID168,1989-09-30,1989-12-31,5.86,8.50396
ID168,1989-09-30,1990-03-31,5.9,10.978666
ID168,1989-09-30,1990-06-30,5.91,13.012929
ID168,1989-09-30,1990-09-30,5.94,14.758856
ID17,1983-03-31,1983-06-30,128768.0,146852.34
ID17,1983-03-31,1983-09-30,128042.0,147070.38
ID17,1983-03-31,1983-12-31,128009.0,141403.64
ID17,1983-03-31,1984-03-31,132537.0,154051.69
ID17,1984-03-31,1984-06-30,124437.0,121980.44
ID17,1984-03-31,1984-09-30,109391.0,123815.195
ID17,1984-03-31,1984-12-31,119149.0,122032.55
ID17,1984-03-31,1985-03-31,119151.0,131973.61
ID17,1985-03-31,1985-06-30,108886.0,115698.62
ID17,1985-03-31,1985-09-30,114693.0,110264.52
ID17,1985-03-31,1985-12-31,123091.0,116386.89
ID17,1985-03-31,1986-03-31,131362.0,117706.53
ID173,1981-06-30,1981-09-30,167.0,150.69716
ID173,1981-06-30,1981-12-31,185.0,153.37709
ID173,1981-06-30,1982-03-31,197.0,157.60458
ID173,1981-06-30,1982-06-30,223.0,159.74466
ID173,1982-06-30,1982-09-30,245.0,222.26051
ID173,1982-06-30,1982-12-31,256.0,225.25536
ID173,1982-06-30,1983-03-31,268.0,229.73677
ID173,1982-06-30,1983-06-30,249.0,238.79256
ID173,1983-06-30,1983-09-30,238.0,256.35748
ID173,1983-06-30,1983-12-31,227.0,264.6972
ID173,1983-06-30,1984-03-31,218.0,271.47134
ID173,1983-06-30,1984-06-30,211.0,260.2389
ID173,1984-06-30,1984-09-30,226.0,208.93459
ID173,1984-06-30,1984-12-31,250.0,211.08952
ID173,1984-06-30,1985-03-31,271.0,216.52686
ID173,1984-06-30,1985-06-30,289.0,208.72504
ID173,1985-06-30,1985-09-30,309.0,297.5108
ID173,1985-06-30,1985-12-31,324.0,301.48608
ID173,1985-06-30,1986-03-31,342.0,307.5014
ID173,1985-06-30,1986-06-30,358.0,309.16943
ID173,1986-06-30,1986-09-30,369.0,355.8621
ID173,1986-06-30,1986-12-31,383.0,363.71298
ID173,1986-06-30,1987-03-31,383.0,372.1702
ID173,1986-06-30,1987-06-30,382.0,376.2035
ID174,1982-06-30,1982-09-30,90.0,105.906075
ID174,1982-06-30,1982-12-31,85.0,114.264336
ID174,1982-06-30,1983-03-31,84.0,116.03413
ID174,1982-06-30,1983-06-30,86.0,104.27152
ID174,1983-06-30,1983-09-30,94.0,83.517334
ID174,1983-06-30,1983-12-31,102.0,86.30685
ID174,1983-06-30,1984-03-31,109.0,88.38577
ID174,1983-06-30,1984-06-30,117.0,85.93364
ID174,1984-06-30,1984-09-30,121.0,121.74733
ID174,1984-06-30,1984-12-31,125.0,122.09938
ID174,1984-06-30,1985-03-31,133.0,124.61495
ID174,1984-06-30,1985-06-30,140.0,126.84541
ID174,1985-06-30,1985-09-30,141.0,138.52014
ID174,1985-06-30,1985-12-31,131.0,141.12039
ID174,1985-06-30,1986-03-31,129.0,144.9627
ID174,1985-06-30,1986-06-30,127.0,147.69133
ID174,1986-06-30,1986-09-30,125.0,126.68652
ID174,1986-06-30,1986-12-31,129.0,122.84042
ID174,1986-06-30,1987-03-31,130.0,125.71462
ID174,1986-06-30,1987-06-30,138.0,126.81724
ID175,1967-09-30,1967-12-31,58.0,47.08721
ID175,1967-09-30,1968-03-31,64.0,48.95848
ID175,1967-09-30,1968-06-30,66.0,50.327625
ID175,1967-09-30,1968-09-30,62.0,51.3089
ID175,1968-09-30,1968-12-31,61.0,66.41901
ID175,1968-09-30,1969-03-31,66.0,68.689285
ID175,1968-09-30,1969-06-30,67.0,70.2198
ID175,1968-09-30,1969-09-30,58.0,66.601265
ID175,1969-09-30,1969-12-31,54.0,58.447628
ID175,1969-09-30,1970-03-31,55.0,64.150955
ID175,1969-09-30,1970-06-30,53.0,66.95293
ID175,1969-09-30,1970-09-30,47.0,60.33778
ID175,1970-09-30,1970-12-31,40.0,47.668682
ID175,1970-09-30,1971-03-31,34.0,51.286053
ID175,1970-09-30,1971-06-30,30.0,52.89944
ID175,1970-09-30,1971-09-30,24.0,48.00803
ID175,1971-09-30,1971-12-31,21.0,23.872421
ID175,1971-09-30,1972-03-31,18.0,27.903625
ID175,1971-09-30,1972-06-30,18.0,29.208042
ID175,1971-09-30,1972-09-30,17.0,26.02215
ID175,1972-09-30,1972-12-31,17.0,17.274347
ID175,1972-09-30,1973-03-31,18.0,18.468893
ID175,1972-09-30,1973-06-30,19.0,19.44452
ID175,1972-09-30,1973-09-30,23.0,19.016024
ID176,1982-09-30,1982-12-31,48.0,37.46042
ID176,1982-09-30,1983-03-31,62.0,38.465942
ID176,1982-09-30,1983-06-30,69.0,38.82718
ID176,1982-09-30,1983-09-30,76.0,44.77115
ID176,1983-09-30,1983-12-31,77.0,72.421394
ID176,1983-09-30,1984-03-31,72.0,74.63069
ID176,1983-09-30,1984-06-30,75.0,75.30624
ID176,1983-09-30,1984-09-30,77.0,81.04502
ID176,1984-09-30,1984-12-31,86.0,74.68657
ID176,1984-09-30,1985-03-31,91.0,74.9746
ID176,1984-09-30,1985-06-30,94.0,77.668144
ID176,1984-09-30,1985-09-30,92.0,79.75778
ID176,1985-09-30,1985-12-31,90.0,98.06438
ID176,1985-09-30,1986-03-31,98.0,98.39079
ID176,1985-09-30,1986-06-30,120.0,101.17417
ID176,1985-09-30,1986-09-30,160.0,98.96089
ID176,1986-09-30,1986-12-31,172.0,143.90564
ID176,1986-09-30,1987-03-31,175.0,143.66556
ID176,1986-09-30,1987-06-30,182.0,153.10951
ID176,1986-09-30,1987-09-30,193.0,168.7701
ID176,1987-09-30,1987-12-31,159.0,190.28032
ID176,1987-09-30,1988-03-31,160.0,187.51686
ID176,1987-09-30,1988-06-30,147.0,192.44194
ID176,1987-09-30,1988-09-30,100.0,202.55229
ID177,1982-06-30,1982-09-30,129.0,151.08955
ID177,1982-06-30,1982-12-31,119.0,132.86113
ID177,1982-06-30,1983-03-31,115.0,156.36444
ID177,1982-06-30,1983-06-30,110.0,149.09749
ID177,1983-06-30,1983-09-30,114.0,105.31265
ID177,1983-06-30,1983-12-31,127.0,92.2576
ID177,1983-06-30,1984-03-31,140.0,112.20151
ID177,1983-06-30,1984-06-30,153.0,107.86584
ID177,1984-06-30,1984-09-30,164.0,155.8383
ID177,1984-06-30,1984-12-31,164.0,157.35536
ID177,1984-06-30,1985-03-31,168.0,162.10901
ID177,1984-06-30,1985-06-30,183.0,164.54672
ID177,1985-06-30,1985-09-30,188.0,180.87515
ID177,1985-06-30,1985-12-31,183.0,182.1273
ID177,1985-06-30,1986-03-31,182.0,184.09286
ID177,1985-06-30,1986-06-30,179.0,191.18246
ID177,1986-06-30,1986-09-30,164.0,181.16762
ID177,1986-06-30,1986-12-31,160.0,178.71059
ID177,1986-06-30,1987-03-31,171.0,179.83939
ID177,1986-06-30,1987-06-30,184.0,181.8088
ID178,1974-09-30,1974-12-31,16.91,18.874416
ID178,1974-09-30,1975-03-31,17.15,21.271734
ID178,1974-09-30,1975-06-30,17.5,23.081253
ID178,1974-09-30,1975-09-30,17.54,24.134441
ID178,1975-09-30,1975-12-31,17.52,19.259361
ID178,1975-09-30,1976-03-31,17.87,21.658531
ID178,1975-09-30,1976-06-30,18.31,23.495483
ID178,1975-09-30,1976-09-30,18.55,24.556416
ID178,1976-09-30,1976-12-31,18.6,20.368317
ID178,1976-09-30,1977-03-31,19.11,22.824064
ID178,1976-09-30,1977-06-30,19.49,24.638529
ID178,1976-09-30,1977-09-30,19.66,25.714966
ID178,1977-09-30,1977-12-31,19.36,21.424126
ID178,1977-09-30,1978-03-31,19.33,23.938183
ID178,1977-09-30,1978-06-30,19.46,25.684729
ID178,1977-09-30,1978-09-30,19.61,26.741009
ID179,1974-09-30,1974-12-31,4.4,7.377076
ID179,1974-09-30,1975-03-31,3.94,9.375788
ID179,1974-09-30,1975-06-30,3.5,11.163313
ID179,1974-09-30,1975-09-30,3.31,13.2213125
ID179,1975-09-30,1975-12-31,3.94,6.8365326
ID179,1975-09-30,1976-03-31,3.59,8.935902
ID179,1975-09-30,1976-06-30,3.15,10.701517
ID179,1975-09-30,1976-09-30,2.79,12.680334
ID179,1976-09-30,1976-12-31,3.11,6.36298
ID179,1976-09-30,1977-03-31,3.04,8.6305895
ID179,1976-09-30,1977-06-30,2.79,10.362238
ID179,1976-09-30,1977-09-30,2.57,12.25012
ID179,1977-09-30,1977-12-31,3.1,5.914607
ID179,1977-09-30,1978-03-31,2.92,8.283063
ID179,1977-09-30,1978-06-30,3.03,10.081311
ID179,1977-09-30,1978-09-30,2.86,12.091236
ID18,1983-03-31,1983-06-30,29855.0,28312.34
ID18,1983-03-31,1983-09-30,31806.0,26372.016
ID18,1983-03-31,1983-12-31,32348.0,21316.324
ID18,1983-03-31,1984-03-31,36848.0,26193.045
ID18,1984-03-31,1984-06-30,38480.0,39215.715
ID18,1984-03-31,1984-09-30,36019.0,37700.99
ID18,1984-03-31,1984-12-31,19567.0,35031.594
ID18,1984-03-31,1985-03-31,16091.0,39706.047
ID18,1985-03-31,1985-06-30,23917.0,19412.742
ID18,1985-03-31,1985-09-30,32648.0,22928.34
ID18,1985-03-31,1985-12-31,33882.0,17277.2
ID18,1985-03-31,1986-03-31,37526.0,18015.164
ID180,1974-09-30,1974-12-31,231.0,224.60634
ID180,1974-09-30,1975-03-31,237.0,228.24991
ID180,1974-09-30,1975-06-30,242.0,229.49261
ID180,1974-09-30,1975-09-30,255.0,223.9371
ID180,1975-09-30,1975-12-31,266.0,259.94653
ID180,1975-09-30,1976-03-31,283.0,261.7908
ID180,1975-09-30,1976-06-30,316.0,266.036
ID180,1975-09-30,1976-09-30,357.0,268.20105
ID180,1976-09-30,1976-12-31,403.0,350.73553
ID180,1976-09-30,1977-03-31,428.0,352.11578
ID180,1976-09-30,1977-06-30,428.0,366.71658
ID180,1976-09-30,1977-09-30,415.0,380.79965
ID180,1977-09-30,1977-12-31,380.0,428.3495
ID180,1977-09-30,1978-03-31,352.0,440.01935
ID180,1977-09-30,1978-06-30,355.0,442.65546
ID180,1977-09-30,1978-09-30,353.0,433.40216
ID181,1974-09-30,1974-12-31,2.2,8.148422
ID181,1974-09-30,1975-03-31,1.3,10.610683
ID181,1974-09-30,1975-06-30,1.1,12.940836
ID181,1974-09-30,1975-09-30,1.5,15.836626
ID181,1975-09-30,1975-12-31,1.8,6.3587027
ID181,1975-09-30,1976-03-31,1.8,8.486532
ID181,1975-09-30,1976-06-30,1.1,10.489081
ID181,1975-09-30,1976-09-30,1.5,13.635973
ID181,1976-09-30,1976-12-31,2.3,5.9243565
ID181,1976-09-30,1977-03-31,1.4,8.42234
ID181,1976-09-30,1977-06-30,1.0,10.166241
ID181,1976-09-30,1977-09-30,1.6,13.194618
ID181,1977-09-30,1977-12-31,2.9,6.162295
ID181,1977-09-30,1978-03-31,2.2,8.5624075
ID181,1977-09-30,1978-06-30,2.4,10.186287
ID181,1977-09-30,1978-09-30,3.9,13.24283
ID182,1974-09-30,1974-12-31,7695.0,7666.8887
ID182,1974-09-30,1975-03-31,7791.0,7727.133
ID182,1974-09-30,1975-06-30,7841.0,7771.3945
ID182,1974-09-30,1975-09-30,7890.0,7709.648
ID182,1975-09-30,1975-12-31,7896.0,7843.534
ID182,1975-09-30,1976-03-31,8002.0,7926.171
ID182,1975-09-30,1976-06-30,8024.0,7981.3594
ID182,1975-09-30,1976-09-30,8023.0,7931.0347
ID182,1976-09-30,1976-12-31,7966.0,7999.066
ID182,1976-09-30,1977-03-31,8017.0,8095.041
ID182,1976-09-30,1977-06-30,7985.0,8148.676
ID182,1976-09-30,1977-09-30,7830.0,8089.9707
ID182,1977-09-30,1977-12-31,7573.0,7777.9263
ID182,1977-09-30,1978-03-31,7443.0,7860.0854
ID182,1977-09-30,1978-06-30,7429.0,7898.518
ID182,1977-09-30,1978-09-30,7414.0,7777.114
ID183,1974-09-30,1974-12-31,1.13,5.9446287
ID183,1974-09-30,1975-03-31,1.13,9.025867
ID183,1974-09-30,1975-06-30,1.15,11.003186
ID183,1974-09-30,1975-09-30,1.15,13.402819
ID183,1975-09-30,1975-12-31,1.14,5.8954673
ID183,1975-09-30,1976-03-31,1.14,8.961316
ID183,1975-09-30,1976-06-30,1.15,10.937067
ID183,1975-09-30,1976-09-30,1.15,13.352155
ID183,1976-09-30,1976-12-31,1.14,5.804703
ID183,1976-09-30,1977-03-31,1.13,8.850644
ID183,1976-09-30,1977-06-30,1.14,10.819886
ID183,1976-09-30,1977-09-30,1.13,13.2469845
ID183,1977-09-30,1977-12-31,1.1,5.7805004
ID183,1977-09-30,1978-03-31,1.09,8.827363
ID183,1977-09-30,1978-06-30,1.09,10.796482
ID183,1977-09-30,1978-09-30,1.08,13.216618
ID184,1974-09-30,1974-12-31,27.0,32.888927
ID184,1974-09-30,1975-03-31,13.0,15.751198
ID184,1974-09-30,1975-06-30,17.0,17.918386
ID184,1974-09-30,1975-09-30,26.0,25.63114
ID184,1975-09-30,1975-12-31,34.0,32.623272
ID184,1975-09-30,1976-03-31,17.0,15.872494
ID184,1975-09-30,1976-06-30,20.0,17.252518
ID184,1975-09-30,1976-09-30,30.0,27.741539
ID184,1976-09-30,1976-12-31,41.0,36.5728
ID184,1976-09-30,1977-03-31,20.0,20.683842
ID184,1976-09-30,1977-06-30,26.0,24.058353
ID184,1976-09-30,1977-09-30,55.0,33.310722
ID184,1977-09-30,1977-12-31,90.0,55.430748
ID184,1977-09-30,1978-03-31,62.0,35.1073
ID184,1977-09-30,1978-06-30,64.0,40.626446
ID184,1977-09-30,1978-09-30,84.0,58.287025
ID185,1974-09-30,1974-12-31,114.0,114.28695
ID185,1974-09-30,1975-03-31,137.0,135.9218
ID185,1974-09-30,1975-06-30,148.0,145.41472
ID185,1974-09-30,1975-09-30,125.0,122.50369
ID185,1975-09-30,1975-12-31,118.0,121.27509
ID185,1975-09-30,1976-03-31,135.0,142.49294
ID185,1975-09-30,1976-06-30,142.0,153.91618
ID185,1975-09-30,1976-09-30,122.0,129.40686
ID185,1976-09-30,1976-12-31,115.0,118.87228
ID185,1976-09-30,1977-03-31,131.0,136.58272
ID185,1976-09-30,1977-06-30,127.0,146.9635
ID185,1976-09-30,1977-09-30,87.0,124.852455
ID185,1977-09-30,1977-12-31,65.0,90.0378
ID185,1977-09-30,1978-03-31,75.0,109.82523
ID185,1977-09-30,1978-06-30,75.0,115.149864
ID185,1977-09-30,1978-09-30,59.0,88.22664
ID186,1974-09-30,1974-12-31,342.0,340.75
ID186,1974-09-30,1975-03-31,349.0,345.9948
ID186,1974-09-30,1975-06-30,351.0,348.47827
ID186,1974-09-30,1975-09-30,349.0,344.18298
ID186,1975-09-30,1975-12-31,348.0,346.84235
ID186,1975-09-30,1976-03-31,354.0,352.93692
ID186,1975-09-30,1976-06-30,357.0,355.56912
ID186,1975-09-30,1976-09-30,355.0,350.84488
ID186,1976-09-30,1976-12-31,355.0,353.43594
ID186,1976-09-30,1977-03-31,360.0,359.07532
ID186,1976-09-30,1977-06-30,363.0,362.43158
ID186,1976-09-30,1977-09-30,362.0,357.48178
ID186,1977-09-30,1977-12-31,360.0,361.01123
ID186,1977-09-30,1978-03-31,364.0,365.7304
ID186,1977-09-30,1978-06-30,366.0,369.44406
ID186,1977-09-30,1978-09-30,363.0,364.86353
ID187,1974-09-30,1974-12-31,26.6,30.099598
ID187,1974-09-30,1975-03-31,10.1,13.738432
ID187,1974-09-30,1975-06-30,7.2,8.623627
ID187,1974-09-30,1975-09-30,18.2,21.71519
ID187,1975-09-30,1975-12-31,23.1,27.567747
ID187,1975-09-30,1976-03-31,8.7,10.273718
ID187,1975-09-30,1976-06-30,5.3,7.021615
ID187,1975-09-30,1976-09-30,16.3,19.609371
ID187,1976-09-30,1976-12-31,24.3,23.999985
ID187,1976-09-30,1977-03-31,7.9,9.407251
ID187,1976-09-30,1977-06-30,4.0,6.6898613
ID187,1976-09-30,1977-09-30,11.6,17.781525
ID187,1977-09-30,1977-12-31,17.6,19.738663
ID187,1977-09-30,1978-03-31,7.5,7.4811583
ID187,1977-09-30,1978-06-30,5.4,4.0118046
ID187,1977-09-30,1978-09-30,15.2,13.596684
ID188,1974-09-30,1974-12-31,3.5,5.932311
ID188,1974-09-30,1975-03-31,6.3,9.675853
ID188,1974-09-30,1975-06-30,4.8,10.612396
ID188,1974-09-30,1975-09-30,3.8,11.116343
ID188,1975-09-30,1975-12-31,4.6,7.49597
ID188,1975-09-30,1976-03-31,7.6,11.13477
ID188,1975-09-30,1976-06-30,5.9,11.776926
ID188,1975-09-30,1976-09-30,5.2,12.464626
ID188,1976-09-30,1976-12-31,6.0,8.719751
ID188,1976-09-30,1977-03-31,10.1,12.560409
ID188,1976-09-30,1977-06-30,8.0,12.913102
ID188,1976-09-30,1977-09-30,6.2,13.757112
ID188,1977-09-30,1977-12-31,6.1,9.875206
ID188,1977-09-30,1978-03-31,10.1,14.476695
ID188,1977-09-30,1978-06-30,7.6,14.397753
ID188,1977-09-30,1978-09-30,4.9,14.316721
ID189,1974-09-30,1974-12-31,48.0,47.832253
ID189,1974-09-30,1975-03-31,50.3,51.37211
ID189,1974-09-30,1975-06-30,50.6,52.413185
ID189,1974-09-30,1975-09-30,53.6,53.567326
ID189,1975-09-30,1975-12-31,53.6,54.40572
ID189,1975-09-30,1976-03-31,56.4,57.692142
ID189,1975-09-30,1976-06-30,57.0,58.341316
ID189,1975-09-30,1976-09-30,58.8,60.07811
ID189,1976-09-30,1976-12-31,58.4,59.446632
ID189,1976-09-30,1977-03-31,60.2,62.57454
ID189,1976-09-30,1977-06-30,60.8,63.184914
ID189,1976-09-30,1977-09-30,61.9,65.010254
ID189,1977-09-30,1977-12-31,60.6,62.383965
ID189,1977-09-30,1978-03-31,61.9,65.26517
ID189,1977-09-30,1978-06-30,62.0,66.285805
ID189,1977-09-30,1978-09-30,63.8,67.3775
ID19,1983-03-31,1983-06-30,623090.0,635708.56
ID19,1983-03-31,1983-09-30,565099.0,621765.0
ID19,1983-03-31,1983-12-31,604281.0,606540.7
ID19,1983-03-31,1984-03-31,746148.0,655026.5
ID19,1984-03-31,1984-06-30,743764.0,724899.6
ID19,1984-03-31,1984-09-30,668457.0,691139.5
ID19,1984-03-31,1984-12-31,489723.0,701960.44
ID19,1984-03-31,1985-03-31,406548.0,784909.5
ID19,1985-03-31,1985-06-30,385888.0,423498.75
ID19,1985-03-31,1985-09-30,408257.0,422588.16
ID19,1985-03-31,1985-12-31,426349.0,394152.47
ID19,1985-03-31,1986-03-31,522348.0,415155.62
ID192,1982-09-30,1982-12-31,104.0,104.16163
ID192,1982-09-30,1983-03-31,101.0,105.90272
ID192,1982-09-30,1983-06-30,88.0,96.65024
ID192,1982-09-30,1983-09-30,102.0,108.37889
ID192,1983-09-30,1983-12-31,100.0,99.94327
ID192,1983-09-30,1984-03-31,98.0,100.41937
ID192,1983-09-30,1984-06-30,87.0,91.473915
ID192,1983-09-30,1984-09-30,103.0,103.115295
ID192,1984-09-30,1984-12-31,101.0,101.165474
ID192,1984-09-30,1985-03-31,102.0,101.411446
ID192,1984-09-30,1985-06-30,91.0,92.77691
ID192,1984-09-30,1985-09-30,106.0,105.55073
ID192,1985-09-30,1985-12-31,102.0,103.59607
ID192,1985-09-30,1986-03-31,103.0,105.32221
ID192,1985-09-30,1986-06-30,90.0,96.928024
ID192,1985-09-30,1986-09-30,104.0,109.59162
ID192,1986-09-30,1986-12-31,102.0,100.41848
ID192,1986-09-30,1987-03-31,100.0,103.08371
ID192,1986-09-30,1987-06-30,89.0,93.87163
ID192,1986-09-30,1987-09-30,99.0,106.018166
ID192,1987-09-30,1987-12-31,100.0,97.41264
ID192,1987-09-30,1988-03-31,96.0,98.52924
ID192,1987-09-30,1988-06-30,81.0,90.127945
ID192,1987-09-30,1988-09-30,98.0,99.97503
ID192,1988-09-30,1988-12-31,95.0,98.09967
ID192,1988-09-30,1989-03-31,92.0,97.34255
ID192,1988-09-30,1989-06-30,79.0,87.690895
ID192,1988-09-30,1989-09-30,94.0,99.50144
ID193,1981-09-30,1981-12-31,478.0,402.52524
ID193,1981-09-30,1982-03-31,399.0,334.042
ID193,1981-09-30,1982-06-30,317.0,282.19702
ID193,1981-09-30,1982-09-30,333.0,314.86978
ID193,1982-09-30,1982-12-31,463.0,454.50372
ID193,1982-09-30,1983-03-31,400.0,396.18085
ID193,1982-09-30,1983-06-30,315.0,318.73718
ID193,1982-09-30,1983-09-30,350.0,346.5343
ID193,1983-09-30,1983-12-31,518.0,443.34882
ID193,1983-09-30,1984-03-31,529.0,398.40396
ID193,1983-09-30,1984-06-30,455.0,328.64886
ID193,1983-09-30,1984-09-30,478.0,360.06042
ID193,1984-09-30,1984-12-31,664.0,579.21173
ID193,1984-09-30,1985-03-31,584.0,562.48883
ID193,1984-09-30,1985-06-30,468.0,484.65292
ID193,1984-09-30,1985-09-30,493.0,507.7845
ID193,1985-09-30,1985-12-31,645.0,601.0447
ID193,1985-09-30,1986-03-31,571.0,576.83936
ID193,1985-09-30,1986-06-30,502.0,480.71814
ID193,1985-09-30,1986-09-30,530.0,498.4606
ID193,1986-09-30,1986-12-31,650.0,637.29865
ID193,1986-09-30,1987-03-31,522.0,584.9588
ID193,1986-09-30,1987-06-30,438.0,513.53955
ID193,1986-09-30,1987-09-30,470.0,542.9685
ID194,1980-09-30,1980-12-31,99.8,99.540565
ID194,1980-09-30,1981-03-31,102.8,101.50396
ID194,1980-09-30,1981-06-30,103.2,103.872185
ID194,1980-09-30,1981-09-30,102.2,101.85402
ID194,1981-09-30,1981-12-31,99.8,101.88945
ID194,1981-09-30,1982-03-31,100.6,104.47717
ID194,1981-09-30,1982-06-30,101.0,105.73347
ID194,1981-09-30,1982-09-30,98.5,104.25382
ID194,1982-09-30,1982-12-31,96.8,97.37745
ID194,1982-09-30,1983-03-31,99.5,99.369995
ID194,1982-09-30,1983-06-30,100.7,100.402824
ID194,1982-09-30,1983-09-30,99.2,98.72279
ID194,1983-09-30,1983-12-31,97.9,98.75268
ID194,1983-09-30,1984-03-31,100.9,100.89282
ID194,1983-09-30,1984-06-30,102.5,102.299446
ID194,1983-09-30,1984-09-30,101.8,100.11895
ID194,1984-09-30,1984-12-31,101.7,101.503136
ID194,1984-09-30,1985-03-31,105.9,104.41222
ID194,1984-09-30,1985-06-30,107.8,106.16317
ID194,1984-09-30,1985-09-30,107.7,104.496925
ID195,1980-09-30,1980-12-31,40.4,41.292557
ID195,1980-09-30,1981-03-31,40.1,42.68238
ID195,1980-09-30,1981-06-30,40.1,43.795242
ID195,1980-09-30,1981-09-30,39.6,44.117714
ID195,1981-09-30,1981-12-31,39.8,40.918816
ID195,1981-09-30,1982-03-31,39.8,41.97681
ID195,1981-09-30,1982-06-30,39.6,43.135796
ID195,1981-09-30,1982-09-30,39.6,43.108093
ID195,1982-09-30,1982-12-31,39.3,40.943657
ID195,1982-09-30,1983-03-31,39.5,42.041794
ID195,1982-09-30,1983-06-30,39.7,43.144222
ID195,1982-09-30,1983-09-30,40.0,43.18178
ID195,1983-09-30,1983-12-31,39.8,41.154556
ID195,1983-09-30,1984-03-31,40.0,42.58045
ID195,1983-09-30,1984-06-30,40.0,43.785206
ID195,1983-09-30,1984-09-30,40.1,44.21798
ID195,1984-09-30,1984-12-31,40.1,41.205772
ID195,1984-09-30,1985-03-31,39.7,42.693325
ID195,1984-09-30,1985-06-30,39.3,43.90887
ID195,1984-09-30,1985-09-30,39.5,44.46844
ID196,1980-09-30,1980-12-31,407.0,1051.0732
ID196,1980-09-30,1981-03-31,2334.0,1313.0953
ID196,1980-09-30,1981-06-30,3426.0,1586.0405
ID196,1980-09-30,1981-09-30,1585.0,752.3705
ID196,1981-09-30,1981-12-31,388.0,1428.548
ID196,1981-09-30,1982-03-31,2178.0,2381.904
ID196,1981-09-30,1982-06-30,2083.0,3091.3481
ID196,1981-09-30,1982-09-30,1892.0,1805.1686
ID196,1982-09-30,1982-12-31,622.0,1115.2725
ID196,1982-09-30,1983-03-31,675.0,2171.8057
ID196,1982-09-30,1983-06-30,1073.0,2571.8616
ID196,1982-09-30,1983-09-30,724.0,1826.7744
ID196,1983-09-30,1983-12-31,735.0,702.93604
ID196,1983-09-30,1984-03-31,4049.0,1032.713
ID196,1983-09-30,1984-06-30,2277.0,1240.7051
ID196,1983-09-30,1984-09-30,943.0,897.98425
ID196,1984-09-30,1984-12-31,566.0,1511.9513
ID196,1984-09-30,1985-03-31,1475.0,2900.384
ID196,1984-09-30,1985-06-30,2571.0,2178.8926
ID196,1984-09-30,1985-09-30,1158.0,1110.2261
ID197,1981-09-30,1981-12-31,83.0,83.945045
ID197,1981-09-30,1982-03-31,85.0,85.37463
ID197,1981-09-30,1982-06-30,87.0,87.32037
ID197,1981-09-30,1982-09-30,88.0,87.502495
ID197,1982-09-30,1982-12-31,90.0,89.29513
ID197,1982-09-30,1983-03-31,92.0,91.245056
ID197,1982-09-30,1983-06-30,93.0,93.37649
ID197,1982-09-30,1983-09-30,95.0,93.41583
ID197,1983-09-30,1983-12-31,97.0,96.39135
ID197,1983-09-30,1984-03-31,99.0,98.38717
ID197,1983-09-30,1984-06-30,101.0,99.789604
ID197,1983-09-30,1984-09-30,103.0,100.2898
ID197,1984-09-30,1984-12-31,106.0,104.59647
ID197,1984-09-30,1985-03-31,108.0,106.80065
ID197,1984-09-30,1985-06-30,110.0,108.44693
ID197,1984-09-30,1985-09-30,112.0,109.15744
ID197,1985-09-30,1985-12-31,114.0,114.03635
ID197,1985-09-30,1986-03-31,116.0,115.97168
ID197,1985-09-30,1986-06-30,119.0,117.81865
ID197,1985-09-30,1986-09-30,121.0,118.31109
ID197,1986-09-30,1986-12-31,124.0,122.51068
ID197,1986-09-30,1987-03-31,127.0,124.539314
ID197,1986-09-30,1987-06-30,129.0,126.934685
ID197,1986-09-30,1987-09-30,133.0,127.23495
ID198,1980-09-30,1980-12-31,1334.0,1325.8701
ID198,1980-09-30,1981-03-31,1343.0,1330.9575
ID198,1980-09-30,1981-06-30,1351.0,1337.197
ID198,1980-09-30,1981-09-30,1361.0,1332.7031
ID198,1981-09-30,1981-12-31,1375.0,1364.6937
ID198,1981-09-30,1982-03-31,1380.0,1372.23
ID198,1981-09-30,1982-06-30,1374.0,1382.161
ID198,1981-09-30,1982-09-30,1384.0,1376.4365
ID198,1982-09-30,1982-12-31,1394.0,1386.1228
ID198,1982-09-30,1983-03-31,1363.0,1393.2642
ID198,1982-09-30,1983-06-30,1294.0,1397.601
ID198,1982-09-30,1983-09-30,1297.0,1394.0227
ID198,1983-09-30,1983-12-31,1288.0,1298.6676
ID198,1983-09-30,1984-03-31,1278.0,1292.4335
ID198,1983-09-30,1984-06-30,1269.0,1274.1797
ID198,1983-09-30,1984-09-30,1281.0,1276.4832
ID198,1984-09-30,1984-12-31,1290.0,1286.7247
ID198,1984-09-30,1985-03-31,1288.0,1284.0298
ID198,1984-09-30,1985-06-30,1304.0,1273.7238
ID198,1984-09-30,1985-09-30,1323.0,1274.6602
ID199,1980-09-30,1980-12-31,74.6,74.47699
ID199,1980-09-30,1981-03-31,56.7,64.800026
ID199,1980-09-30,1981-06-30,45.2,57.104294
ID199,1980-09-30,1981-09-30,58.0,64.566055
ID199,1981-09-30,1981-12-31,64.2,67.75493
ID199,1981-09-30,1982-03-31,49.9,55.869537
ID199,1981-09-30,1982-06-30,48.5,49.08894
ID199,1981-09-30,1982-09-30,62.8,59.669155
ID199,1982-09-30,1982-12-31,76.7,71.13639
ID199,1982-09-30,1983-03-31,64.9,55.946476
ID199,1982-09-30,1983-06-30,63.3,53.760273
ID199,1982-09-30,1983-09-30,89.5,66.78947
ID199,1983-09-30,1983-12-31,114.4,95.08218
ID199,1983-09-30,1984-03-31,96.4,81.38631
ID199,1983-09-30,1984-06-30,95.0,80.945496
ID199,1983-09-30,1984-09-30,110.0,97.09589
ID199,1984-09-30,1984-12-31,108.0,120.98445
ID199,1984-09-30,1985-03-31,80.9,104.5969
ID199,1984-09-30,1985-06-30,68.9,102.547424
ID199,1984-09-30,1985-09-30,78.6,116.09539
ID2,1981-09-30,1981-12-31,136.0,185.05797
ID2,1981-09-30,1982-03-31,201.0,215.64928
ID2,1981-09-30,1982-06-30,214.0,215.45462
ID2,1981-09-30,1982-09-30,221.0,204.97644
ID2,1982-09-30,1982-12-31,153.0,169.74666
ID2,1982-09-30,1983-03-31,232.0,215.01128
ID2,1982-09-30,1983-06-30,240.0,221.21909
ID2,1982-09-30,1983-09-30,226.0,228.47388
ID2,1983-09-30,1983-12-31,176.0,176.02394
ID2,1983-09-30,1984-03-31,256.0,234.91331
ID2,1983-09-30,1984-06-30,271.0,244.20671
ID2,1983-09-30,1984-09-30,265.0,234.62831
ID2,1984-09-30,1984-12-31,180.0,219.22693
ID2,1984-09-30,1985-03-31,282.0,279.00146
ID2,1984-09-30,1985-06-30,294.0,289.30908
ID2,1984-09-30,1985-09-30,268.0,273.92868
ID2,1985-09-30,1985-12-31,208.0,208.28107
ID2,1985-09-30,1986-03-31,297.0,285.35367
ID2,1985-09-30,1986-06-30,286.0,299.7007
ID2,1985-09-30,1986-09-30,275.0,279.08075
ID2,1986-09-30,1986-12-31,190.0,230.56143
ID2,1986-09-30,1987-03-31,264.0,301.66312
ID2,1986-09-30,1987-06-30,247.0,302.85068
ID2,1986-09-30,1987-09-30,258.0,284.1586
ID20,1977-09-30,1977-12-31,117781.0,121683.84
ID20,1977-09-30,1978-03-31,122794.0,119643.81
ID20,1977-09-30,1978-06-30,126610.0,124535.08
ID20,1977-09-30,1978-09-30,127598.0,123796.234
ID20,1978-09-30,1978-12-31,125112.0,125368.5
ID20,1978-09-30,1979-03-31,125328.0,127610.375
ID20,1978-09-30,1979-06-30,114609.0,131284.39
ID20,1978-09-30,1979-09-30,115452.0,129736.59
ID200,1980-09-30,1980-12-31,41.9,45.30938
ID200,1980-09-30,1981-03-31,35.3,35.377277
ID200,1980-09-30,1981-06-30,42.5,38.761204
ID200,1980-09-30,1981-09-30,57.3,48.14931
ID200,1981-09-30,1981-12-31,59.2,53.922382
ID200,1981-09-30,1982-03-31,44.6,46.480843
ID200,1981-09-30,1982-06-30,43.3,52.996162
ID200,1981-09-30,1982-09-30,56.6,63.590508
ID200,1982-09-30,1982-12-31,51.6,55.91313
ID200,1982-09-30,1983-03-31,34.2,45.450916
ID200,1982-09-30,1983-06-30,34.6,48.165855
ID200,1982-09-30,1983-09-30,43.0,59.6808
ID200,1983-09-30,1983-12-31,35.3,42.96733
ID200,1983-09-30,1984-03-31,26.1,30.27939
ID200,1983-09-30,1984-06-30,28.8,33.486122
ID200,1983-09-30,1984-09-30,39.6,43.3727
ID200,1984-09-30,1984-12-31,52.9,38.065884
ID200,1984-09-30,1985-03-31,52.1,27.403282
ID200,1984-09-30,1985-06-30,69.1,31.722984
ID200,1984-09-30,1985-09-30,81.9,42.05428
ID201,1980-09-30,1980-12-31,737.0,723.83527
ID201,1980-09-30,1981-03-31,736.0,722.95776
ID201,1980-09-30,1981-06-30,734.0,721.3456
ID201,1980-09-30,1981-09-30,747.0,722.6022
ID201,1981-09-30,1981-12-31,761.0,752.7211
ID201,1981-09-30,1982-03-31,764.0,752.3101
ID201,1981-09-30,1982-06-30,759.0,752.40515
ID201,1981-09-30,1982-09-30,773.0,755.80176
ID201,1982-09-30,1982-12-31,785.0,777.8843
ID201,1982-09-30,1983-03-31,780.0,780.54834
ID201,1982-09-30,1983-06-30,771.0,779.2993
ID201,1982-09-30,1983-09-30,780.0,783.4735
ID201,1983-09-30,1983-12-31,790.0,782.79047
ID201,1983-09-30,1984-03-31,787.0,783.2686
ID201,1983-09-30,1984-06-30,781.0,779.8402
ID201,1983-09-30,1984-09-30,794.0,783.33203
ID201,1984-09-30,1984-12-31,810.0,796.9113
ID201,1984-09-30,1985-03-31,814.0,796.5128
ID201,1984-09-30,1985-06-30,808.0,794.281
ID201,1984-09-30,1985-09-30,813.0,797.5025
ID202,1980-09-30,1980-12-31,3.58,6.5948896
ID202,1980-09-30,1981-03-31,3.61,7.7840147
ID202,1980-09-30,1981-06-30,3.73,9.186813
ID202,1980-09-30,1981-09-30,5.74,12.681308
ID202,1981-09-30,1981-12-31,5.44,7.695608
ID202,1981-09-30,1982-03-31,5.03,9.5339775
ID202,1981-09-30,1982-06-30,4.87,11.681726
ID202,1981-09-30,1982-09-30,5.65,15.3388815
ID202,1982-09-30,1982-12-31,4.7,8.25248
ID202,1982-09-30,1983-03-31,2.5,10.025444
ID202,1982-09-30,1983-06-30,2.25,12.041073
ID202,1982-09-30,1983-09-30,2.69,14.780823
ID202,1983-09-30,1983-12-31,2.14,5.3789225
ID202,1983-09-30,1984-03-31,2.42,6.7124357
ID202,1983-09-30,1984-06-30,3.34,8.73685
ID202,1983-09-30,1984-09-30,2.85,11.31892
ID202,1984-09-30,1984-12-31,3.18,5.822833
ID202,1984-09-30,1985-03-31,3.88,8.155264
ID202,1984-09-30,1985-06-30,4.24,10.322829
ID202,1984-09-30,1985-09-30,4.2,12.880083
ID21,1983-03-31,1983-06-30,139013.0,139298.6
ID21,1983-03-31,1983-09-30,139253.0,141789.73
ID21,1983-03-31,1983-12-31,127343.0,145871.73
ID21,1983-03-31,1984-03-31,128280.0,144152.28
ID21,1984-03-31,1984-06-30,132334.0,125599.38
ID21,1984-03-31,1984-09-30,129097.0,127365.81
ID21,1984-03-31,1984-12-31,134017.0,124905.734
ID21,1984-03-31,1985-03-31,135847.0,126083.75
ID21,1985-03-31,1985-06-30,136255.0,139027.03
ID21,1985-03-31,1985-09-30,137240.0,138497.92
ID21,1985-03-31,1985-12-31,138232.0,137722.86
ID21,1985-03-31,1986-03-31,146270.0,137699.27
ID21,1986-03-31,1986-06-30,148904.0,145872.62
ID21,1986-03-31,1986-09-30,147056.0,145311.22
ID21,1986-03-31,1986-12-31,150830.0,147624.19
ID21,1986-03-31,1987-03-31,155579.0,150320.9
ID21,1987-03-31,1987-06-30,146115.0,156553.14
ID21,1987-03-31,1987-09-30,134412.0,155838.72
ID21,1987-03-31,1987-12-31,119038.0,157828.2
ID21,1987-03-31,1988-03-31,138651.0,160769.84
ID22,1989-06-30,1989-09-30,159.94,159.58302
ID22,1989-06-30,1989-12-31,159.94,160.22762
ID22,1989-06-30,1990-03-31,159.94,161.2061
ID22,1989-06-30,1990-06-30,159.54,160.12593
ID22,1990-06-30,1990-09-30,159.14,159.22426
ID22,1990-06-30,1990-12-31,159.14,159.88484
ID22,1990-06-30,1991-03-31,159.14,160.88167
ID22,1990-06-30,1991-06-30,159.14,159.63338
ID22,1991-06-30,1991-09-30,159.14,158.60793
ID22,1991-06-30,1991-12-31,159.14,159.32896
ID22,1991-06-30,1992-03-31,161.13,160.37262
ID22,1991-06-30,1992-06-30,161.13,159.20882
ID22,1992-06-30,1992-09-30,166.32,161.01552
ID22,1992-06-30,1992-12-31,166.32,161.5476
ID22,1992-06-30,1993-03-31,166.32,163.36966
ID22,1992-06-30,1993-06-30,166.32,162.084
ID22,1993-06-30,1993-09-30,166.32,169.07753
ID22,1993-06-30,1993-12-31,171.1,169.07043
ID22,1993-06-30,1994-03-31,171.1,170.40787
ID22,1993-06-30,1994-06-30,171.1,168.72034
ID22,1994-06-30,1994-09-30,172.1,170.79276
ID22,1994-06-30,1994-12-31,174.3,173.73491
ID22,1994-06-30,1995-03-31,174.3,174.41661
ID22,1994-06-30,1995-06-30,174.3,172.79694
ID22,1995-06-30,1995-09-30,174.3,174.15973
ID22,1995-06-30,1995-12-31,174.3,176.98473
ID22,1995-06-30,1996-03-31,174.3,177.46156
ID22,1995-06-30,1996-06-30,174.3,176.0178
ID22,1996-06-30,1996-09-30,174.3,173.66872
ID22,1996-06-30,1996-12-31,174.3,174.83073
ID22,1996-06-30,1997-03-31,174.3,175.7697
ID22,1996-06-30,1997-06-30,174.89,174.46613
ID22,1997-06-30,1997-09-30,176.49,174.42194
ID22,1997-06-30,1997-12-31,176.49,175.04843
ID22,1997-06-30,1998-03-31,182.87,176.0748
ID22,1997-06-30,1998-06-30,182.87,175.1162
ID22,1998-06-30,1998-09-30,182.87,184.22896
ID22,1998-06-30,1998-12-31,182.87,184.46849
ID22,1998-06-30,1999-03-31,201.82,188.20572
ID22,1998-06-30,1999-06-30,201.82,186.18863
ID22,1999-06-30,1999-09-30,195.04,204.06352
ID22,1999-06-30,1999-12-31,198.63,204.23058
ID22,1999-06-30,2000-03-31,198.63,216.26276
ID22,1999-06-30,2000-06-30,198.63,212.82202
ID22,2000-06-30,2000-09-30,198.63,193.62491
ID22,2000-06-30,2000-12-31,198.63,195.25107
ID22,2000-06-30,2001-03-31,198.63,201.70198
ID22,2000-06-30,2001-06-30,202.21,200.12515
ID22,2001-06-30,2001-09-30,209.0,201.15567
ID22,2001-06-30,2001-12-31,215.98,202.66418
ID22,2001-06-30,2002-03-31,221.96,203.3752
ID22,2001-06-30,2002-06-30,228.74,203.58218
ID22,2002-06-30,2002-09-30,263.44,233.06679
ID22,2002-06-30,2002-12-31,308.51,236.43323
ID22,2002-06-30,2003-03-31,349.99,239.30779
ID22,2002-06-30,2003-06-30,371.13,240.26244
ID23,1982-09-30,1982-12-31,1717.0,1524.4055
ID23,1982-09-30,1983-03-31,1435.0,1465.0157
ID23,1982-09-30,1983-06-30,1028.0,1271.0236
ID23,1982-09-30,1983-09-30,1114.0,1306.7102
ID23,1983-09-30,1983-12-31,1202.0,1368.0697
ID23,1983-09-30,1984-03-31,1376.0,1401.293
ID23,1983-09-30,1984-06-30,1121.0,1047.6621
ID23,1983-09-30,1984-09-30,1272.0,1128.3182
ID23,1984-09-30,1984-12-31,1388.0,1398.1401
ID23,1984-09-30,1985-03-31,1482.0,1408.5575
ID23,1984-09-30,1985-06-30,1154.0,1200.2305
ID23,1984-09-30,1985-09-30,1321.0,1318.4374
ID23,1985-09-30,1985-12-31,1736.0,1376.5702
ID23,1985-09-30,1986-03-31,1544.0,1500.4872
ID23,1985-09-30,1986-06-30,1190.0,1228.2842
ID23,1985-09-30,1986-09-30,1540.0,1354.2056
ID23,1986-09-30,1986-12-31,1657.0,1766.6794
ID23,1986-09-30,1987-03-31,1623.0,1709.671
ID23,1986-09-30,1987-06-30,1316.0,1384.3137
ID23,1986-09-30,1987-09-30,978.0,1600.3319
ID24,1982-09-30,1982-12-31,1529.0,1247.2107
ID24,1982-09-30,1983-03-31,1328.0,1192.9071
ID24,1982-09-30,1983-06-30,934.0,1038.7369
ID24,1982-09-30,1983-09-30,1018.0,1119.2643
ID24,1983-09-30,1983-12-31,1305.0,1280.3484
ID24,1983-09-30,1984-03-31,1229.0,1306.4625
ID24,1983-09-30,1984-06-30,1073.0,960.9115
ID24,1983-09-30,1984-09-30,1262.0,1034.2098
ID24,1984-09-30,1984-12-31,1413.0,1485.1324
ID24,1984-09-30,1985-03-31,1346.0,1378.7395
ID24,1984-09-30,1985-06-30,1085.0,1179.0083
ID24,1984-09-30,1985-09-30,1488.0,1326.359
ID24,1985-09-30,1985-12-31,1773.0,1555.6364
ID24,1985-09-30,1986-03-31,1392.0,1496.4594
ID24,1985-09-30,1986-06-30,1150.0,1302.5757
ID24,1985-09-30,1986-09-30,1589.0,1555.9169
ID24,1986-09-30,1986-12-31,1784.0,1757.2264
ID24,1986-09-30,1987-03-31,1503.0,1504.4479
ID24,1986-09-30,1987-06-30,1321.0,1286.1558
ID24,1986-09-30,1987-09-30,1181.0,1634.6869
ID25,1982-09-30,1982-12-31,1529.0,1166.7932
ID25,1982-09-30,1983-03-31,1328.0,1111.6212
ID25,1982-09-30,1983-06-30,934.0,982.6009
ID25,1982-09-30,1983-09-30,1018.0,1113.9966
ID25,1983-09-30,1983-12-31,1305.0,1280.3484
ID25,1983-09-30,1984-03-31,1229.0,1306.4625
ID25,1983-09-30,1984-06-30,1073.0,960.9115
ID25,1983-09-30,1984-09-30,1262.0,1034.2098
ID25,1984-09-30,1984-12-31,1413.0,1485.1324
ID25,1984-09-30,1985-03-31,1346.0,1378.7395
ID25,1984-09-30,1985-06-30,1085.0,1179.0083
ID25,1984-09-30,1985-09-30,1488.0,1326.359
ID25,1985-09-30,1985-12-31,1773.0,1555.6364
ID25,1985-09-30,1986-03-31,1392.0,1496.4594
ID25,1985-09-30,1986-06-30,1150.0,1302.5757
ID25,1985-09-30,1986-09-30,1589.0,1555.9169
ID25,1986-09-30,1986-12-31,1784.0,1757.2264
ID25,1986-09-30,1987-03-31,1503.0,1504.4479
ID25,1986-09-30,1987-06-30,1321.0,1286.1558
ID25,1986-09-30,1987-09-30,1181.0,1634.6869
ID26,1981-09-30,1981-12-31,271.35,266.83102
ID26,1981-09-30,1982-03-31,275.9,274.41708
ID26,1981-09-30,1982-06-30,268.95,270.75378
ID26,1981-09-30,1982-09-30,277.5,287.41742
ID26,1982-09-30,1982-12-31,279.1,272.14676
ID26,1982-09-30,1983-03-31,295.3,279.17136
ID26,1982-09-30,1983-06-30,286.4,273.1427
ID26,1982-09-30,1983-09-30,218.2,284.69467
ID26,1983-09-30,1983-12-31,213.5,227.08273
ID26,1983-09-30,1984-03-31,227.95,243.78949
ID26,1983-09-30,1984-06-30,205.95,245.64565
ID26,1983-09-30,1984-09-30,263.79,212.75664
ID28,1981-09-30,1981-12-31,57260.0,57846.555
ID28,1981-09-30,1982-03-31,59652.0,63881.61
ID28,1981-09-30,1982-06-30,98673.0,74261.82
ID28,1981-09-30,1982-09-30,52494.0,53377.1
ID28,1982-09-30,1982-12-31,64333.0,56013.28
ID28,1982-09-30,1983-03-31,66193.0,66562.94
ID28,1982-09-30,1983-06-30,85145.0,94864.55
ID28,1982-09-30,1983-09-30,74521.0,57010.145
ID28,1983-09-30,1983-12-31,119120.0,76909.44
ID28,1983-09-30,1984-03-31,62881.0,77338.086
ID28,1983-09-30,1984-06-30,84724.0,97167.85
ID28,1983-09-30,1984-09-30,89273.0,75127.63
ID29,1981-09-30,1981-12-31,1060.0,355.99484
ID29,1981-09-30,1982-03-31,768.0,796.46985
ID29,1981-09-30,1982-06-30,601.0,1018.11835
ID29,1981-09-30,1982-09-30,591.0,310.37747
ID29,1982-09-30,1982-12-31,450.0,912.6173
ID29,1982-09-30,1983-03-31,1396.0,882.7982
ID29,1982-09-30,1983-06-30,1014.0,822.66516
ID29,1982-09-30,1983-09-30,933.0,520.39307
ID29,1983-09-30,1983-12-31,719.0,976.63
ID29,1983-09-30,1984-03-31,853.0,1273.1243
ID29,1983-09-30,1984-06-30,885.0,1058.763
ID29,1983-09-30,1984-09-30,1173.0,1029.0836
ID3,1988-03-31,1988-06-30,20317.8,19492.775
ID3,1988-03-31,1988-09-30,19812.3,20187.932
ID3,1988-03-31,1988-12-31,16222.1,16800.396
ID3,1988-03-31,1989-03-31,19191.6,20321.791
ID3,1989-03-31,1989-06-30,20628.3,19447.7
ID3,1989-03-31,1989-09-30,20508.9,19961.883
ID3,1989-03-31,1989-12-31,16181.2,16750.285
ID3,1989-03-31,1990-03-31,20499.4,19621.668
ID3,1990-03-31,1990-06-30,21530.3,21313.318
ID3,1990-03-31,1990-09-30,22276.0,21389.633
ID3,1990-03-31,1990-12-31,17643.2,18054.814
ID3,1990-03-31,1991-03-31,22506.7,21091.09
ID3,1991-03-31,1991-06-30,22890.9,22916.174
ID3,1991-03-31,1991-09-30,24256.2,23569.076
ID3,1991-03-31,1991-12-31,18269.2,19763.887
ID3,1991-03-31,1992-03-31,22598.0,23409.367
ID3,1992-03-31,1992-06-30,23733.5,22648.307
ID3,1992-03-31,1992-09-30,24178.2,24058.906
ID3,1992-03-31,1992-12-31,19211.6,19548.066
ID3,1992-03-31,1993-03-31,25221.8,23188.887
ID3,1993-03-31,1993-06-30,27155.5,25556.309
ID3,1993-03-31,1993-09-30,26496.1,26641.172
ID3,1993-03-31,1993-12-31,20915.6,22017.984
ID3,1993-03-31,1994-03-31,27048.1,26236.422
ID3,1994-03-31,1994-06-30,27691.0,27669.875
ID3,1994-03-31,1994-09-30,27894.0,27778.129
ID3,1994-03-31,1994-12-31,21713.3,23194.11
ID3,1994-03-31,1995-03-31,27750.4,28000.04
ID3,1995-03-31,1995-06-30,29485.0,28154.988
ID3,1995-03-31,1995-09-30,28389.8,28423.37
ID3,1995-03-31,1995-12-31,23969.7,23597.773
ID3,1995-03-31,1996-03-31,32013.0,28568.225
ID3,1996-03-31,1996-06-30,35079.5,32609.582
ID3,1996-03-31,1996-09-30,34953.1,32173.66
ID3,1996-03-31,1996-12-31,26864.7,27698.324
ID3,1996-03-31,1997-03-31,36303.2,33534.727
ID3,1997-03-31,1997-06-30,36730.4,37087.812
ID3,1997-03-31,1997-09-30,38244.0,36702.992
ID3,1997-03-31,1997-12-31,28665.7,30861.45
ID3,1997-03-31,1998-03-31,35077.2,37684.984
ID3,1998-03-31,1998-06-30,37575.5,35383.367
ID3,1998-03-31,1998-09-30,37161.7,36941.457
ID3,1998-03-31,1998-12-31,29322.4,29739.691
ID3,1998-03-31,1999-03-31,38075.9,35941.055
ID3,1999-03-31,1999-06-30,41196.4,39292.71
ID3,1999-03-31,1999-09-30,40492.3,40282.7
ID3,1999-03-31,1999-12-31,32633.8,33158.363
ID3,1999-03-31,2000-03-31,42812.1,39421.242
ID3,2000-03-31,2000-06-30,44151.9,44145.09
ID3,2000-03-31,2000-09-30,44190.6,43824.906
ID3,2000-03-31,2000-12-31,33306.4,37020.742
ID3,2000-03-31,2001-03-31,45653.7,44650.742
ID3,2001-03-31,2001-06-30,48416.7,45843.17
ID3,2001-03-31,2001-09-30,48614.3,46094.25
ID3,2001-03-31,2001-12-31,39717.5,37998.227
ID3,2001-03-31,2002-03-31,45665.1,47253.473
ID30,1985-09-30,1985-12-31,120.0,114.46642
ID30,1985-09-30,1986-03-31,207.0,133.3414
ID30,1985-09-30,1986-06-30,188.0,133.10176
ID30,1985-09-30,1986-09-30,237.0,92.79017
ID30,1986-09-30,1986-12-31,162.0,247.4507
ID30,1986-09-30,1987-03-31,224.0,269.56973
ID30,1986-09-30,1987-06-30,176.0,249.86469
ID30,1986-09-30,1987-09-30,197.0,255.99594
ID30,1987-09-30,1987-12-31,180.0,161.84608
ID30,1987-09-30,1988-03-31,229.0,208.11642
ID30,1987-09-30,1988-06-30,208.0,179.96118
ID30,1987-09-30,1988-09-30,99.0,205.95941
ID30,1988-09-30,1988-12-31,196.0,128.35834
ID30,1988-09-30,1989-03-31,226.0,185.25627
ID30,1988-09-30,1989-06-30,155.0,169.64558
ID30,1988-09-30,1989-09-30,215.0,111.88441
ID30,1989-09-30,1989-12-31,185.0,255.9725
ID30,1989-09-30,1990-03-31,266.0,277.43274
ID30,1989-09-30,1990-06-30,311.0,219.90175
ID30,1989-09-30,1990-09-30,225.0,215.35768
ID30,1990-09-30,1990-12-31,278.0,215.25154
ID30,1990-09-30,1991-03-31,343.0,267.50858
ID30,1990-09-30,1991-06-30,269.0,275.7408
ID30,1990-09-30,1991-09-30,276.0,243.03365
ID30,1991-09-30,1991-12-31,198.0,293.1601
ID30,1991-09-30,1992-03-31,312.0,335.1214
ID30,1991-09-30,1992-06-30,278.0,306.91962
ID30,1991-09-30,1992-09-30,381.0,279.77475
ID30,1992-09-30,1992-12-31,367.0,324.97614
ID30,1992-09-30,1993-03-31,359.0,387.4354
ID30,1992-09-30,1993-06-30,393.0,349.27103
ID30,1992-09-30,1993-09-30,371.0,400.96567
ID31,1981-09-30,1981-12-31,496.92,442.54495
ID31,1981-09-30,1982-03-31,495.99,453.6698
ID31,1981-09-30,1982-06-30,456.85,411.78
ID31,1981-09-30,1982-09-30,504.33,480.76456
ID31,1982-09-30,1982-12-31,492.02,508.80353
ID31,1982-09-30,1983-03-31,469.83,512.10175
ID31,1982-09-30,1983-06-30,328.54,470.8488
ID31,1982-09-30,1983-09-30,301.13,524.9603
ID31,1983-09-30,1983-12-31,351.11,308.24527
ID31,1983-09-30,1984-03-31,413.74,339.4438
ID31,1983-09-30,1984-06-30,351.89,290.95184
ID31,1983-09-30,1984-09-30,452.03,299.88666
ID32,1981-09-30,1981-12-31,132365.0,109918.33
ID32,1981-09-30,1982-03-31,155102.0,109618.69
ID32,1981-09-30,1982-06-30,62847.0,134103.75
ID32,1981-09-30,1982-09-30,112943.0,136959.6
ID32,1982-09-30,1982-12-31,57202.0,110022.31
ID32,1982-09-30,1983-03-31,156416.0,118917.7
ID32,1982-09-30,1983-06-30,94855.0,85367.47
ID32,1982-09-30,1983-09-30,133040.0,112302.945
ID32,1983-09-30,1983-12-31,101827.0,119763.336
ID32,1983-09-30,1984-03-31,108454.0,167958.4
ID32,1983-09-30,1984-06-30,95242.0,118533.37
ID32,1983-09-30,1984-09-30,85832.0,145047.98
ID33,1983-03-31,1983-06-30,882.0,876.6903
ID33,1983-03-31,1983-09-30,892.0,894.16113
ID33,1983-03-31,1983-12-31,881.0,895.6538
ID33,1983-03-31,1984-03-31,889.0,889.12683
ID33,1984-03-31,1984-06-30,867.0,880.8374
ID33,1984-03-31,1984-09-30,847.0,895.1034
ID33,1984-03-31,1984-12-31,890.0,890.4054
ID33,1984-03-31,1985-03-31,979.0,891.04004
ID33,1985-03-31,1985-06-30,934.0,958.55444
ID33,1985-03-31,1985-09-30,927.0,953.4425
ID33,1985-03-31,1985-12-31,918.0,973.05176
ID33,1985-03-31,1986-03-31,889.0,1009.2224
ID34,1983-03-31,1983-06-30,1234.0,1417.6469
ID34,1983-03-31,1983-09-30,1078.0,1305.1277
ID34,1983-03-31,1983-12-31,1128.0,1298.9299
ID34,1983-03-31,1984-03-31,1067.0,1247.9701
ID34,1984-03-31,1984-06-30,1424.0,1097.4398
ID34,1984-03-31,1984-09-30,2216.0,1031.8264
ID34,1984-03-31,1984-12-31,2217.0,1119.5791
ID34,1984-03-31,1985-03-31,1095.0,1058.6694
ID34,1985-03-31,1985-06-30,634.0,1424.7292
ID34,1985-03-31,1985-09-30,734.0,1815.1974
ID34,1985-03-31,1985-12-31,359.0,1890.2136
ID34,1985-03-31,1986-03-31,523.0,1167.1636
ID35,1910-12-31,1911-03-31,5388.0,5404.934
ID35,1910-12-31,1911-06-30,6130.0,5671.221
ID35,1910-12-31,1911-09-30,6365.0,5610.765
ID35,1910-12-31,1911-12-31,6527.0,5696.3525
ID35,1911-12-31,1912-03-31,5757.0,6333.5215
ID35,1911-12-31,1912-06-30,7830.0,6766.5586
ID35,1911-12-31,1912-09-30,7092.0,6816.317
ID35,1911-12-31,1912-12-31,7376.0,6861.032
ID35,1912-12-31,1913-03-31,6518.0,6691.0728
ID35,1912-12-31,1913-06-30,7113.0,7911.1133
ID35,1912-12-31,1913-09-30,7265.0,7500.031
ID35,1912-12-31,1913-12-31,7312.0,7669.9165
ID35,1913-12-31,1914-03-31,6669.0,6619.3535
ID35,1913-12-31,1914-06-30,7350.0,7574.6074
ID35,1913-12-31,1914-09-30,7730.0,7422.699
ID35,1913-12-31,1914-12-31,8181.0,7452.074
ID35,1914-12-31,1915-03-31,7295.0,7657.097
ID35,1914-12-31,1915-06-30,8353.0,8171.267
ID35,1914-12-31,1915-09-30,8532.0,8376.9795
ID35,1914-12-31,1915-12-31,9124.0,8502.873
ID35,1915-12-31,1916-03-31,8438.0,8335.211
ID35,1915-12-31,1916-06-30,9047.0,9052.124
ID35,1915-12-31,1916-09-30,9831.0,9183.307
ID35,1915-12-31,1916-12-31,10462.0,9514.733
ID35,1916-12-31,1917-03-31,9632.0,9742.07
ID35,1916-12-31,1917-06-30,10446.0,10248.904
ID35,1916-12-31,1917-09-30,10930.0,10597.464
ID35,1916-12-31,1917-12-31,11131.0,10919.568
ID35,1917-12-31,1918-03-31,10012.0,10426.125
ID35,1917-12-31,1918-06-30,11241.0,11009.586
ID35,1917-12-31,1918-09-30,11655.0,11403.699
ID35,1917-12-31,1918-12-31,11841.0,11554.611
ID35,1918-12-31,1919-03-31,11392.0,11024.441
ID35,1918-12-31,1919-06-30,13012.0,11913.59
ID35,1918-12-31,1919-09-30,13424.0,12218.139
ID35,1918-12-31,1919-12-31,14258.0,12233.246
ID35,1919-12-31,1920-03-31,13692.0,13600.328
ID35,1919-12-31,1920-06-30,18577.0,14609.897
ID35,1919-12-31,1920-09-30,18753.0,14763.921
ID35,1919-12-31,1920-12-31,18041.0,14963.1
ID35,1920-12-31,1921-03-31,17580.0,17196.871
ID35,1920-12-31,1921-06-30,19558.0,19655.305
ID35,1920-12-31,1921-09-30,19693.0,19611.986
ID35,1920-12-31,1921-12-31,19846.0,19015.332
ID35,1921-12-31,1922-03-31,18919.0,18714.945
ID35,1921-12-31,1922-06-30,20851.0,20886.836
ID35,1921-12-31,1922-09-30,21589.0,20869.562
ID35,1921-12-31,1922-12-31,21843.0,20275.398
ID36,1909-12-31,1910-03-31,187.0,190.4724
ID36,1909-12-31,1910-06-30,212.0,227.6553
ID36,1909-12-31,1910-09-30,175.0,196.35425
ID36,1909-12-31,1910-12-31,231.0,178.0566
ID36,1910-12-31,1911-03-31,219.0,235.3743
ID36,1910-12-31,1911-06-30,179.0,248.31279
ID36,1910-12-31,1911-09-30,159.0,226.4341
ID36,1910-12-31,1911-12-31,204.0,239.80852
ID36,1911-12-31,1912-03-31,160.0,192.33463
ID36,1911-12-31,1912-06-30,172.0,182.14621
ID36,1911-12-31,1912-09-30,220.0,163.65312
ID36,1911-12-31,1912-12-31,167.0,204.05093
ID36,1912-12-31,1913-03-31,160.0,145.72868
ID36,1912-12-31,1913-06-30,210.0,154.56622
ID36,1912-12-31,1913-09-30,161.0,179.50523
ID36,1912-12-31,1913-12-31,175.0,170.41595
ID36,1913-12-31,1914-03-31,214.0,170.14096
ID36,1913-12-31,1914-06-30,176.0,191.05197
ID36,1913-12-31,1914-09-30,196.0,183.21082
ID36,1913-12-31,1914-12-31,227.0,176.48143
ID36,1914-12-31,1915-03-31,147.0,237.08264
ID36,1914-12-31,1915-06-30,199.0,226.85143
ID36,1914-12-31,1915-09-30,267.0,216.5677
ID36,1914-12-31,1915-12-31,194.0,233.45209
ID36,1915-12-31,1916-03-31,200.0,151.53847
ID36,1915-12-31,1916-06-30,179.0,181.61768
ID36,1915-12-31,1916-09-30,170.0,228.99422
ID36,1915-12-31,1916-12-31,208.0,202.17035
ID36,1916-12-31,1917-03-31,183.0,196.80794
ID36,1916-12-31,1917-06-30,313.0,187.13576
ID36,1916-12-31,1917-09-30,246.0,205.2367
ID36,1916-12-31,1917-12-31,190.0,204.15393
ID36,1917-12-31,1918-03-31,300.0,191.3226
ID36,1917-12-31,1918-06-30,242.0,249.68845
ID36,1917-12-31,1918-09-30,268.0,218.46759
ID36,1917-12-31,1918-12-31,265.0,196.1372
ID36,1918-12-31,1919-03-31,242.0,309.94595
ID36,1918-12-31,1919-06-30,230.0,300.27502
ID36,1918-12-31,1919-09-30,206.0,283.7235
ID36,1918-12-31,1919-12-31,329.0,261.44324
ID36,1919-12-31,1920-03-31,160.0,309.68948
ID36,1919-12-31,1920-06-30,238.0,277.38144
ID36,1919-12-31,1920-09-30,243.0,287.8959
ID36,1919-12-31,1920-12-31,189.0,345.21237
ID36,1920-12-31,1921-03-31,235.0,141.07942
ID36,1920-12-31,1921-06-30,289.0,185.73015
ID36,1920-12-31,1921-09-30,246.0,197.61472
ID36,1920-12-31,1921-12-31,235.0,204.98448
ID37,1983-03-31,1983-06-30,14190.0,11931.564
ID37,1983-03-31,1983-09-30,8213.0,11902.867
ID37,1983-03-31,1983-12-31,11881.0,19533.371
ID37,1983-03-31,1984-03-31,7550.0,13644.871
ID37,1984-03-31,1984-06-30,7821.0,9837.433
ID37,1984-03-31,1984-09-30,7000.0,9135.907
ID37,1984-03-31,1984-12-31,9408.0,12386.402
ID37,1984-03-31,1985-03-31,7629.0,9316.543
ID37,1985-03-31,1985-06-30,20670.0,8590.677
ID37,1985-03-31,1985-09-30,27839.0,7712.898
ID37,1985-03-31,1985-12-31,29489.0,9384.925
ID37,1985-03-31,1986-03-31,12785.0,8224.078
ID38,1983-03-31,1983-06-30,12203.0,10618.924
ID38,1983-03-31,1983-09-30,10882.0,10757.902
ID38,1983-03-31,1983-12-31,11246.0,12306.83
ID38,1983-03-31,1984-03-31,9756.0,11394.048
ID38,1984-03-31,1984-06-30,9617.0,10578.758
ID38,1984-03-31,1984-09-30,7076.0,9957.088
ID38,1984-03-31,1984-12-31,12625.0,11412.021
ID38,1984-03-31,1985-03-31,14519.0,9880.322
ID38,1985-03-31,1985-06-30,7190.0,13733.893
ID38,1985-03-31,1985-09-30,7912.0,12384.928
ID38,1985-03-31,1985-12-31,9118.0,14659.186
ID38,1985-03-31,1986-03-31,7766.0,15278.792
ID39,1983-03-31,1983-06-30,110157.0,95621.18
ID39,1983-03-31,1983-09-30,108929.0,100341.05
ID39,1983-03-31,1983-12-31,127569.0,106171.81
ID39,1983-03-31,1984-03-31,85123.0,104580.64
ID39,1984-03-31,1984-06-30,79777.0,93741.97
ID39,1984-03-31,1984-09-30,73372.0,93312.74
ID39,1984-03-31,1984-12-31,84774.0,107081.21
ID39,1984-03-31,1985-03-31,123756.0,84579.86
ID39,1985-03-31,1985-06-30,193766.0,112734.06
ID39,1985-03-31,1985-09-30,208411.0,108375.39
ID39,1985-03-31,1985-12-31,196094.0,119912.68
ID39,1985-03-31,1986-03-31,169968.0,124675.44
ID4,1983-03-31,1983-06-30,652228.0,667018.56
ID4,1983-03-31,1983-09-30,664460.0,675812.44
ID4,1983-03-31,1983-12-31,716446.0,699610.1
ID4,1983-03-31,1984-03-31,692346.0,699896.4
ID4,1984-03-31,1984-06-30,690205.0,682776.25
ID4,1984-03-31,1984-09-30,727698.0,691763.8
ID4,1984-03-31,1984-12-31,624318.0,730706.4
ID4,1984-03-31,1985-03-31,499190.0,708226.3
ID4,1985-03-31,1985-06-30,538455.0,513056.25
ID4,1985-03-31,1985-09-30,582417.0,554698.3
ID4,1985-03-31,1985-12-31,634526.0,547160.3
ID4,1985-03-31,1986-03-31,711326.0,489769.66
ID40,1983-03-31,1983-06-30,23728.0,18489.781
ID40,1983-03-31,1983-09-30,25261.0,18710.355
ID40,1983-03-31,1983-12-31,19467.0,18461.814
ID40,1983-03-31,1984-03-31,17795.0,21487.93
ID40,1984-03-31,1984-06-30,15252.0,20217.86
ID40,1984-03-31,1984-09-30,14203.0,21395.66
ID40,1984-03-31,1984-12-31,14023.0,18231.93
ID40,1984-03-31,1985-03-31,16119.0,18589.031
ID40,1985-03-31,1985-06-30,10193.0,14602.482
ID40,1985-03-31,1985-09-30,11243.0,15834.495
ID40,1985-03-31,1985-12-31,7412.0,15270.267
ID40,1985-03-31,1986-03-31,14995.0,16422.52
ID41,1906-12-31,1907-03-31,11476.0,22762.918
ID41,1906-12-31,1907-06-30,8481.0,17304.932
ID41,1906-12-31,1907-09-30,11525.0,21057.559
ID41,1906-12-31,1907-12-31,6662.0,19447.004
ID41,1907-12-31,1908-03-31,10201.0,6991.1323
ID41,1907-12-31,1908-06-30,14141.0,8099.9136
ID41,1907-12-31,1908-09-30,9377.0,10655.246
ID41,1907-12-31,1908-12-31,6049.0,9147.098
ID41,1908-12-31,1909-03-31,38224.0,9152.811
ID41,1908-12-31,1909-06-30,53675.0,10653.883
ID41,1908-12-31,1909-09-30,16078.0,8970.968
ID41,1908-12-31,1909-12-31,10299.0,5989.023
ID41,1909-12-31,1910-03-31,11127.0,28659.873
ID41,1909-12-31,1910-06-30,9666.0,43493.867
ID41,1909-12-31,1910-09-30,9189.0,18164.668
ID41,1909-12-31,1910-12-31,17798.0,11217.122
ID41,1910-12-31,1911-03-31,8000.0,17905.842
ID41,1910-12-31,1911-06-30,2067.0,24539.54
ID41,1910-12-31,1911-09-30,30917.0,18447.725
ID41,1910-12-31,1911-12-31,27472.0,18823.965
ID41,1911-12-31,1912-03-31,17313.0,17267.836
ID41,1911-12-31,1912-06-30,14418.0,15730.047
ID41,1911-12-31,1912-09-30,13506.0,26021.918
ID41,1911-12-31,1912-12-31,10687.0,28276.74
ID42,1982-09-30,1982-12-31,1722.0,1692.5339
ID42,1982-09-30,1983-03-31,1583.0,1712.488
ID42,1982-09-30,1983-06-30,1467.0,1531.2834
ID42,1982-09-30,1983-09-30,1779.0,1725.6772
ID42,1983-09-30,1983-12-31,1857.0,1766.8069
ID42,1983-09-30,1984-03-31,1395.0,1715.4879
ID42,1983-09-30,1984-06-30,1577.0,1589.506
ID42,1983-09-30,1984-09-30,1969.0,1823.547
ID42,1984-09-30,1984-12-31,1943.0,2027.4247
ID42,1984-09-30,1985-03-31,1950.0,1696.9124
ID42,1984-09-30,1985-06-30,1615.0,1768.2571
ID42,1984-09-30,1985-09-30,1996.0,2055.7922
ID42,1985-09-30,1985-12-31,2097.0,1963.209
ID42,1985-09-30,1986-03-31,2073.0,1815.4364
ID42,1985-09-30,1986-06-30,1747.0,1734.9205
ID42,1985-09-30,1986-09-30,2003.0,2029.8704
ID42,1986-09-30,1986-12-31,2063.0,2046.303
ID42,1986-09-30,1987-03-31,1855.0,2067.7842
ID42,1986-09-30,1987-06-30,1664.0,1799.615
ID42,1986-09-30,1987-09-30,2038.0,2043.5753
ID42,1987-09-30,1987-12-31,2066.0,2062.5742
ID42,1987-09-30,1988-03-31,2071.0,1978.8606
ID42,1987-09-30,1988-06-30,1763.0,1801.0643
ID42,1987-09-30,1988-09-30,2164.0,2070.578
ID42,1988-09-30,1988-12-31,2219.0,2169.419
ID42,1988-09-30,1989-03-31,2154.0,2121.814
ID42,1988-09-30,1989-06-30,1787.0,1917.9589
ID42,1988-09-30,1989-09-30,2259.0,2231.975
ID43,1982-09-30,1982-12-31,77.0,74.41251
ID43,1982-09-30,1983-03-31,78.0,77.43819
ID43,1982-09-30,1983-06-30,69.0,69.83531
ID43,1982-09-30,1983-09-30,81.0,80.366486
ID43,1983-09-30,1983-12-31,86.0,80.639885
ID43,1983-09-30,1984-03-31,73.0,83.50826
ID43,1983-09-30,1984-06-30,76.0,75.8038
ID43,1983-09-30,1984-09-30,92.0,86.02408
ID43,1984-09-30,1984-12-31,94.0,93.86853
ID43,1984-09-30,1985-03-31,95.0,88.09936
ID43,1984-09-30,1985-06-30,83.0,87.01342
ID43,1984-09-30,1985-09-30,98.0,98.05329
ID43,1985-09-30,1985-12-31,103.0,97.19866
ID43,1985-09-30,1986-03-31,98.0,94.78529
ID43,1985-09-30,1986-06-30,90.0,90.082756
ID43,1985-09-30,1986-09-30,109.0,101.87616
ID43,1986-09-30,1986-12-31,110.0,109.949684
ID43,1986-09-30,1987-03-31,107.0,109.42681
ID43,1986-09-30,1987-06-30,96.0,101.619675
ID43,1986-09-30,1987-09-30,116.0,115.38141
ID43,1987-09-30,1987-12-31,119.0,114.23494
ID43,1987-09-30,1988-03-31,114.0,112.6938
ID43,1987-09-30,1988-06-30,106.0,105.21354
ID43,1987-09-30,1988-09-30,128.0,120.763054
ID43,1988-09-30,1988-12-31,132.0,127.24549
ID43,1988-09-30,1989-03-31,131.0,125.090034
ID43,1988-09-30,1989-06-30,120.0,117.73152
ID43,1988-09-30,1989-09-30,137.0,134.25179
ID44,1975-09-30,1975-12-31,57.0,56.44613
ID44,1975-09-30,1976-03-31,68.0,61.20722
ID44,1975-09-30,1976-06-30,66.0,62.656853
ID44,1975-09-30,1976-09-30,82.0,72.64837
ID44,1976-09-30,1976-12-31,65.0,68.510155
ID44,1976-09-30,1977-03-31,82.0,74.87375
ID44,1976-09-30,1977-06-30,80.0,74.00943
ID44,1976-09-30,1977-09-30,99.0,85.65943
ID44,1977-09-30,1977-12-31,78.0,82.23952
ID44,1977-09-30,1978-03-31,82.0,92.304184
ID44,1977-09-30,1978-06-30,71.0,90.01363
ID44,1977-09-30,1978-09-30,75.0,104.00195
ID44,1978-09-30,1978-12-31,65.0,64.604416
ID44,1978-09-30,1979-03-31,76.0,72.2375
ID44,1978-09-30,1979-06-30,66.0,67.609856
ID44,1978-09-30,1979-09-30,77.0,77.00932
ID45,1975-09-30,1975-12-31,0.92,14.919067
ID45,1975-09-30,1976-03-31,1.02,18.04728
ID45,1975-09-30,1976-06-30,1.2,20.913671
ID45,1975-09-30,1976-09-30,1.29,20.09078
ID45,1976-09-30,1976-12-31,1.44,11.295958
ID45,1976-09-30,1977-03-31,1.56,14.122958
ID45,1976-09-30,1977-06-30,1.62,16.782808
ID45,1976-09-30,1977-09-30,1.78,18.115555
ID45,1977-09-30,1977-12-31,1.72,6.8327627
ID45,1977-09-30,1978-03-31,1.69,9.79188
ID45,1977-09-30,1978-06-30,1.69,11.814513
ID45,1977-09-30,1978-09-30,1.7,14.355377
ID45,1978-09-30,1978-12-31,1.76,5.435308
ID45,1978-09-30,1979-03-31,1.78,8.177
ID45,1978-09-30,1979-06-30,1.79,10.173271
ID45,1978-09-30,1979-09-30,1.78,12.824327
ID46,1982-09-30,1982-12-31,83.0,81.90104
ID46,1982-09-30,1983-03-31,97.0,95.09898
ID46,1982-09-30,1983-06-30,86.0,89.63086
ID46,1982-09-30,1983-09-30,89.0,90.84716
ID46,1983-09-30,1983-12-31,75.0,85.28474
ID46,1983-09-30,1984-03-31,85.0,97.483025
ID46,1983-09-30,1984-06-30,85.0,89.730034
ID46,1983-09-30,1984-09-30,89.0,92.59145
ID46,1984-09-30,1984-12-31,75.0,81.58953
ID46,1984-09-30,1985-03-31,96.0,92.51218
ID46,1984-09-30,1985-06-30,89.0,89.77481
ID46,1984-09-30,1985-09-30,87.0,92.40706
ID46,1985-09-30,1985-12-31,88.0,77.88688
ID46,1985-09-30,1986-03-31,107.0,93.677826
ID46,1985-09-30,1986-06-30,99.0,90.31387
ID46,1985-09-30,1986-09-30,111.0,90.70435
ID46,1986-09-30,1986-12-31,87.0,106.76715
ID46,1986-09-30,1987-03-31,113.0,120.883934
ID46,1986-09-30,1987-06-30,95.0,112.34684
ID46,1986-09-30,1987-09-30,107.0,116.8669
ID46,1987-09-30,1987-12-31,93.0,90.73434
ID46,1987-09-30,1988-03-31,109.0,111.0998
ID46,1987-09-30,1988-06-30,88.0,99.85697
ID46,1987-09-30,1988-09-30,105.0,111.130005
ID46,1988-09-30,1988-12-31,92.0,94.562645
ID46,1988-09-30,1989-03-31,101.0,111.797585
ID46,1988-09-30,1989-06-30,85.0,95.404274
ID46,1988-09-30,1989-09-30,94.0,108.94802
ID47,1969-09-30,1969-12-31,103.0,101.33375
ID47,1969-09-30,1970-03-31,105.0,108.84601
ID47,1969-09-30,1970-06-30,83.0,92.21544
ID47,1969-09-30,1970-09-30,109.0,111.1865
ID47,1970-09-30,1970-12-31,106.0,103.0242
ID47,1970-09-30,1971-03-31,110.0,110.58455
ID47,1970-09-30,1971-06-30,85.0,91.75545
ID47,1970-09-30,1971-09-30,110.0,113.67452
ID47,1971-09-30,1971-12-31,110.0,107.31427
ID47,1971-09-30,1972-03-31,110.0,112.787766
ID47,1971-09-30,1972-06-30,88.0,93.632835
ID47,1971-09-30,1972-09-30,113.0,114.44902
ID48,1969-09-30,1969-12-31,90.0,100.61587
ID48,1969-09-30,1970-03-31,105.0,112.01023
ID48,1969-09-30,1970-06-30,99.0,105.68926
ID48,1969-09-30,1970-09-30,105.0,109.93517
ID48,1970-09-30,1970-12-31,100.0,94.889435
ID48,1970-09-30,1971-03-31,111.0,108.50443
ID48,1970-09-30,1971-06-30,105.0,102.81478
ID48,1970-09-30,1971-09-30,108.0,108.84929
ID48,1971-09-30,1971-12-31,102.0,103.43915
ID48,1971-09-30,1972-03-31,118.0,114.61112
ID48,1971-09-30,1972-06-30,111.0,109.01829
ID48,1971-09-30,1972-09-30,117.0,112.25393
ID49,1969-09-30,1969-12-31,20.1,20.962723
ID49,1969-09-30,1970-03-31,20.9,23.292307
ID49,1969-09-30,1970-06-30,16.1,20.924835
ID49,1969-09-30,1970-09-30,20.7,26.637604
ID49,1970-09-30,1970-12-31,20.7,21.498537
ID49,1970-09-30,1971-03-31,18.6,24.096338
ID49,1970-09-30,1971-06-30,13.8,21.055828
ID49,1970-09-30,1971-09-30,19.3,26.561386
ID49,1971-09-30,1971-12-31,20.0,20.288792
ID49,1971-09-30,1972-03-31,19.7,21.059732
ID49,1971-09-30,1972-06-30,14.7,18.473967
ID49,1971-09-30,1972-09-30,22.1,23.6006
ID5,1983-03-31,1983-06-30,623.09,635.6874
ID5,1983-03-31,1983-09-30,565.1,621.8818
ID5,1983-03-31,1983-12-31,604.28,606.6728
ID5,1983-03-31,1984-03-31,746.15,655.15186
ID5,1984-03-31,1984-06-30,743.76,725.069
ID5,1984-03-31,1984-09-30,668.46,691.322
ID5,1984-03-31,1984-12-31,489.72,702.1895
ID5,1984-03-31,1985-03-31,406.55,785.0345
ID5,1985-03-31,1985-06-30,385.89,423.46216
ID5,1985-03-31,1985-09-30,408.27,422.54056
ID5,1985-03-31,1985-12-31,426.35,394.1397
ID5,1985-03-31,1986-03-31,522.35,415.1334
ID50,1967-09-30,1967-12-31,157.0,139.86844
ID50,1967-09-30,1968-03-31,166.0,145.7207
ID50,1967-09-30,1968-06-30,164.0,147.42525
ID50,1967-09-30,1968-09-30,154.0,137.59564
ID50,1968-09-30,1968-12-31,155.0,166.46358
ID50,1968-09-30,1969-03-31,155.0,173.15878
ID50,1968-09-30,1969-06-30,164.0,175.00183
ID50,1968-09-30,1969-09-30,160.0,159.71263
ID50,1969-09-30,1969-12-31,164.0,161.61139
ID50,1969-09-30,1970-03-31,167.0,164.72859
ID50,1969-09-30,1970-06-30,156.0,169.4289
ID50,1969-09-30,1970-09-30,129.0,162.8246
ID50,1970-09-30,1970-12-31,159.0,134.13205
ID50,1970-09-30,1971-03-31,172.0,137.14087
ID50,1970-09-30,1971-06-30,180.0,139.481
ID50,1970-09-30,1971-09-30,180.0,125.97457
ID50,1971-09-30,1971-12-31,183.0,196.45908
ID50,1971-09-30,1972-03-31,185.0,201.59624
ID50,1971-09-30,1972-06-30,190.0,201.3405
ID50,1971-09-30,1972-09-30,197.0,189.59888
ID51,1973-09-30,1973-12-31,15.0,17.609978
ID51,1973-09-30,1974-03-31,18.0,21.190405
ID51,1973-09-30,1974-06-30,15.0,21.782078
ID51,1973-09-30,1974-09-30,17.0,24.65921
ID51,1974-09-30,1974-12-31,14.0,17.012114
ID51,1974-09-30,1975-03-31,18.0,21.860388
ID51,1974-09-30,1975-06-30,20.0,21.245022
ID51,1974-09-30,1975-09-30,25.0,24.168692
ID51,1975-09-30,1975-12-31,20.0,22.868618
ID51,1975-09-30,1976-03-31,22.0,26.479912
ID51,1975-09-30,1976-06-30,26.0,27.234398
ID51,1975-09-30,1976-09-30,30.0,30.723696
ID51,1976-09-30,1976-12-31,27.0,25.03549
ID51,1976-09-30,1977-03-31,32.0,27.208317
ID51,1976-09-30,1977-06-30,28.0,30.195261
ID51,1976-09-30,1977-09-30,26.0,34.093437
ID52,1973-09-30,1973-12-31,14.0,19.544823
ID52,1973-09-30,1974-03-31,18.0,23.710382
ID52,1973-09-30,1974-06-30,19.0,24.594326
ID52,1973-09-30,1974-09-30,21.0,27.348886
ID52,1974-09-30,1974-12-31,18.0,17.837276
ID52,1974-09-30,1975-03-31,22.0,22.973886
ID52,1974-09-30,1975-06-30,24.0,24.765944
ID52,1974-09-30,1975-09-30,30.0,27.518604
ID52,1975-09-30,1975-12-31,22.0,26.281662
ID52,1975-09-30,1976-03-31,26.0,29.042011
ID52,1975-09-30,1976-06-30,30.0,30.332544
ID52,1975-09-30,1976-09-30,33.0,34.192524
ID52,1976-09-30,1976-12-31,30.0,26.344675
ID52,1976-09-30,1977-03-31,37.0,30.067593
ID52,1976-09-30,1977-06-30,39.0,33.32828
ID52,1976-09-30,1977-09-30,45.0,37.271133
ID53,1973-09-30,1973-12-31,36.0,36.444546
ID53,1973-09-30,1974-03-31,40.0,42.07367
ID53,1973-09-30,1974-06-30,39.0,40.467297
ID53,1973-09-30,1974-09-30,47.0,46.099514
ID53,1974-09-30,1974-12-31,37.0,42.29643
ID53,1974-09-30,1975-03-31,47.0,47.069736
ID53,1974-09-30,1975-06-30,50.0,46.17582
ID53,1974-09-30,1975-09-30,63.0,52.841694
ID53,1975-09-30,1975-12-31,55.0,52.98038
ID53,1975-09-30,1976-03-31,64.0,57.813408
ID53,1975-09-30,1976-06-30,63.0,59.249317
ID53,1975-09-30,1976-09-30,77.0,67.88893
ID53,1976-09-30,1976-12-31,61.0,65.92824
ID53,1976-09-30,1977-03-31,75.0,71.50061
ID53,1976-09-30,1977-06-30,74.0,70.85029
ID53,1976-09-30,1977-09-30,88.0,80.45073
ID54,1973-09-30,1973-12-31,59.0,65.98448
ID54,1973-09-30,1974-03-31,70.0,75.09569
ID54,1973-09-30,1974-06-30,76.0,78.67498
ID54,1973-09-30,1974-09-30,87.0,84.013756
ID54,1974-09-30,1974-12-31,70.0,70.17866
ID54,1974-09-30,1975-03-31,84.0,78.33914
ID54,1974-09-30,1975-06-30,84.0,84.231384
ID54,1974-09-30,1975-09-30,99.0,91.94689
ID54,1975-09-30,1975-12-31,79.0,82.39271
ID54,1975-09-30,1976-03-31,92.0,91.60326
ID54,1975-09-30,1976-06-30,97.0,92.75772
ID54,1975-09-30,1976-09-30,114.0,103.69743
ID54,1976-09-30,1976-12-31,94.0,95.37054
ID54,1976-09-30,1977-03-31,108.0,104.439
ID54,1976-09-30,1977-06-30,112.0,106.72911
ID54,1976-09-30,1977-09-30,128.0,119.52652
ID55,1978-09-30,1978-12-31,518.0,534.25977
ID55,1978-09-30,1979-03-31,544.0,535.11304
ID55,1978-09-30,1979-06-30,569.0,521.1706
ID55,1978-09-30,1979-09-30,538.0,506.58273
ID55,1979-09-30,1979-12-31,583.0,553.3733
ID55,1979-09-30,1980-03-31,646.0,581.49493
ID55,1979-09-30,1980-06-30,613.0,594.57416
ID55,1979-09-30,1980-09-30,634.0,556.2511
ID55,1980-09-30,1980-12-31,671.0,651.4263
ID55,1980-09-30,1981-03-31,702.0,685.67004
ID55,1980-09-30,1981-06-30,683.0,672.81805
ID55,1980-09-30,1981-09-30,706.0,662.8106
ID55,1981-09-30,1981-12-31,729.0,717.6511
ID55,1981-09-30,1982-03-31,768.0,750.704
ID55,1981-09-30,1982-06-30,769.0,724.05493
ID55,1981-09-30,1982-09-30,767.0,734.49695
ID55,1982-09-30,1982-12-31,780.0,777.7044
ID55,1982-09-30,1983-03-31,799.0,807.3439
ID55,1982-09-30,1983-06-30,743.0,798.9093
ID55,1982-09-30,1983-09-30,703.0,795.24115
ID55,1983-09-30,1983-12-31,710.0,709.99225
ID55,1983-09-30,1984-03-31,775.0,729.4615
ID55,1983-09-30,1984-06-30,717.0,711.69666
ID55,1983-09-30,1984-09-30,729.0,693.03015
ID55,1984-09-30,1984-12-31,832.0,739.97577
ID55,1984-09-30,1985-03-31,873.0,781.2098
ID55,1984-09-30,1985-06-30,806.0,741.0704
ID55,1984-09-30,1985-09-30,892.0,731.2334
ID55,1985-09-30,1985-12-31,891.0,931.54395
ID55,1985-09-30,1986-03-31,921.0,966.7126
ID55,1985-09-30,1986-06-30,536.0,901.5056
ID55,1985-09-30,1986-09-30,769.0,936.80536
ID56,1984-12-31,1985-03-31,88.1,86.31102
ID56,1984-12-31,1985-06-30,91.5,91.63573
ID56,1984-12-31,1985-09-30,93.4,92.69017
ID56,1984-12-31,1985-12-31,105.9,104.611404
ID56,1985-12-31,1986-03-31,93.5,95.90115
ID56,1985-12-31,1986-06-30,98.8,100.54285
ID56,1985-12-31,1986-09-30,98.1,100.97399
ID56,1985-12-31,1986-12-31,109.4,111.29308
ID56,1986-12-31,1987-03-31,96.2,100.09593
ID56,1986-12-31,1987-06-30,96.4,105.26755
ID56,1986-12-31,1987-09-30,95.9,105.470634
ID56,1986-12-31,1987-12-31,109.6,115.02884
ID56,1987-12-31,1988-03-31,98.1,99.69285
ID56,1987-12-31,1988-06-30,100.9,102.83632
ID56,1987-12-31,1988-09-30,101.6,102.82346
ID56,1987-12-31,1988-12-31,116.1,113.00681
ID56,1988-12-31,1989-03-31,105.6,107.8378
ID56,1988-12-31,1989-06-30,104.6,110.4857
ID56,1988-12-31,1989-09-30,104.7,110.90746
ID56,1988-12-31,1989-12-31,115.4,122.061295
ID56,1989-12-31,1990-03-31,104.5,107.79035
ID56,1989-12-31,1990-06-30,105.2,109.495445
ID56,1989-12-31,1990-09-30,101.6,109.94377
ID56,1989-12-31,1990-12-31,107.7,119.57719
ID56,1990-12-31,1991-03-31,94.3,100.90501
ID56,1990-12-31,1991-06-30,95.5,102.60312
ID56,1990-12-31,1991-09-30,94.5,101.71124
ID56,1990-12-31,1991-12-31,104.3,108.44258
ID57,1983-03-31,1983-06-30,4189.12,4121.0366
ID57,1983-03-31,1983-09-30,3924.17,4027.802
ID57,1983-03-31,1983-12-31,4300.45,4128.5947
ID57,1983-03-31,1984-03-31,4323.72,4063.6438
ID57,1984-03-31,1984-06-30,4502.72,4491.4277
ID57,1984-03-31,1984-09-30,4345.38,4317.3066
ID57,1984-03-31,1984-12-31,4759.63,4544.3545
ID57,1984-03-31,1985-03-31,4253.14,4511.5747
ID57,1985-03-31,1985-06-30,3402.43,4450.038
ID57,1985-03-31,1985-09-30,3046.03,4280.912
ID57,1985-03-31,1985-12-31,3263.65,4646.16
ID57,1985-03-31,1986-03-31,3531.72,4326.915
ID58,1981-12-31,1982-03-31,766.57,754.59534
ID58,1981-12-31,1982-06-30,757.05,775.40106
ID58,1981-12-31,1982-09-30,640.4,671.61115
ID58,1981-12-31,1982-12-31,818.95,798.2871
ID58,1982-12-31,1983-03-31,826.09,798.9688
ID58,1982-12-31,1983-06-30,809.42,806.9002
ID58,1982-12-31,1983-09-30,678.49,707.24786
ID58,1982-12-31,1983-12-31,876.08,846.5456
ID58,1983-12-31,1984-03-31,909.41,860.6694
ID58,1983-12-31,1984-06-30,876.08,857.8536
ID58,1983-12-31,1984-09-30,733.24,754.614
ID58,1983-12-31,1984-12-31,928.46,906.0631
ID58,1984-12-31,1985-03-31,933.22,931.7784
ID58,1984-12-31,1985-06-30,918.93,916.5741
ID58,1984-12-31,1985-09-30,771.33,801.6192
ID58,1984-12-31,1985-12-31,895.13,958.32434
ID59,1982-06-30,1982-09-30,139013.0,139298.7
ID59,1982-06-30,1982-12-31,139253.0,141789.31
ID59,1982-06-30,1983-03-31,127343.0,145871.81
ID59,1982-06-30,1983-06-30,128280.0,144152.34
ID59,1983-06-30,1983-09-30,132334.0,125599.31
ID59,1983-06-30,1983-12-31,129097.0,127365.41
ID59,1983-06-30,1984-03-31,134017.0,124905.625
ID59,1983-06-30,1984-06-30,135847.0,126083.625
ID59,1984-06-30,1984-09-30,136255.0,139027.03
ID59,1984-06-30,1984-12-31,137240.0,138497.92
ID59,1984-06-30,1985-03-31,138232.0,137722.86
ID59,1984-06-30,1985-06-30,146270.0,137699.27
ID59,1985-06-30,1985-09-30,148904.0,145872.62
ID59,1985-06-30,1985-12-31,147056.0,145311.22
ID59,1985-06-30,1986-03-31,150830.0,147624.19
ID59,1985-06-30,1986-06-30,155579.0,150320.9
ID59,1986-06-30,1986-09-30,146115.0,156553.14
ID59,1986-06-30,1986-12-31,134412.0,155838.72
ID59,1986-06-30,1987-03-31,119038.0,157828.2
ID59,1986-06-30,1987-06-30,138651.0,160769.84
ID60,1983-09-30,1983-12-31,113.0,122.16146
ID60,1983-09-30,1984-03-31,106.0,123.790665
ID60,1983-09-30,1984-06-30,101.0,126.99566
ID60,1983-09-30,1984-09-30,98.0,124.76727
ID60,1984-09-30,1984-12-31,100.0,94.99156
ID60,1984-09-30,1985-03-31,106.0,95.72464
ID60,1984-09-30,1985-06-30,113.0,98.51683
ID60,1984-09-30,1985-09-30,119.0,97.04625
ID60,1985-09-30,1985-12-31,124.0,121.671036
ID60,1985-09-30,1986-03-31,125.0,122.97029
ID60,1985-09-30,1986-06-30,127.0,125.21492
ID60,1985-09-30,1986-09-30,133.0,125.84068
ID60,1986-09-30,1986-12-31,138.0,133.71968
ID60,1986-09-30,1987-03-31,144.0,135.70035
ID60,1986-09-30,1987-06-30,142.0,137.7504
ID60,1986-09-30,1987-09-30,141.0,140.53972
ID60,1987-09-30,1987-12-31,136.0,143.54572
ID60,1987-09-30,1988-03-31,134.0,147.03156
ID60,1987-09-30,1988-06-30,138.0,146.62209
ID60,1987-09-30,1988-09-30,137.0,146.50917
ID60,1988-09-30,1988-12-31,137.0,134.59839
ID60,1988-09-30,1989-03-31,144.0,136.56491
ID60,1988-09-30,1989-06-30,161.0,138.81976
ID60,1988-09-30,1989-09-30,191.0,137.51292
ID61,1983-09-30,1983-12-31,95.0,94.24154
ID61,1983-09-30,1984-03-31,97.0,96.31232
ID61,1983-09-30,1984-06-30,97.0,97.66561
ID61,1983-09-30,1984-09-30,97.0,98.92391
ID61,1984-09-30,1984-12-31,100.0,98.102165
ID61,1984-09-30,1985-03-31,100.0,100.03486
ID61,1984-09-30,1985-06-30,100.0,100.80332
ID61,1984-09-30,1985-09-30,100.0,100.63868
ID61,1985-09-30,1985-12-31,101.0,101.69088
ID61,1985-09-30,1986-03-31,102.0,102.62737
ID61,1985-09-30,1986-06-30,102.0,102.97991
ID61,1985-09-30,1986-09-30,101.0,102.235725
ID61,1986-09-30,1986-12-31,103.0,101.66183
ID61,1986-09-30,1987-03-31,106.0,102.608696
ID61,1986-09-30,1987-06-30,106.0,103.24367
ID61,1986-09-30,1987-09-30,110.0,102.0583
ID61,1987-09-30,1987-12-31,112.0,111.13346
ID61,1987-09-30,1988-03-31,114.0,113.51794
ID61,1987-09-30,1988-06-30,115.0,113.82224
ID61,1987-09-30,1988-09-30,116.0,114.48664
ID61,1988-09-30,1988-12-31,116.0,117.06096
ID61,1988-09-30,1989-03-31,118.0,119.537735
ID61,1988-09-30,1989-06-30,117.0,120.12484
ID61,1988-09-30,1989-09-30,112.0,120.90805
ID62,1983-09-30,1983-12-31,93.0,97.790634
ID62,1983-09-30,1984-03-31,92.0,96.91636
ID62,1983-09-30,1984-06-30,92.0,100.779274
ID62,1983-09-30,1984-09-30,97.0,97.524185
ID62,1984-09-30,1984-12-31,102.0,96.338844
ID62,1984-09-30,1985-03-31,100.0,93.54509
ID62,1984-09-30,1985-06-30,100.0,98.18213
ID62,1984-09-30,1985-09-30,99.0,97.71043
ID62,1985-09-30,1985-12-31,106.0,102.11533
ID62,1985-09-30,1986-03-31,104.0,101.19656
ID62,1985-09-30,1986-06-30,107.0,101.70576
ID62,1985-09-30,1986-09-30,105.0,102.11583
ID62,1986-09-30,1986-12-31,101.0,110.06323
ID62,1986-09-30,1987-03-31,107.0,108.51596
ID62,1986-09-30,1987-06-30,105.0,110.74413
ID62,1986-09-30,1987-09-30,105.0,108.32488
ID62,1987-09-30,1987-12-31,106.0,102.77315
ID62,1987-09-30,1988-03-31,106.0,105.94154
ID62,1987-09-30,1988-06-30,104.0,106.78275
ID62,1987-09-30,1988-09-30,102.0,105.56949
ID62,1988-09-30,1988-12-31,95.0,102.38079
ID62,1988-09-30,1989-03-31,90.0,104.64812
ID62,1988-09-30,1989-06-30,91.0,103.73342
ID62,1988-09-30,1989-09-30,97.0,102.58485
ID63,1982-09-30,1982-12-31,17.2,18.53549
ID63,1982-09-30,1983-03-31,17.3,21.086437
ID63,1982-09-30,1983-06-30,17.4,22.729944
ID63,1982-09-30,1983-09-30,17.2,23.96562
ID63,1983-09-30,1983-12-31,17.4,19.349886
ID63,1983-09-30,1984-03-31,17.1,21.796524
ID63,1983-09-30,1984-06-30,17.7,23.365274
ID63,1983-09-30,1984-09-30,17.7,24.21838
ID63,1984-09-30,1984-12-31,17.7,19.780838
ID63,1984-09-30,1985-03-31,17.8,21.821241
ID63,1984-09-30,1985-06-30,17.5,23.734686
ID63,1984-09-30,1985-09-30,17.6,24.64606
ID63,1985-09-30,1985-12-31,17.4,19.44159
ID63,1985-09-30,1986-03-31,17.4,21.510475
ID63,1985-09-30,1986-06-30,17.8,23.197052
ID63,1985-09-30,1986-09-30,17.4,24.354492
ID63,1986-09-30,1986-12-31,18.2,19.253319
ID63,1986-09-30,1987-03-31,18.3,21.47987
ID63,1986-09-30,1987-06-30,17.7,23.252434
ID63,1986-09-30,1987-09-30,17.5,24.11929
ID64,1982-09-30,1982-12-31,92.0,94.38075
ID64,1982-09-30,1983-03-31,96.0,88.58336
ID64,1982-09-30,1983-06-30,95.0,97.21482
ID64,1982-09-30,1983-09-30,96.0,97.70106
ID64,1983-09-30,1983-12-31,98.0,96.167755
ID64,1983-09-30,1984-03-31,100.0,94.88691
ID64,1983-09-30,1984-06-30,100.0,99.94654
ID64,1983-09-30,1984-09-30,102.0,99.96709
ID64,1984-09-30,1984-12-31,104.0,102.92299
ID64,1984-09-30,1985-03-31,105.0,105.61114
ID64,1984-09-30,1985-06-30,107.0,105.47232
ID64,1984-09-30,1985-09-30,110.0,106.04037
ID64,1985-09-30,1985-12-31,110.0,111.35183
ID64,1985-09-30,1986-03-31,112.0,112.9812
ID64,1985-09-30,1986-06-30,113.0,114.28885
ID64,1985-09-30,1986-09-30,115.0,115.36675
ID64,1986-09-30,1986-12-31,121.0,114.83326
ID64,1986-09-30,1987-03-31,119.0,116.6175
ID64,1986-09-30,1987-06-30,121.0,117.95146
ID64,1986-09-30,1987-09-30,122.0,118.73886
ID64,1987-09-30,1987-12-31,125.0,125.64885
ID64,1987-09-30,1988-03-31,125.0,125.29101
ID64,1987-09-30,1988-06-30,125.0,126.978195
ID64,1987-09-30,1988-09-30,118.0,126.84509
ID7,1983-03-31,1983-06-30,74.95,78.05727
ID7,1983-03-31,1983-09-30,92.65,89.96071
ID7,1983-03-31,1983-12-31,78.07,92.259636
ID7,1983-03-31,1984-03-31,106.18,90.640434
ID7,1984-03-31,1984-06-30,80.16,90.522575
ID7,1984-03-31,1984-09-30,131.16,103.36346
ID7,1984-03-31,1984-12-31,100.98,95.2211
ID7,1984-03-31,1985-03-31,120.75,110.50349
ID7,1985-03-31,1985-06-30,99.94,102.064804
ID7,1985-03-31,1985-09-30,150.94,130.24443
ID7,1985-03-31,1985-12-31,116.59,108.71197
ID7,1985-03-31,1986-03-31,151.99,126.52287
ID7,1986-03-31,1986-06-30,128.04,129.99907
ID7,1986-03-31,1986-09-30,167.6,163.7622
ID7,1986-03-31,1986-12-31,174.89,133.66225
ID7,1986-03-31,1987-03-31,168.64,156.01976
ID7,1987-03-31,1987-06-30,143.66,148.77245
ID7,1987-03-31,1987-09-30,174.89,181.41127
ID7,1987-03-31,1987-12-31,175.93,173.18898
ID7,1987-03-31,1988-03-31,189.46,176.5845
ID7,1988-03-31,1988-06-30,158.23,165.09091
ID7,1988-03-31,1988-09-30,137.41,190.16988
ID7,1988-03-31,1988-12-31,138.45,191.82521
ID7,1988-03-31,1989-03-31,148.86,195.50237
ID71,1981-12-31,1982-03-31,120.0,117.109825
ID71,1981-12-31,1982-06-30,112.0,119.732185
ID71,1981-12-31,1982-09-30,124.0,121.292305
ID71,1981-12-31,1982-12-31,127.0,120.89498
ID71,1982-12-31,1983-03-31,127.0,129.85709
ID71,1982-12-31,1983-06-30,131.0,126.93317
ID71,1982-12-31,1983-09-30,132.0,133.96405
ID71,1982-12-31,1983-12-31,132.0,133.91373
ID71,1983-12-31,1984-03-31,135.0,132.49127
ID71,1983-12-31,1984-06-30,138.0,132.07994
ID71,1983-12-31,1984-09-30,138.0,136.9827
ID71,1983-12-31,1984-12-31,142.0,136.19595
ID71,1984-12-31,1985-03-31,142.0,143.1611
ID71,1984-12-31,1985-06-30,144.0,146.04727
ID71,1984-12-31,1985-09-30,147.0,146.4053
ID71,1984-12-31,1985-12-31,150.0,146.77945
ID71,1985-12-31,1986-03-31,152.0,149.76479
ID71,1985-12-31,1986-06-30,152.0,152.29391
ID71,1985-12-31,1986-09-30,155.0,153.9199
ID71,1985-12-31,1986-12-31,158.0,155.12358
ID71,1986-12-31,1987-03-31,161.0,158.95718
ID71,1986-12-31,1987-06-30,163.0,159.7159
ID71,1986-12-31,1987-09-30,164.0,162.42003
ID71,1986-12-31,1987-12-31,166.0,163.0294
ID77,1978-09-30,1978-12-31,6776.0,6730.917
ID77,1978-09-30,1979-03-31,6740.0,6661.192
ID77,1978-09-30,1979-06-30,7060.0,6779.163
ID77,1978-09-30,1979-09-30,7004.0,6760.294
ID77,1979-09-30,1979-12-31,6924.0,7031.537
ID77,1979-09-30,1980-03-31,7120.0,7003.716
ID77,1979-09-30,1980-06-30,7344.0,7248.936
ID77,1979-09-30,1980-09-30,7740.0,7120.4463
ID77,1980-09-30,1980-12-31,8196.0,7673.9707
ID77,1980-09-30,1981-03-31,8292.0,7744.0786
ID77,1980-09-30,1981-06-30,8456.0,7960.7974
ID77,1980-09-30,1981-09-30,9148.0,8018.2896
ID77,1981-09-30,1981-12-31,8880.0,9238.307
ID77,1981-09-30,1982-03-31,9184.0,9263.395
ID77,1981-09-30,1982-06-30,9764.0,9332.762
ID77,1981-09-30,1982-09-30,10168.0,9618.721
ID77,1982-09-30,1982-12-31,10384.0,9959.473
ID77,1982-09-30,1983-03-31,10672.0,10097.902
ID77,1982-09-30,1983-06-30,10524.0,10415.54
ID77,1982-09-30,1983-09-30,10588.0,10651.156
ID77,1983-09-30,1983-12-31,10624.0,10584.367
ID77,1983-09-30,1984-03-31,10584.0,10774.198
ID77,1983-09-30,1984-06-30,10400.0,10838.722
ID77,1983-09-30,1984-09-30,10060.0,10857.746
ID77,1984-09-30,1984-12-31,10324.0,10070.904
ID77,1984-09-30,1985-03-31,10316.0,10171.297
ID77,1984-09-30,1985-06-30,10368.0,10123.129
ID77,1984-09-30,1985-09-30,10652.0,9941.464
ID77,1985-09-30,1985-12-31,10888.0,10792.667
ID77,1985-09-30,1986-03-31,11016.0,10794.197
ID77,1985-09-30,1986-06-30,11176.0,10817.625
ID77,1985-09-30,1986-09-30,11324.0,10740.732
ID78,1978-09-30,1978-12-31,8332.0,8388.166
ID78,1978-09-30,1979-03-31,8388.0,8358.496
ID78,1978-09-30,1979-06-30,8264.0,8622.243
ID78,1978-09-30,1979-09-30,8336.0,8463.595
ID78,1979-09-30,1979-12-31,8480.0,8418.261
ID78,1979-09-30,1980-03-31,8356.0,8471.043
ID78,1979-09-30,1980-06-30,8408.0,8494.46
ID78,1979-09-30,1980-09-30,8504.0,8467.295
ID78,1980-09-30,1980-12-31,8724.0,8561.338
ID78,1980-09-30,1981-03-31,8608.0,8537.266
ID78,1980-09-30,1981-06-30,8636.0,8554.584
ID78,1980-09-30,1981-09-30,9032.0,8555.908
ID78,1981-09-30,1981-12-31,9216.0,9124.361
ID78,1981-09-30,1982-03-31,9280.0,9034.065
ID78,1981-09-30,1982-06-30,9376.0,9087.473
ID78,1981-09-30,1982-09-30,9572.0,9217.414
ID78,1982-09-30,1982-12-31,9852.0,9665.697
ID78,1982-09-30,1983-03-31,10104.0,9677.965
ID78,1982-09-30,1983-06-30,10336.0,9740.08
ID78,1982-09-30,1983-09-30,10692.0,9849.153
ID78,1983-09-30,1983-12-31,10608.0,10834.895
ID78,1983-09-30,1984-03-31,11020.0,10954.557
ID78,1983-09-30,1984-06-30,10928.0,11078.407
ID78,1983-09-30,1984-09-30,10960.0,11149.473
ID78,1984-09-30,1984-12-31,11248.0,10836.428
ID78,1984-09-30,1985-03-31,11372.0,11129.623
ID78,1984-09-30,1985-06-30,11628.0,11145.209
ID78,1984-09-30,1985-09-30,11920.0,11164.504
ID78,1985-09-30,1985-12-31,11464.0,12049.986
ID78,1985-09-30,1986-03-31,11688.0,12225.696
ID78,1985-09-30,1986-06-30,11696.0,12304.639
ID78,1985-09-30,1986-09-30,12040.0,12304.306
ID79,1978-09-30,1978-12-31,42280.0,40655.54
ID79,1978-09-30,1979-03-31,42116.0,41105.07
ID79,1978-09-30,1979-06-30,43240.0,41722.957
ID79,1978-09-30,1979-09-30,44072.0,41681.94
ID79,1979-09-30,1979-12-31,44656.0,44763.844
ID79,1979-09-30,1980-03-31,45284.0,44878.52
ID79,1979-09-30,1980-06-30,45992.0,45537.676
ID79,1979-09-30,1980-09-30,47980.0,45593.645
ID79,1980-09-30,1980-12-31,49016.0,48157.46
ID79,1980-09-30,1981-03-31,49604.0,48359.71
ID79,1980-09-30,1981-06-30,50812.0,49039.57
ID79,1980-09-30,1981-09-30,51688.0,49628.234
ID79,1981-09-30,1981-12-31,53404.0,52154.67
ID79,1981-09-30,1982-03-31,54416.0,52548.44
ID79,1981-09-30,1982-06-30,56064.0,53275.625
ID79,1981-09-30,1982-09-30,57572.0,53588.105
ID79,1982-09-30,1982-12-31,60192.0,58468.305
ID79,1982-09-30,1983-03-31,61492.0,58915.53
ID79,1982-09-30,1983-06-30,62308.0,60007.906
ID79,1982-09-30,1983-09-30,63320.0,60058.96
ID79,1983-09-30,1983-12-31,64776.0,64540.184
ID79,1983-09-30,1984-03-31,66432.0,65214.383
ID79,1983-09-30,1984-06-30,66536.0,65968.01
ID79,1983-09-30,1984-09-30,67892.0,65885.86
ID79,1984-09-30,1984-12-31,69596.0,68407.09
ID79,1984-09-30,1985-03-31,71652.0,69548.92
ID79,1984-09-30,1985-06-30,73528.0,69757.414
ID79,1984-09-30,1985-09-30,75568.0,69905.78
ID79,1985-09-30,1985-12-31,77616.0,76379.92
ID79,1985-09-30,1986-03-31,78624.0,77750.914
ID79,1985-09-30,1986-06-30,80256.0,78498.87
ID79,1985-09-30,1986-09-30,82500.0,78767.89
ID8,1982-09-30,1982-12-31,3812.0,3322.1714
ID8,1982-09-30,1983-03-31,2945.0,4071.3584
ID8,1982-09-30,1983-06-30,2537.0,3241.497
ID8,1982-09-30,1983-09-30,2904.0,4263.0938
ID8,1983-09-30,1983-12-31,2386.0,2885.6821
ID8,1983-09-30,1984-03-31,3229.0,2615.9282
ID8,1983-09-30,1984-06-30,2091.0,2236.2417
ID8,1983-09-30,1984-09-30,3880.0,3013.2334
ID8,1984-09-30,1984-12-31,2355.0,3708.7915
ID8,1984-09-30,1985-03-31,3923.0,3722.8315
ID8,1984-09-30,1985-06-30,1787.0,3223.7642
ID8,1984-09-30,1985-09-30,4282.0,4132.008
ID80,1978-09-30,1978-12-31,13476.0,13158.209
ID80,1978-09-30,1979-03-31,13868.0,13287.102
ID80,1978-09-30,1979-06-30,14027.0,13470.729
ID80,1978-09-30,1979-09-30,14416.0,13603.814
ID80,1979-09-30,1979-12-31,14710.0,14537.262
ID80,1979-09-30,1980-03-31,15058.0,14788.439
ID80,1979-09-30,1980-06-30,15574.0,14886.1
ID80,1979-09-30,1980-09-30,15930.0,14974.329
ID80,1980-09-30,1980-12-31,16497.0,16062.8125
ID80,1980-09-30,1981-03-31,17050.0,16308.439
ID80,1980-09-30,1981-06-30,17278.0,16566.258
ID80,1980-09-30,1981-09-30,17627.0,16608.904
ID80,1981-09-30,1981-12-31,17696.0,17861.914
ID80,1981-09-30,1982-03-31,17924.0,18164.814
ID80,1981-09-30,1982-06-30,18316.0,18380.625
ID80,1981-09-30,1982-09-30,18421.0,18365.926
ID80,1982-09-30,1982-12-31,19019.0,18401.607
ID80,1982-09-30,1983-03-31,19161.0,18674.795
ID80,1982-09-30,1983-06-30,19646.0,18930.797
ID80,1982-09-30,1983-09-30,20396.0,18872.555
ID80,1983-09-30,1983-12-31,20725.0,20690.336
ID80,1983-09-30,1984-03-31,21324.0,20759.578
ID80,1983-09-30,1984-06-30,21855.0,21097.404
ID80,1983-09-30,1984-09-30,22300.0,21190.768
ID80,1984-09-30,1984-12-31,22864.0,22434.555
ID80,1984-09-30,1985-03-31,23536.0,22725.984
ID80,1984-09-30,1985-06-30,24036.0,23101.21
ID80,1984-09-30,1985-09-30,24435.0,23200.406
ID80,1985-09-30,1985-12-31,25025.0,24676.576
ID80,1985-09-30,1986-03-31,25703.0,25105.213
ID80,1985-09-30,1986-06-30,26199.0,25452.83
ID80,1985-09-30,1986-09-30,26860.0,25404.715
ID81,1978-09-30,1978-12-31,4190.0,4002.2227
ID81,1978-09-30,1979-03-31,4388.0,4056.063
ID81,1978-09-30,1979-06-30,4632.0,4115.202
ID81,1978-09-30,1979-09-30,4734.0,4178.1235
ID81,1979-09-30,1979-12-31,4869.0,4797.877
ID81,1979-09-30,1980-03-31,4927.0,4892.106
ID81,1979-09-30,1980-06-30,4994.0,5001.0303
ID81,1979-09-30,1980-09-30,5172.0,4991.2095
ID81,1980-09-30,1980-12-31,5264.0,5188.84
ID81,1980-09-30,1981-03-31,5281.0,5246.373
ID81,1980-09-30,1981-06-30,5406.0,5325.796
ID81,1980-09-30,1981-09-30,5519.0,5363.3203
ID81,1981-09-30,1981-12-31,5676.0,5558.3164
ID81,1981-09-30,1982-03-31,5764.0,5578.745
ID81,1981-09-30,1982-06-30,5916.0,5657.182
ID81,1981-09-30,1982-09-30,6143.0,5696.248
ID81,1982-09-30,1982-12-31,6365.0,6220.006
ID81,1982-09-30,1983-03-31,6715.0,6248.961
ID81,1982-09-30,1983-06-30,6654.0,6353.62
ID81,1982-09-30,1983-09-30,6443.0,6403.091
ID81,1983-09-30,1983-12-31,6561.0,6552.247
ID81,1983-09-30,1984-03-31,6761.0,6741.4004
ID81,1983-09-30,1984-06-30,7241.0,6751.876
ID81,1983-09-30,1984-09-30,7193.0,6627.325
ID81,1984-09-30,1984-12-31,7398.0,7272.25
ID81,1984-09-30,1985-03-31,7401.0,7462.359
ID81,1984-09-30,1985-06-30,7639.0,7673.68
ID81,1984-09-30,1985-09-30,8199.0,7451.972
ID81,1985-09-30,1985-12-31,8058.0,8213.115
ID81,1985-09-30,1986-03-31,8089.0,8212.2705
ID81,1985-09-30,1986-06-30,8049.0,8434.48
ID81,1985-09-30,1986-09-30,8641.0,8546.545
ID82,1978-09-30,1978-12-31,20658.0,20903.32
ID82,1978-09-30,1979-03-31,21088.0,21138.42
ID82,1978-09-30,1979-06-30,21274.0,21428.217
ID82,1978-09-30,1979-09-30,21566.0,21924.861
ID82,1979-09-30,1979-12-31,22617.0,21315.893
ID82,1979-09-30,1980-03-31,23708.0,21783.816
ID82,1979-09-30,1980-06-30,24896.0,21933.158
ID82,1979-09-30,1980-09-30,26254.0,22248.863
ID82,1980-09-30,1980-12-31,27410.0,26664.559
ID82,1980-09-30,1981-03-31,28347.0,27073.877
ID82,1980-09-30,1981-06-30,29420.0,27560.285
ID82,1980-09-30,1981-09-30,30150.0,27770.887
ID82,1981-09-30,1981-12-31,30565.0,30345.566
ID82,1981-09-30,1982-03-31,31567.0,30872.957
ID82,1981-09-30,1982-06-30,32350.0,31463.82
ID82,1981-09-30,1982-09-30,32959.0,31638.438
ID82,1982-09-30,1982-12-31,34270.0,33036.805
ID82,1982-09-30,1983-03-31,36149.0,33687.668
ID82,1982-09-30,1983-06-30,37711.0,34293.484
ID82,1982-09-30,1983-09-30,38815.0,34285.35
ID82,1983-09-30,1983-12-31,41105.0,39285.04
ID82,1983-09-30,1984-03-31,42034.0,40193.547
ID82,1983-09-30,1984-06-30,44261.0,40945.715
ID82,1983-09-30,1984-09-30,46084.0,40893.742
ID82,1984-09-30,1984-12-31,48548.0,46629.945
ID82,1984-09-30,1985-03-31,50175.0,47134.875
ID82,1984-09-30,1985-06-30,52165.0,48209.805
ID82,1984-09-30,1985-09-30,55212.0,48457.742
ID82,1985-09-30,1985-12-31,55737.0,55694.812
ID82,1985-09-30,1986-03-31,58866.0,56217.17
ID82,1985-09-30,1986-06-30,60869.0,57349.707
ID82,1985-09-30,1986-09-30,64887.0,58225.52
ID83,1978-09-30,1978-12-31,5222.0,5494.889
ID83,1978-09-30,1979-03-31,5357.0,5496.7573
ID83,1978-09-30,1979-06-30,5338.0,5643.2734
ID83,1978-09-30,1979-09-30,5354.0,5664.9287
ID83,1979-09-30,1979-12-31,5305.0,5232.0283
ID83,1979-09-30,1980-03-31,5580.0,5355.204
ID83,1979-09-30,1980-06-30,5756.0,5413.9204
ID83,1979-09-30,1980-09-30,6272.0,5424.8115
ID83,1980-09-30,1980-12-31,6622.0,6195.62
ID83,1980-09-30,1981-03-31,6847.0,6359.866
ID83,1980-09-30,1981-06-30,7162.0,6414.8745
ID83,1980-09-30,1981-09-30,7237.0,6577.2573
ID83,1981-09-30,1981-12-31,7109.0,7323.3486
ID83,1981-09-30,1982-03-31,6872.0,7440.257
ID83,1981-09-30,1982-06-30,6875.0,7570.0454
ID83,1981-09-30,1982-09-30,6761.0,7617.832
ID83,1982-09-30,1982-12-31,6954.0,6648.584
ID83,1982-09-30,1983-03-31,7515.0,6608.8823
ID83,1982-09-30,1983-06-30,7901.0,6757.385
ID83,1982-09-30,1983-09-30,8093.0,6691.4263
ID83,1983-09-30,1983-12-31,8733.0,8261.203
ID83,1983-09-30,1984-03-31,9119.0,8427.572
ID83,1983-09-30,1984-06-30,9589.0,8612.585
ID83,1983-09-30,1984-09-30,10335.0,8526.982
ID83,1984-09-30,1984-12-31,11192.0,10373.249
ID83,1984-09-30,1985-03-31,11470.0,10545.039
ID83,1984-09-30,1985-06-30,11766.0,10738.918
ID83,1984-09-30,1985-09-30,12754.0,10905.126
ID83,1985-09-30,1985-12-31,12620.0,12850.137
ID83,1985-09-30,1986-03-31,13866.0,12927.417
ID83,1985-09-30,1986-06-30,14691.0,13033.497
ID83,1985-09-30,1986-09-30,15203.0,13457.731
ID84,1976-09-30,1976-12-31,136.0,137.32605
ID84,1976-09-30,1977-03-31,151.0,154.82547
ID84,1976-09-30,1977-06-30,153.0,161.30826
ID84,1976-09-30,1977-09-30,146.0,146.18852
ID84,1977-09-30,1977-12-31,140.0,141.85614
ID84,1977-09-30,1978-03-31,161.0,157.11494
ID84,1977-09-30,1978-06-30,170.0,161.09879
ID84,1977-09-30,1978-09-30,161.0,149.66066
ID84,1978-09-30,1978-12-31,157.0,157.40216
ID84,1978-09-30,1979-03-31,179.0,173.13672
ID84,1978-09-30,1979-06-30,190.0,179.4353
ID84,1978-09-30,1979-09-30,179.0,168.38036
ID85,1978-09-30,1978-12-31,91.0,90.24589
ID85,1978-09-30,1979-03-31,94.0,95.232414
ID85,1978-09-30,1979-06-30,85.0,89.842445
ID85,1978-09-30,1979-09-30,97.0,97.98359
ID85,1979-09-30,1979-12-31,97.0,94.95646
ID85,1979-09-30,1980-03-31,104.0,99.23046
ID85,1979-09-30,1980-06-30,94.0,92.37485
ID85,1979-09-30,1980-09-30,106.0,102.39812
ID85,1980-09-30,1980-12-31,105.0,104.534805
ID85,1980-09-30,1981-03-31,104.0,110.4999
ID85,1980-09-30,1981-06-30,92.0,102.12513
ID85,1980-09-30,1981-09-30,102.0,111.9548
ID85,1981-09-30,1981-12-31,103.0,100.00019
ID85,1981-09-30,1982-03-31,108.0,103.20994
ID85,1981-09-30,1982-06-30,99.0,94.57603
ID85,1981-09-30,1982-09-30,113.0,103.82301
ID85,1982-09-30,1982-12-31,114.0,112.84591
ID85,1982-09-30,1983-03-31,123.0,116.57195
ID85,1982-09-30,1983-06-30,111.0,108.10454
ID85,1982-09-30,1983-09-30,124.0,117.8986
ID85,1983-09-30,1983-12-31,126.0,122.267715
ID85,1983-09-30,1984-03-31,135.0,129.63281
ID85,1983-09-30,1984-06-30,116.0,119.78764
ID85,1983-09-30,1984-09-30,134.0,130.52577
ID85,1984-09-30,1984-12-31,133.0,132.36577
ID85,1984-09-30,1985-03-31,142.0,141.54385
ID85,1984-09-30,1985-06-30,125.0,126.77522
ID85,1984-09-30,1985-09-30,143.0,140.15163
ID85,1985-09-30,1985-12-31,144.0,140.22746
ID85,1985-09-30,1986-03-31,155.0,149.88783
ID85,1985-09-30,1986-06-30,131.0,134.46524
ID85,1985-09-30,1986-09-30,134.0,149.23236
ID86,1976-09-30,1976-12-31,131.0,126.58345
ID86,1976-09-30,1977-03-31,146.0,124.71605
ID86,1976-09-30,1977-06-30,132.0,121.92857
ID86,1976-09-30,1977-09-30,141.0,142.82932
ID86,1977-09-30,1977-12-31,135.0,134.51808
ID86,1977-09-30,1978-03-31,134.0,144.47699
ID86,1977-09-30,1978-06-30,115.0,132.29916
ID86,1977-09-30,1978-09-30,131.0,144.99802
ID86,1978-09-30,1978-12-31,113.0,126.064514
ID86,1978-09-30,1979-03-31,116.0,131.98958
ID86,1978-09-30,1979-06-30,112.0,119.93259
ID86,1978-09-30,1979-09-30,119.0,131.52068
ID86,1979-09-30,1979-12-31,118.0,109.740776
ID86,1979-09-30,1980-03-31,124.0,113.615814
ID86,1979-09-30,1980-06-30,112.0,110.08919
ID86,1979-09-30,1980-09-30,123.0,119.610954
ID86,1980-09-30,1980-12-31,109.0,120.30563
ID86,1980-09-30,1981-03-31,149.0,125.14942
ID86,1980-09-30,1981-06-30,186.0,117.81388
ID86,1980-09-30,1981-09-30,245.0,125.46539
ID87,1978-09-30,1978-12-31,26972.0,25796.11
ID87,1978-09-30,1979-03-31,27104.0,26188.701
ID87,1978-09-30,1979-06-30,26868.0,26599.576
ID87,1978-09-30,1979-09-30,27400.0,26486.574
ID87,1979-09-30,1979-12-31,27704.0,27621.494
ID87,1979-09-30,1980-03-31,28256.0,27795.223
ID87,1979-09-30,1980-06-30,28492.0,27846.145
ID87,1979-09-30,1980-09-30,29180.0,27851.938
ID87,1980-09-30,1980-12-31,29772.0,29278.674
ID87,1980-09-30,1981-03-31,29696.0,29658.744
ID87,1980-09-30,1981-06-30,30336.0,29722.21
ID87,1980-09-30,1981-09-30,30680.0,29900.904
ID87,1981-09-30,1981-12-31,31064.0,30954.172
ID87,1981-09-30,1982-03-31,31064.0,31062.332
ID87,1981-09-30,1982-06-30,31756.0,31456.178
ID87,1981-09-30,1982-09-30,32156.0,31476.615
ID87,1982-09-30,1982-12-31,32824.0,32357.541
ID87,1982-09-30,1983-03-31,33256.0,32317.38
ID87,1982-09-30,1983-06-30,33172.0,32949.727
ID87,1982-09-30,1983-09-30,33920.0,32859.28
ID87,1983-09-30,1983-12-31,34128.0,34164.188
ID87,1983-09-30,1984-03-31,34556.0,34354.17
ID87,1983-09-30,1984-06-30,35224.0,34570.95
ID87,1983-09-30,1984-09-30,35108.0,34682.164
ID87,1984-09-30,1984-12-31,35996.0,35201.168
ID87,1984-09-30,1985-03-31,36332.0,35612.67
ID87,1984-09-30,1985-06-30,36648.0,35978.36
ID87,1984-09-30,1985-09-30,37304.0,35769.652
ID87,1985-09-30,1985-12-31,37580.0,37705.39
ID87,1985-09-30,1986-03-31,38428.0,37935.426
ID87,1985-09-30,1986-06-30,38268.0,38353.64
ID87,1985-09-30,1986-09-30,38652.0,38182.516
ID88,1969-09-30,1969-12-31,100.0,98.06412
ID88,1969-09-30,1970-03-31,104.0,102.13693
ID88,1969-09-30,1970-06-30,88.0,89.636925
ID88,1969-09-30,1970-09-30,108.0,104.36907
ID88,1970-09-30,1970-12-31,107.0,105.59914
ID88,1970-09-30,1971-03-31,109.0,110.84806
ID88,1970-09-30,1971-06-30,92.0,97.45801
ID88,1970-09-30,1971-09-30,114.0,113.613075
ID88,1971-09-30,1971-12-31,115.0,111.2579
ID88,1971-09-30,1972-03-31,117.0,115.766685
ID88,1971-09-30,1972-06-30,98.0,102.005264
ID88,1971-09-30,1972-09-30,121.0,119.465675
ID89,1982-09-30,1982-12-31,16.7,18.005014
ID89,1982-09-30,1983-03-31,16.7,20.488953
ID89,1982-09-30,1983-06-30,17.5,20.84581
ID89,1982-09-30,1983-09-30,17.3,22.89713
ID89,1983-09-30,1983-12-31,17.8,19.426342
ID89,1983-09-30,1984-03-31,16.8,21.558865
ID89,1983-09-30,1984-06-30,16.9,22.728586
ID89,1983-09-30,1984-09-30,16.3,24.840174
ID89,1984-09-30,1984-12-31,16.6,18.457663
ID89,1984-09-30,1985-03-31,17.1,20.04425
ID89,1984-09-30,1985-06-30,15.7,22.125414
ID89,1984-09-30,1985-09-30,17.3,22.88792
ID89,1985-09-30,1985-12-31,17.9,19.393988
ID89,1985-09-30,1986-03-31,17.5,21.320105
ID89,1985-09-30,1986-06-30,17.7,22.294327
ID89,1985-09-30,1986-09-30,17.9,23.831223
ID89,1986-09-30,1986-12-31,16.1,20.182198
ID89,1986-09-30,1987-03-31,16.5,22.483995
ID89,1986-09-30,1987-06-30,17.8,23.45461
ID89,1986-09-30,1987-09-30,19.3,25.308681
ID9,1982-09-30,1982-12-31,7937.0,6777.998
ID9,1982-09-30,1983-03-31,7647.0,6893.8135
ID9,1982-09-30,1983-06-30,6993.0,6591.589
ID9,1982-09-30,1983-09-30,8089.0,6718.4263
ID9,1983-09-30,1983-12-31,9279.0,8624.583
ID9,1983-09-30,1984-03-31,9547.0,8536.561
ID9,1983-09-30,1984-06-30,8064.0,7842.147
ID9,1983-09-30,1984-09-30,8188.0,8484.551
ID9,1984-09-30,1984-12-31,8889.0,8806.754
ID9,1984-09-30,1985-03-31,8655.0,8947.559
ID9,1984-09-30,1985-06-30,7161.0,7981.3145
ID9,1984-09-30,1985-09-30,6912.0,8299.404
ID9,1985-09-30,1985-12-31,8059.0,7443.787
ID9,1985-09-30,1986-03-31,8701.0,7833.8584
ID9,1985-09-30,1986-06-30,7245.0,6833.1626
ID9,1985-09-30,1986-09-30,8023.0,6793.125
ID9,1986-09-30,1986-12-31,8890.0,8828.98
ID9,1986-09-30,1987-03-31,10089.0,9178.352
ID9,1986-09-30,1987-06-30,8620.0,7927.2056
ID9,1986-09-30,1987-09-30,9742.0,8202.012
ID9,1987-09-30,1987-12-31,12345.0,10074.021
ID9,1987-09-30,1988-03-31,12031.0,10879.0
ID9,1987-09-30,1988-06-30,10433.0,9499.127
ID9,1987-09-30,1988-09-30,12770.0,10219.4795
ID90,1982-09-30,1982-12-31,13.9,14.660466
ID90,1982-09-30,1983-03-31,11.9,16.243965
ID90,1982-09-30,1983-06-30,13.1,18.13491
ID90,1982-09-30,1983-09-30,13.7,19.234772
ID90,1983-09-30,1983-12-31,14.0,16.691772
ID90,1983-09-30,1984-03-31,15.0,17.288403
ID90,1983-09-30,1984-06-30,14.8,19.388952
ID90,1983-09-30,1984-09-30,15.4,20.821598
ID90,1984-09-30,1984-12-31,15.7,17.569973
ID90,1984-09-30,1985-03-31,15.7,19.411753
ID90,1984-09-30,1985-06-30,16.5,21.170128
ID90,1984-09-30,1985-09-30,14.9,22.911959
ID90,1985-09-30,1985-12-31,15.6,17.154875
ID90,1985-09-30,1986-03-31,15.5,19.915308
ID90,1985-09-30,1986-06-30,15.5,21.792185
ID90,1985-09-30,1986-09-30,16.0,22.273727
ID90,1986-09-30,1986-12-31,15.3,18.338755
ID90,1986-09-30,1987-03-31,15.6,20.245224
ID90,1986-09-30,1987-06-30,15.5,22.214134
ID90,1986-09-30,1987-09-30,16.1,22.921558
ID90,1987-09-30,1987-12-31,16.3,17.58495
ID90,1987-09-30,1988-03-31,16.8,19.945822
ID90,1987-09-30,1988-06-30,18.1,21.560474
ID90,1987-09-30,1988-09-30,17.3,23.175276
ID99,1984-09-30,1984-12-31,71.8,76.851715
ID99,1984-09-30,1985-03-31,70.3,78.44113
ID99,1984-09-30,1985-06-30,71.2,79.87864
ID99,1984-09-30,1985-09-30,74.4,79.328964
ID99,1985-09-30,1985-12-31,76.6,73.81007
ID99,1985-09-30,1986-03-31,78.2,75.27313
ID99,1985-09-30,1986-06-30,77.8,76.40884
ID99,1985-09-30,1986-09-30,77.2,77.950096
ID99,1986-09-30,1986-12-31,78.9,78.788246
ID99,1986-09-30,1987-03-31,79.6,79.6779
ID99,1986-09-30,1987-06-30,80.9,80.26465
ID99,1986-09-30,1987-09-30,76.5,80.574394
ID99,1987-09-30,1987-12-31,73.2,78.13359
ID99,1987-09-30,1988-03-31,71.6,79.43425
ID99,1987-09-30,1988-06-30,68.3,80.68654
ID99,1987-09-30,1988-09-30,67.4,77.81854
ID99,1988-09-30,1988-12-31,66.8,67.4972
ID99,1988-09-30,1989-03-31,64.8,68.0067
ID99,1988-09-30,1989-06-30,64.4,68.70351
ID99,1988-09-30,1989-09-30,67.0,67.3032
ID99,1989-09-30,1989-12-31,69.5,67.678604
ID99,1989-09-30,1990-03-31,67.7,67.18238
ID99,1989-09-30,1990-06-30,66.6,67.29016
ID99,1989-09-30,1990-09-30,62.8,68.23305
